Team,Code,#,POS,Player Name,DOB,estatura,pie,club,liga,caps,goles_seleccion,Valor MKT (euros)
Algeria,ALG,,Defensa central,Achref Abada,15/06/1999,"1,87 m",Derecho,USM Alger,Ligue 1,7,1,"1.000.000,00 €"
Algeria,ALG,,Mediocentro ofensivo,Adil Aouchiche,15/07/2002,"1,81 m",Derecho,FC Schalke 04,2. Bundesliga,1,0,"2.000.000,00 €"
Algeria,ALG,,Extremo izquierdo,Adil Boulbina,02/05/2003,1‚79 m,Derecho,Al-Duhail SC,Qatar Stars League,8,4,"3.200.000,00 €"
Algeria,ALG,,Delantero centro,Amin Chiakha,12/03/2006,"1,91 m",Derecho,Rosenborg BK,Eliteserien,3,0,"3.000.000,00 €"
Algeria,ALG,,Delantero centro,Amine Gouiri,16/02/2000,"1,81 m",Derecho,Marsella,Ligue 1,21,8,"28.000.000,00 €"
Algeria,ALG,,Portero,Anthony Mandréa,25/12/1996,"1,86 m",Derecho,SM Caen,Championnat National,21,0,"400.000,00 €"
Algeria,ALG,,Defensa central,Aïssa Mandi,22/10/1991,"1,86 m",Derecho,Lille,Ligue 1,116,7,"1.000.000,00 €"
Algeria,ALG,,Mediocentro ofensivo,Farès Chaïbi,28/11/2002,"1,83 m",Derecho,Eintracht,Bundesliga,28,3,"15.000.000,00 €"
Algeria,ALG,,Extremo derecho,Farès Ghedjemis,06/09/2002,"1,83 m",Izquierdo,Frosinone,Serie B,1,1,"5.500.000,00 €"
Algeria,ALG,,Mediocentro,Hicham Boudaoui,23/09/1999,"1,75 m",Derecho,Niza,Ligue 1,32,0,"12.000.000,00 €"
Algeria,ALG,,Mediocentro ofensivo,Houssem Aouar,30/06/1998,"1,75 m",Derecho,Al-Ittihad,Saudi Pro League,19,6,"8.000.000,00 €"
Algeria,ALG,,Mediocentro ofensivo,Ibrahim Maza,24/11/2005,"1,80 m",Derecho,Leverkusen,Bundesliga,15,2,"40.000.000,00 €"
Algeria,ALG,,Portero,Kilian Belazzoug,18/07/2006,"1,98 m",Derecho,Rennes B,National 3 - Grp. C,0,0,
Algeria,ALG,,Portero,Luca Zidane,13/05/1998,"1,83 m",Derecho,Granada CF,2ª División,6,0,"1.000.000,00 €"
Algeria,ALG,,Lateral izquierdo,Mehdi Dorval,09/02/2001,"1,76 m",Ambidiestro,Bari,Serie B,4,0,"2.000.000,00 €"
Algeria,ALG,,Portero,Melvin Mastil,19/02/2000,"1,94 m",Derecho,Stade Nyonnais,Challenge League,1,0,"250.000,00 €"
Algeria,ALG,,Delantero centro,Mohamed Amoura,09/05/2000,"1,70 m",Derecho,VfL Wolfsburgo,Bundesliga,44,19,"27.000.000,00 €"
Algeria,ALG,,Delantero centro,Nadhir Benbouali,17/04/2000,"1,90 m",Izquierdo,ETO FC,NB I.,1,1,"900.000,00 €"
Algeria,ALG,,Lateral derecho,Rafik Belghali,07/06/2002,"1,80 m",Derecho,Hellas Verona,Serie A,11,1,"7.000.000,00 €"
Algeria,ALG,,Pivote,Ramiz Zerrouki,26/05/1998,"1,83 m",Derecho,FC Twente,Eredivisie,51,3,"6.000.000,00 €"
Algeria,ALG,,Defensa central,Ramy Bensebaini,16/04/1995,"1,87 m",Izquierdo,Dortmund,Bundesliga,81,7,"7.000.000,00 €"
Algeria,ALG,,Lateral izquierdo,Rayan Aït-Nouri,06/06/2001,"1,80 m",Izquierdo,Man. City,Premier League,27,0,"40.000.000,00 €"
Algeria,ALG,,Extremo derecho,Riyad Mahrez,21/02/1991,"1,79 m",Izquierdo,Al-Ahli,Saudi Pro League,113,38,"7.000.000,00 €"
Algeria,ALG,,Defensa central,Sohaib Naïr,23/4/2002,"1,86 m",Derecho,Guingamp,Ligue 2,0,0,"2.000.000,00 €"
Algeria,ALG,,Mediocentro,Yassine Titraoui,26/07/2003,"1,70 m",,R Charleroi SC,Jupiler Pro League,5,0,"7.000.000,00 €"
Algeria,ALG,,Defensa central,Zineddine Belaid,20/03/1999,"1,87 m",Derecho,JS Kabylie,Ligue 1,9,0,"1.500.000,00 €"
Argentina,ARG,4,Lateral derecho,Agustín Giay,16/01/2004,"1,80 m",Derecho,SE Palmeiras,Série A,1,0,"10.000.000,00 €"
Argentina,ARG,20,Mediocentro,Alexis Mac Allister,24/12/1998,"1,76 m",Derecho,Liverpool,Premier League,44,6,"80.000.000,00 €"
Argentina,ARG,13,Defensa central,Cristian Romero,27/04/1998,"1,85 m",Derecho,Tottenham,Premier League,49,3,"50.000.000,00 €"
Argentina,ARG,23,Portero,Emiliano Martínez,02/09/1992,"1,95 m",Derecho,Aston Villa,Premier League,59,0,"15.000.000,00 €"
Argentina,ARG,24,Mediocentro,Enzo Fernández,17/01/2001,"1,78 m",Derecho,Chelsea,Premier League,40,6,"90.000.000,00 €"
Argentina,ARG,14,Mediocentro,Exequiel Palacios,05/10/1998,"1,78 m",Derecho,Leverkusen,Bundesliga,38,0,"30.000.000,00 €"
Argentina,ARG,22,Extremo derecho,Franco Mastantuono,14/08/2007,"1,78 m",Izquierdo,Real Madrid,LaLiga,4,0,"45.000.000,00 €"
Argentina,ARG,3,Lateral izquierdo,Gabriel Rojas,22/06/1997,"1,73 m",Izquierdo,Racing Club,Torneo Apertura,1,0,"4.000.000,00 €"
Argentina,ARG,12,Portero,Gerónimo Rulli,20/05/1992,"1,89 m",Derecho,Marsella,Ligue 1,7,0,"8.000.000,00 €"
Argentina,ARG,25,Extremo derecho,Gianluca Prestianni,31/01/2006,"1,66 m",Derecho,Benfica,Liga Portugal,1,0,"12.000.000,00 €"
Argentina,ARG,17,Extremo derecho,Giuliano Simeone,18/12/2002,"1,73 m",Derecho,Atlético,LaLiga,11,1,"40.000.000,00 €"
Argentina,ARG,21,Delantero centro,José Manuel López,06/12/2000,"1,90 m",Izquierdo,Palmeiras,Série A,3,0,"22.000.000,00 €"
Argentina,ARG,1,Portero,Juan Musso,06/05/1994,"1,91 m",Derecho,Atlético de Madrid,LaLiga,3,0,"3.000.000,00 €"
Argentina,ARG,9,Delantero centro,Julián Alvarez,31/01/2000,"1,70 m",Derecho,Atlético de Madrid,LaLiga,51,14,"90.000.000,00 €"
Argentina,ARG,5,Pivote,Leandro Paredes,29/06/1994,"1,80 m",Derecho,Boca Juniors,Torneo Apertura,77,5,"5.000.000,00 €"
Argentina,ARG,10,Extremo derecho,Lionel Messi,24/06/1987,"1,70 m",Izquierdo,Inter Miami,MLS,198,116,"15.000.000,00 €"
Argentina,ARG,2,Defensa central,Lucas Martínez Quarta,10/05/1996,"1,83 m",Derecho,River Plate,Torneo Apertura,16,0,"4.500.000,00 €"
Argentina,ARG,8,Lateral izquierdo,Marcos Acuña,28/10/1991,"1,72 m",Izquierdo,River Plate,Torneo Apertura,62,0,"1.200.000,00 €"
Argentina,ARG,6,Defensa central,Marcos Senesi,10/05/1997,"1,84 m",Izquierdo,Bournemouth,Premier League,3,0,"22.000.000,00 €"
Argentina,ARG,16,Pivote,Máximo Perrone,07/01/2003,"1,77 m",Izquierdo,Como 1907,Serie A,2,0,"30.000.000,00 €"
Argentina,ARG,26,Lateral derecho,Nahuel Molina,06/04/1998,"1,75 m",Derecho,Atlético de Madrid,LaLiga,58,1,"15.000.000,00 €"
Argentina,ARG,15,Extremo izquierdo,Nico González,06/04/1998,"1,80 m",Izquierdo,Atlético de Madrid,LaLiga,50,6,"24.000.000,00 €"
Argentina,ARG,18,Mediocentro ofensivo,Nico Paz,08/09/2004,"1,86 m",Izquierdo,Como 1907,Serie A,8,1,"65.000.000,00 €"
Argentina,ARG,19,Defensa central,Nicolás Otamendi,12/02/1988,"1,83 m",Derecho,Benfica,Liga Portugal,130,8,"1.000.000,00 €"
Argentina,ARG,3,Lateral izquierdo,Nicolás Tagliafico,31/08/1992,"1,71 m",Izquierdo,Lyon,Ligue 1,75,1,"5.000.000,00 €"
Argentina,ARG,7,Mediocentro,Rodrigo De Paul,24/05/1994,"1,80 m",Derecho,Inter Miami,MLS,85,2,"15.000.000,00 €"
Argentina,ARG,16,Extremo izquierdo,Thiago Almada,26/04/2001,"1,71 m",Derecho,Atlético de Madrid,LaLiga,14,4,"20.000.000,00 €"
Argentina,ARG,,Defensa central,Tomás Palacios,28/04/2003,"1,96 m",Izquierdo,Estudiantes LP,Torneo Apertura,0,0,"4.500.000,00 €"
Argentina,ARG,25,Mediocentro,Valentín Barco,23/07/2004,"1,70 m",Izquierdo,Estrasburgo,Ligue 1,2,1,"35.000.000,00 €"
Australia,AUS,13,Pivote,Aiden O'Neill,04/07/1998,"1,78 m",Derecho,New York City,MLS,29,0,"3.000.000,00 €"
Australia,AUS,10,Mediocentro,Ajdin Hrustic,5/7/1996,"1,80 m",Izquierdo,Heracles Almelo,Eredivisie,36,4,"700.000,00 €"
Australia,AUS,23,Defensa central,Alessandro Circati,10/10/2003,"1,90 m",Derecho,Parma,Serie A,11,1,"10.000.000,00 €"
Australia,AUS,22,Mediocentro,Alex Robertson,17/04/2003,"1,82 m",Derecho,Cardiff,League One,3,0,"1.300.000,00 €"
Australia,AUS,25,Delantero centro,Ante Suto,19/06/2000,"1,85 m",Izquierdo,Hibernian FC,Premiership,0,0,"700.000,00 €"
Australia,AUS,11,Extremo izquierdo,Awer Mabil,15/09/1995,"1,78 m",Derecho,CD Castellón,2ª División,37,10,"400.000,00 €"
Australia,AUS,16,Lateral izquierdo,Aziz Behich,16/12/1990,"1,70 m",Izquierdo,Melbourne City,A-League Men,82,3,"275.000,00 €"
Australia,AUS,21,Defensa central,Cameron Burgess,21/10/1995,"1,94 m",Izquierdo,Swansea City,Championship,25,0,"1.800.000,00 €"
Australia,AUS,8,Mediocentro,Connor Metcalfe,05/11/1999,"1,83 m",Izquierdo,St. Pauli,Bundesliga,34,1,"2.000.000,00 €"
Australia,AUS,24,Delantero centro,Deni Jurić,03/09/1997,"1,89 m",Derecho,Wisła Płock,Ekstraklasa,2,0,"500.000,00 €"
Australia,AUS,3,Lateral derecho,Jacob Italiano,30/07/2001,"1,77 m",Ambidiestro,Grazer AK 1902,Bundesliga,3,0,"400.000,00 €"
Australia,AUS,19,Lateral derecho,Jason Geria,10/05/1993,"1,83 m",Derecho,Albirex Niigata,J2/J3 Special Season,13,0,"400.000,00 €"
Australia,AUS,5,Lateral izquierdo,Jordan Bos,29/10/2002,"1,80 m",Izquierdo,Feyenoord,Eredivisie,25,4,"8.000.000,00 €"
Australia,AUS,15,Pivote,Kai Trewin,18/05/2001,"1,83 m",Derecho,New York City,MLS,4,0,"1.000.000,00 €"
Australia,AUS,4,Defensa central,Kye Rowles,24/06/1998,"1,85 m",Izquierdo,D.C. United,MLS,29,1,"1.200.000,00 €"
Australia,AUS,26,Defensa central,Lucas Herrington,05/07/2007,"1,93 m",Derecho,Colorado,MLS,2,0,"750.000,00 €"
Australia,AUS,6,Delantero centro,Martin Boyle,25/04/1993,"1,72 m",Derecho,Hibernian FC,Premiership,41,10,"400.000,00 €"
Australia,AUS,1,Portero,Mathew Ryan,08/04/1992,"1,84 m",Derecho,Levante UD,LaLiga,103,0,"2.000.000,00 €"
Australia,AUS,2,Defensa central,Milos Degenek,28/04/1994,"1,87 m",Derecho,APOEL FC,Cyprus League,56,1,"500.000,00 €"
Australia,AUS,7,Extremo derecho,Nestory Irankunda,09/02/2006,"1,75 m",Derecho,Watford,Championship,13,5,"6.000.000,00 €"
Australia,AUS,9,Extremo izquierdo,Nishan Velupillay,07/05/2001,"1,81 m",Derecho,Melbourne,A-League Men,6,3,"550.000,00 €"
Australia,AUS,18,Portero,Patrick Beach,06/08/2003,"1,90 m",Izquierdo,Melbourne City,A-League Men,1,0,"900.000,00 €"
Australia,AUS,17,Mediocentro,Patrick Yazbek,5/4/2002,"1,83 m",Derecho,Nashville,MLS,9,0,"3.500.000,00 €"
Australia,AUS,12,Portero,Paul Izzo,06/01/1995,"1,85 m",Derecho,Randers FC,Superliga,4,0,"600.000,00 €"
Australia,AUS,20,Pivote,Paul Okon-Engstler,24/01/2005,"1,86 m",Izquierdo,Sydney FC,A-League Men,4,0,"800.000,00 €"
Australia,AUS,14,Mediocentro,Riley McGree,02/11/1998,"1,78 m",Izquierdo,Middlesbrough,Championship,35,1,"2.800.000,00 €"
Austria,AUT,,Mediocentro,Alessandro Schöpf,07/02/1994,"1,78 m",Derecho,Wolfsberger AC,Bundesliga,35,6,"900.000,00 €"
Austria,AUT,,Interior izquierdo,Alexander Prass,26/05/2001,"1,82 m",Izquierdo,Hoffenheim,Bundesliga,18,0,"7.000.000,00 €"
Austria,AUT,,Portero,Alexander Schlager,01/02/1996,"1,84 m",Derecho,RB Salzburgo,Bundesliga,25,0,"2.500.000,00 €"
Austria,AUT,,Mediocentro,Carney Chukwuemeka,20/10/2003,"1,88 m",Derecho,Dortmund,Bundesliga,2,1,"20.000.000,00 €"
Austria,AUT,,Mediocentro ofensivo,Christoph Baumgartner,01/08/1999,"1,80 m",Derecho,Leipzig,Bundesliga,58,19,"30.000.000,00 €"
Austria,AUT,,Defensa central,David Affengruber,19/03/2001,"1,85 m",Derecho,Elche CF,LaLiga,1,0,"9.000.000,00 €"
Austria,AUT,,Defensa central,David Alaba,24/06/1992,"1,80 m",Izquierdo,Real Madrid,LaLiga,112,15,"3.500.000,00 €"
Austria,AUT,,Pivote,Florian Grillitsch,07/08/1995,"1,87 m",Derecho,SC Braga,Liga Portugal,59,1,"2.000.000,00 €"
Austria,AUT,,Portero,Florian Wiegele,21/03/2001,"2,05 m",Izquierdo,Viktoria Plzen,Chance Liga,1,0,"1.800.000,00 €"
Austria,AUT,,Defensa central,Kevin Danso,19/09/1998,"1,90 m",Derecho,Tottenham,Premier League,31,0,"20.000.000,00 €"
Austria,AUT,,Lateral derecho,Konrad Laimer,27/05/1997,"1,80 m",Derecho,Bayern,Bundesliga,56,7,"32.000.000,00 €"
Austria,AUT,9,Mediocentro,Marcel Sabitzer,17/03/1994,"1,78 m",Derecho,Dortmund,Bundesliga,97,25,"7.000.000,00 €"
Austria,AUT,,Defensa central,Marco Friedl,16/03/1998,"1,87 m",Izquierdo,Werder Bremen,Bundesliga,10,0,"12.000.000,00 €"
Austria,AUT,,Delantero centro,Marko Arnautovic,19/04/1989,"1,92 m",Ambidiestro,Estrella Roja,Super liga Srbije,132,47,"2.500.000,00 €"
Austria,AUT,,Defensa central,Maximilian Wöber,04/02/1998,"1,88 m",Izquierdo,Werder Bremen,Bundesliga,31,0,"3.000.000,00 €"
Austria,AUT,11,Delantero centro,Michael Gregoritsch,18/04/1994,"1,93 m",Izquierdo,FC Augsburgo,Bundesliga,74,24,"1.500.000,00 €"
Austria,AUT,,Defensa central,Michael Svoboda,15/10/1998,"1,95 m",Derecho,Venezia,Serie B,4,0,"3.000.000,00 €"
Austria,AUT,,Pivote,Nicolas Seiwald,04/05/2001,"1,80 m",Derecho,Leipzig,Bundesliga,46,1,"22.000.000,00 €"
Austria,AUT,,Portero,Patrick Pentz,02/01/1997,"1,83 m",Izquierdo,Brøndby IF,Superliga,18,0,"2.200.000,00 €"
Austria,AUT,,Extremo derecho,Patrick Wimmer,30/05/2001,"1,82 m",Derecho,VfL Wolfsburgo,Bundesliga,30,1,"15.000.000,00 €"
Austria,AUT,,Mediocentro ofensivo,Paul Wanner,23/12/2005,"1,85 m",Izquierdo,PSV,Eredivisie,2,0,"18.000.000,00 €"
Austria,AUT,,Defensa central,Philipp Lienhart,11/07/1996,"1,89 m",Derecho,SC Friburgo,Bundesliga,40,3,"12.000.000,00 €"
Austria,AUT,,Lateral izquierdo,Phillipp Mwene,29/01/1994,"1,70 m",Derecho,Mainz,Bundesliga,29,0,"1.500.000,00 €"
Austria,AUT,18,Mediocentro ofensivo,Romano Schmid,27/01/2000,"1,68 m",Derecho,Werder Bremen,Bundesliga,33,3,"15.000.000,00 €"
Austria,AUT,,Delantero centro,Sasa Kalajdzic,07/07/1997,"2,00 m",Derecho,LASK,Bundesliga,21,4,"2.000.000,00 €"
Austria,AUT,,Defensa central,Stefan Posch,14/05/1997,"1,90 m",Derecho,Mainz,Bundesliga,51,5,"5.500.000,00 €"
Austria,AUT,,Portero,Tobias Lawal,07/06/2000,"1,94 m",Derecho,KRC Genk,Jupiler Pro League,1,0,"2.500.000,00 €"
Austria,AUT,,Mediocentro,Xaver Schlager,28/09/1997,"1,74 m",Izquierdo,Leipzig,Bundesliga,50,4,"10.000.000,00 €"
Bélgica,BEL,22,Interior derecho,Alexis Saelemaekers,27/06/1999,"1,80 m",Derecho,AC Milan,Serie A,23,2,"25.000.000,00 €"
Bélgica,BEL,24,Pivote,Amadou Onana,16/08/2001,"1,95 m",Derecho,Aston Villa,Premier League,27,1,"45.000.000,00 €"
Bélgica,BEL,3,Defensa central,Arthur Theate,25/05/2000,"1,85 m",Izquierdo,Eintracht,Bundesliga,32,1,"20.000.000,00 €"
Bélgica,BEL,6,Pivote,Axel Witsel,12/01/1989,"1,86 m",Derecho,Girona FC,LaLiga,136,12,"1.400.000,00 €"
Bélgica,BEL,4,Defensa central,Brandon Mechele,28/01/1993,"1,90 m",Derecho,Club Brujas,Jupiler Pro League,7,1,"3.000.000,00 €"
Bélgica,BEL,17,Mediocentro ofensivo,Charles De Ketelaere,10/03/2001,"1,92 m",Izquierdo,Atalanta,Serie A,28,5,"35.000.000,00 €"
Bélgica,BEL,14,Extremo derecho,Dodi Lukébakio,24/09/1997,"1,87 m",Izquierdo,Benfica,Liga Portugal,29,5,"20.000.000,00 €"
Bélgica,BEL,18,Lateral izquierdo,Joaquin Seys,28/03/2005,"1,78 m",Izquierdo,Club Brujas,Jupiler Pro League,4,0,"17.000.000,00 €"
Bélgica,BEL,11,Extremo izquierdo,Jérémy Doku,27/05/2002,"1,73 m",Derecho,Man. City,Premier League,41,7,"65.000.000,00 €"
Bélgica,BEL,7,Mediocentro ofensivo,Kevin De Bruyne,28/06/1991,"1,81 m",Derecho,Nápoles,Serie A,117,36,"10.000.000,00 €"
Bélgica,BEL,16,Defensa central,Koni De Winter,12/06/2002,"1,91 m",Derecho,AC Milan,Serie A,7,0,"23.000.000,00 €"
Bélgica,BEL,9,Delantero centro,Loïs Openda,16/02/2000,"1,77 m",Derecho,Juventus,Serie A,33,3,"32.000.000,00 €"
Bélgica,BEL,19,Delantero centro,Lucas Stassin,29/11/2004,"1,83 m",Derecho,St-Étienne,Ligue 2,1,0,"15.000.000,00 €"
Bélgica,BEL,12,Portero,Maarten Vandevoordt,26/02/2002,"1,92 m",Derecho,Leipzig,Bundesliga,0,0,"8.000.000,00 €"
Bélgica,BEL,13,Portero,Matz Sels,26/02/1992,"1,88 m",Derecho,Nott'm Forest,Premier League,13,0,"4.000.000,00 €"
Bélgica,BEL,5,Lateral izquierdo,Maxim De Cuyper,22/12/2000,"1,82 m",Izquierdo,Brighton,Premier League,17,4,"22.000.000,00 €"
Bélgica,BEL,26,Extremo izquierdo,Mika Godts,07/06/2005,"1,76 m",Derecho,Ajax,Eredivisie,2,0,"25.000.000,00 €"
Bélgica,BEL,25,Mediocentro,Nathan De Cat,19/07/2008,"1,92 m",Derecho,RSC Anderlecht,Jupiler Pro League,1,0,"25.000.000,00 €"
Bélgica,BEL,20,Defensa central,Nathan Ngoy,10/06/2003,"1,83 m",Derecho,Lille,Ligue 1,2,0,"20.000.000,00 €"
Bélgica,BEL,23,Pivote,Nicolas Raskin,23/02/2001,"1,78 m",Derecho,Rangers FC,Premiership,11,1,"12.000.000,00 €"
Bélgica,BEL,1,Portero,Senne Lammens,07/07/2002,"1,93 m",Derecho,Manchester Utd.,Premier League,2,0,"30.000.000,00 €"
Bélgica,BEL,15,Lateral derecho,Thomas Meunier,12/09/1991,"1,91 m",Derecho,Lille,Ligue 1,78,10,"1.800.000,00 €"
Bélgica,BEL,21,Lateral derecho,Timothy Castagne,05/12/1995,"1,85 m",Derecho,Fulham,Premier League,62,2,"10.000.000,00 €"
Bélgica,BEL,8,Mediocentro,Youri Tielemans,07/05/1997,"1,77 m",Derecho,Aston Villa,Premier League,83,12,"35.000.000,00 €"
Bélgica,BEL,2,Defensa central,Zeno Debast,24/10/2003,"1,91 m",Derecho,Sporting CP,Liga Portugal,26,1,"30.000.000,00 €"
Brasil,BRA,8,Mediocentro,Andrey Santos,03/05/2004,"1,80 m",Derecho,Chelsea,Premier League,6,0,"45.000.000,00 €"
Brasil,BRA,12,Portero,Bento,10/06/1999,"1,90 m",Derecho,Al-Nassr,Saudi Pro League,7,0,"9.000.000,00 €"
Brasil,BRA,14,Defensa central,Bremer,18/03/1997,"1,88 m",Derecho,Juventus,Serie A,6,1,"35.000.000,00 €"
Brasil,BRA,5,Pivote,Casemiro,23/02/1992,"1,85 m",Derecho,Manchester Utd.,Premier League,84,8,"8.000.000,00 €"
Brasil,BRA,13,Defensa central,Danilo,15/07/1991,"1,84 m",Derecho,Flamengo,Série A,68,1,"2.500.000,00 €"
Brasil,BRA,18,Mediocentro,Danilo,29/04/2001,"1,77 m",Izquierdo,Botafogo,Série A,2,1,"24.000.000,00 €"
Brasil,BRA,6,Lateral izquierdo,Douglas Santos,22/03/1994,"1,76 m",Izquierdo,Zenit,Premier Liga,5,0,"8.000.000,00 €"
Brasil,BRA,23,Portero,Ederson,17/08/1993,"1,88 m",Izquierdo,Fenerbahce,Süper Lig,31,0,"13.000.000,00 €"
Brasil,BRA,19,Delantero centro,Endrick,21/07/2006,"1,73 m",Izquierdo,Lyon,Ligue 1,15,3,"35.000.000,00 €"
Brasil,BRA,17,Pivote,Fabinho,23/10/1993,"1,88 m",Derecho,Al-Ittihad,Saudi Pro League,31,0,"13.000.000,00 €"
Brasil,BRA,22,Extremo izquierdo,Gabriel Martinelli,18/06/2001,"1,78 m",Derecho,Arsenal,Premier League,22,4,"45.000.000,00 €"
Brasil,BRA,25,Mediocentro,Gabriel Sara,26/06/1999,"1,77 m",Izquierdo,Galatasaray,Süper Lig,1,0,"22.000.000,00 €"
Brasil,BRA,1,Portero,Hugo Souza,31/01/1999,"1,99 m",Derecho,Corinthians,Série A,1,0,"11.000.000,00 €"
Brasil,BRA,21,Delantero centro,Igor Thiago,26/06/2001,"1,91 m",Derecho,Brentford,Premier League,2,1,"50.000.000,00 €"
Brasil,BRA,9,Delantero centro,João Pedro,26/09/2001,"1,82 m",Derecho,Chelsea,Premier League,8,0,"75.000.000,00 €"
Brasil,BRA,16,Lateral izquierdo,Kaiki,08/03/2003,"1,72 m",Izquierdo,Cruzeiro,Série A,1,0,"12.000.000,00 €"
Brasil,BRA,20,Extremo derecho,Luiz Henrique,02/01/2001,"1,82 m",Izquierdo,Zenit,Premier Liga,13,2,"24.000.000,00 €"
Brasil,BRA,15,Defensa central,Léo Pereira,31/01/1996,"1,89 m",Izquierdo,Flamengo,Série A,2,0,"10.000.000,00 €"
Brasil,BRA,,Defensa central,Marquinhos,14/05/1994,"1,83 m",Derecho,PSG,Ligue 1,104,7,"30.000.000,00 €"
Brasil,BRA,7,Delantero centro,Matheus Cunha,27/05/1999,"1,83 m",Derecho,Manchester Utd.,Premier League,21,1,"70.000.000,00 €"
Brasil,BRA,26,Extremo derecho,Rayan,03/08/2006,"1,85 m",Izquierdo,Bournemouth,Premier League,1,0,"40.000.000,00 €"
Brasil,BRA,24,Defensa central,Roger Ibañez,23/11/1998,"1,85 m",Derecho,Al-Ahli,Saudi Pro League,5,0,"17.000.000,00 €"
Brasil,BRA,10,Extremo izquierdo,Vinicius Junior,12/07/2000,"1,76 m",Derecho,Real Madrid,LaLiga,47,8,"150.000.000,00 €"
Brasil,BRA,,Defensa central,Vitor Reis,12/01/2006,"1,86 m",Derecho,Girona FC,LaLiga,0,0,"30.000.000,00 €"
Canada,CAN,,Interior izquierdo,Ali Ahmed,10/10/2000,"1,80 m",Derecho,Norwich,Championship,24,1,"4.000.000,00 €"
Canada,CAN,,Delantero centro,Aribim Pepple,25/12/2002,"1,85 m",Derecho,Plymouth Argyle,League One,0,0,"175.000,00 €"
Canada,CAN,,Delantero centro,Cyle Larin,17/04/1995,"1,88 m",Derecho,Southampton,Championship,88,30,"3.500.000,00 €"
Canada,CAN,,Delantero centro,Daniel Jebbison,13/08/2003,"1,90 m",Derecho,Preston NE,Championship,7,0,"6.000.000,00 €"
Canada,CAN,,Portero,Dayne St. Clair,09/05/1997,"1,91 m",Izquierdo,Inter Miami,MLS,19,0,"3.500.000,00 €"
Canada,CAN,,Defensa central,Derek Cornelius,25/11/1997,"1,87 m",Izquierdo,Rangers FC,Premiership,42,1,"3.000.000,00 €"
Canada,CAN,,Mediocentro,Ismaël Koné,16/06/2002,"1,88 m",Derecho,Sassuolo,Serie A,38,4,"20.000.000,00 €"
Canada,CAN,,Delantero centro,Jacen Russell-Rowe,13/09/2002,"1,83 m",Derecho,Toulouse,Ligue 1,9,1,"3.500.000,00 €"
Canada,CAN,,Lateral derecho,Jahkeele Marshall-Rutty,16/06/2004,"1,70 m",,New York,MLS,2,0,"1.500.000,00 €"
Canada,CAN,,Defensa central,Joel Waterman,24/01/1996,"1,88 m",Derecho,Chicago,MLS,17,0,"2.500.000,00 €"
Canada,CAN,,Delantero centro,Jonathan David,14/01/2000,"1,78 m",Ambidiestro,Juventus,Serie A,75,39,"35.000.000,00 €"
Canada,CAN,,Mediocentro,Jonathan Osorio,12/6/1992,"1,75 m",Ambidiestro,Toronto,MLS,90,9,"1.200.000,00 €"
Canada,CAN,,Extremo izquierdo,Junior Hoilett,5/6/1990,"1,74 m",Derecho,Swindon Town,League Two,69,17,"50.000,00 €"
Canada,CAN,,Defensa central,Kamal Miller,16/05/1997,"1,83 m",Izquierdo,Portland,MLS,53,0,"2.500.000,00 €"
Canada,CAN,,Extremo izquierdo,Liam Millar,27/09/1999,"1,81 m",Derecho,Hull City,Championship,39,1,"2.800.000,00 €"
Canada,CAN,,Defensa central,Luc De Fougerolles,12/10/2005,"1,83 m",Derecho,FCV Dender EH,Jupiler Pro League,11,0,"1.000.000,00 €"
Canada,CAN,,Extremo izquierdo,Marcelo Flores,01/10/2003,"1,64 m",Derecho,Tigres UANL,Liga MX Apertura,2,0,"4.000.000,00 €"
Canada,CAN,,Mediocentro,Mathieu Choinière,07/02/1999,"1,75 m",Derecho,Los Ángeles FC,MLS,23,0,"800.000,00 €"
Canada,CAN,,Portero,Maxime Crépeau,11/05/1994,"1,80 m",Derecho,Orlando,MLS,30,0,"2.500.000,00 €"
Canada,CAN,,Mediocentro,Nathan-Dylan Saliba,07/02/2004,"1,80 m",Derecho,RSC Anderlecht,Jupiler Pro League,13,2,"6.000.000,00 €"
Canada,CAN,,Pivote,Niko Sigur,09/09/2003,"1,80 m",Derecho,Hajduk Split,SuperSport HNL,17,2,"4.000.000,00 €"
Canada,CAN,,Portero,Owen Goodman,27/11/2003,"1,93 m",Izquierdo,Barnsley FC,League One,0,0,"550.000,00 €"
Canada,CAN,,Pivote,Ralph Priso,02/08/2002,"1,75 m",Izquierdo,Vancouver,MLS,3,0,"800.000,00 €"
Canada,CAN,,Lateral derecho,Richie Laryea,07/01/1995,"1,75 m",Derecho,Toronto,MLS,74,1,"1.000.000,00 €"
Canada,CAN,,Extremo derecho,Tajon Buchanan,08/02/1999,"1,83 m",Derecho,Villarreal,LaLiga,58,8,"12.000.000,00 €"
Canada,CAN,,Delantero centro,Tani Oluwaseyi,15/5/2000,"1,87 m",Izquierdo,Villarreal,LaLiga,22,2,"8.000.000,00 €"
Cabo Verde,CPV,,Extremo izquierdo,Alessio Da Cruz,18/01/1997,"1,86 m",Derecho,Anorthosis,Cyprus League,5,0,"450.000,00 €"
Cabo Verde,CPV,,Mediocentro ofensivo,Ayoni Santos,18/07/2005,,Derecho,Sparta R.,Eredivisie,1,0,"1.300.000,00 €"
Cabo Verde,CPV,,Pivote,Aílson Tavares,20/07/1998,"1,88 m",Derecho,B. Jerusalem,Ligat ha'Al,4,0,"700.000,00 €"
Cabo Verde,CPV,9,Delantero centro,Benchimol,29/12/2001,"1,87 m",Derecho,Akron Togliatti,Premier Liga,20,5,"900.000,00 €"
Cabo Verde,CPV,,Portero,Bruno Varela,04/11/1994,"1,91 m",Derecho,Al-Hazem,Saudi Pro League,8,0,"2.000.000,00 €"
Cabo Verde,CPV,,Portero,CJ dos Santos,24/08/2000,"1,94 m",Derecho,San Diego,MLS,0,0,"1.500.000,00 €"
Cabo Verde,CPV,,Delantero centro,Dailon Livramento,04/05/2001,"1,85 m",Derecho,Casa Pia,Liga Portugal,19,5,"800.000,00 €"
Cabo Verde,CPV,,Defensa central,David Moreira,18/04/2004,"1,71 m",Izquierdo,Sporting B,Liga Portugal 2,3,0,"800.000,00 €"
Cabo Verde,CPV,,Mediocentro,Deroy Duarte,04/07/1999,"1,77 m",Derecho,Ludogorets,efbet Liga,30,0,"1.800.000,00 €"
Cabo Verde,CPV,,Defensa central,Diney Borges,17/01/1995,"1,85 m",Derecho,Al-Bataeh CSC,UAE Pro League,30,2,"1.000.000,00 €"
Cabo Verde,CPV,,Extremo izquierdo,Fabio Domingos,05/10/2007,"1,77 m",Derecho,Paris SG U23,,1,0,
Cabo Verde,CPV,,Extremo derecho,Garry Rodrigues,27/11/1990,"1,73 m",Derecho,Apol. Limassol,Cyprus League,60,9,"325.000,00 €"
Cabo Verde,CPV,,Extremo izquierdo,Heri Tavares,19/02/1997,"1,81 m",Izquierdo,Maccabi Netanya,Ligat ha'Al,5,0,"750.000,00 €"
Cabo Verde,CPV,,Extremo izquierdo,Hélio Varela,03/05/2002,"1,76 m",Derecho,M. Tel Aviv,Ligat ha'Al,19,0,"1.200.000,00 €"
Cabo Verde,CPV,,Delantero centro,Ieltsin Camões,16/04/1999,"1,88 m",Derecho,Al Ahly,Premier League,1,0,"1.200.000,00 €"
Cabo Verde,CPV,,Mediocentro,Jamiro Monteiro,23/11/1993,"1,75 m",Derecho,PEC Zwolle,Eredivisie,52,5,"750.000,00 €"
Cabo Verde,CPV,,Pivote,Jordan Mendes,07/03/2004,"1,80 m",Derecho,Rodez AF,Ligue 2,1,0,"1.500.000,00 €"
Cabo Verde,CPV,,Defensa central,Jorginho Soares,18/07/1999,"1,94 m",Derecho,Montana,efbet Liga,1,0,"125.000,00 €"
Cabo Verde,CPV,7,Extremo izquierdo,Jovane Cabral,14/06/1998,"1,74 m",Derecho,Estrela Amadora,Liga Portugal,25,3,"800.000,00 €"
Cabo Verde,CPV,,Pivote,João Paulo,26/05/1998,"1,80 m",Izquierdo,FCSB,SuperLiga,39,1,"700.000,00 €"
Cabo Verde,CPV,,Lateral derecho,Jójó,19/05/2001,"1,88 m",Derecho,Vizela,Liga Portugal 2,5,0,"400.000,00 €"
Cabo Verde,CPV,,Defensa central,Kelvin Pires,05/06/2000,"1,93 m",Derecho,SJK Seinäjoki,Veikkausliiga,4,1,"300.000,00 €"
Cabo Verde,CPV,,Pivote,Kevin Lenini,27/01/1997,"1,81 m",Ambidiestro,Krasnodar,Premier Liga,30,2,"4.500.000,00 €"
Cabo Verde,CPV,,Pivote,Laros Duarte,28/02/1997,"1,80 m",Derecho,Puskás AFC,NB I.,17,0,"1.000.000,00 €"
Cabo Verde,CPV,,Portero,Márcio Rosa,23/02/1997,"1,87 m",Derecho,Montana,efbet Liga,9,0,"300.000,00 €"
Cabo Verde,CPV,,Delantero centro,Nuno Da Costa,10/02/1991,"1,84 m",Derecho,Basaksehir,Süper Lig,7,1,"500.000,00 €"
Cabo Verde,CPV,,Defensa central,Ricardo Santos,18/06/1995,"1,98 m",Derecho,Swansea City,Championship,1,0,"500.000,00 €"
Cabo Verde,CPV,4,Defensa central,Roberto Lopes,17/06/1992,"1,86 m",Derecho,Shamrock Rovers,Premier Division,44,0,"250.000,00 €"
Cabo Verde,CPV,,Extremo izquierdo,Ryan Mendes,08/01/1990,"1,78 m",Derecho,Igdir FK,1.Lig,94,22,"200.000,00 €"
Cabo Verde,CPV,,Lateral derecho,Sidny Lopes Cabral,18/09/2002,"1,76 m",Ambidiestro,Benfica,Liga Portugal,8,2,"5.000.000,00 €"
Cabo Verde,CPV,22,Lateral derecho,Steven Moreira,13/08/1994,"1,80 m",Derecho,Columbus,MLS,18,0,"1.500.000,00 €"
Cabo Verde,CPV,,Defensa central,Stopira,20/05/1988,"1,80 m",Izquierdo,Torreense,Liga Portugal 2,58,3,"50.000,00 €"
Cabo Verde,CPV,,Extremo derecho,Telmo Arcanjo,21/06/2001,"1,80 m",Izquierdo,Vit. Guimarães,Liga Portugal,14,1,"3.000.000,00 €"
Cabo Verde,CPV,,Portero,Vozinha,03/06/1986,"1,89 m",Derecho,Chaves,Liga Portugal 2,87,0,"50.000,00 €"
Cabo Verde,CPV,,Lateral derecho,Wagner Pina,03/11/2002,"1,80 m",Derecho,Trabzonspor,Süper Lig,12,0,"8.000.000,00 €"
Cabo Verde,CPV,,Extremo izquierdo,Willy Semedo,27/04/1994,"1,85 m",Derecho,Omonia Nicosia,Cyprus League,35,2,"1.000.000,00 €"
Colombia,COL,26,Extremo izquierdo,Andrés Gómez,12/09/2002,"1,71 m",Derecho,Vasco da Gama,Série A,6,2,"8.000.000,00 €"
Colombia,COL,12,Portero,Camilo Vargas,09/03/1989,"1,83 m",Izquierdo,Atlas,Liga MX Apertura,40,0,"500.000,00 €"
Colombia,COL,2,Lateral derecho,Daniel Muñoz,26/05/1996,"1,81 m",Derecho,Crystal Palace,Premier League,44,3,"27.000.000,00 €"
Colombia,COL,1,Portero,David Ospina,31/08/1988,"1,83 m",Derecho,Atl. Nacional,Liga DIMAYOR I,130,0,"200.000,00 €"
Colombia,COL,23,Defensa central,Davinson Sánchez,12/06/1996,"1,87 m",Derecho,Galatasaray,Süper Lig,77,3,"18.000.000,00 €"
Colombia,COL,22,Lateral izquierdo,Deiver Machado,02/09/1993,"1,80 m",Izquierdo,FC Nantes,Ligue 1,14,0,"2.000.000,00 €"
Colombia,COL,14,Mediocentro,Gustavo Puerta,23/07/2003,"1,73 m",Derecho,Racing,2ª División,4,1,"5.000.000,00 €"
Colombia,COL,10,Mediocentro ofensivo,James Rodríguez,12/7/1991,"1,80 m",Izquierdo,Minnesota,MLS,124,31,"2.000.000,00 €"
Colombia,COL,16,Pivote,Jefferson Lerma,25/10/1994,"1,79 m",Derecho,Crystal Palace,Premier League,64,5,"8.000.000,00 €"
Colombia,COL,11,Extremo derecho,Jhon Arias,21/09/1997,"1,68 m",Derecho,Palmeiras,Série A,36,4,"15.000.000,00 €"
Colombia,COL,9,Delantero centro,Jhon Córdoba,11/05/1993,"1,88 m",Derecho,Krasnodar,Premier Liga,21,6,"10.000.000,00 €"
Colombia,COL,3,Defensa central,Jhon Lucumí,26/06/1998,"1,87 m",Izquierdo,Bolonia,Serie A,35,1,"25.000.000,00 €"
Colombia,COL,18,Extremo izquierdo,Johan Carbonero,20/07/1999,"1,70 m",Derecho,Internacional,Série A,2,2,"4.000.000,00 €"
Colombia,COL,17,Lateral izquierdo,Johan Mojica,21/08/1992,"1,85 m",Izquierdo,RCD Mallorca,LaLiga,43,1,"1.800.000,00 €"
Colombia,COL,8,Mediocentro ofensivo,Jorge Carrascal,25/05/1998,"1,80 m",Derecho,Flamengo,Série A,22,2,"11.000.000,00 €"
Colombia,COL,13,Lateral izquierdo,Juan Cabal,08/01/2001,"1,86 m",Izquierdo,Juventus,Serie A,3,0,"9.000.000,00 €"
Colombia,COL,20,Mediocentro ofensivo,Juan Fernando Quintero,18/01/1993,"1,68 m",Izquierdo,River Plate,Torneo Apertura,47,6,"2.000.000,00 €"
Colombia,COL,21,Extremo izquierdo,Jáminton Campaz,24/05/2000,"1,65 m",Izquierdo,Rosario Central,Torneo Apertura,9,1,"5.500.000,00 €"
Colombia,COL,5,Pivote,Kevin Castaño,29/09/2000,"1,77 m",Derecho,River Plate,Torneo Apertura,24,0,"6.500.000,00 €"
Colombia,COL,7,Extremo izquierdo,Luis Díaz,13/01/1997,"1,80 m",Derecho,Bayern,Bundesliga,72,21,"70.000.000,00 €"
Colombia,COL,24,Delantero centro,Luis Suárez,02/12/1997,"1,81 m",Derecho,Sporting CP,Liga Portugal,10,4,"28.000.000,00 €"
Colombia,COL,19,Delantero centro,Rafael Borré,15/09/1995,"1,74 m",Derecho,Internacional,Série A,44,6,"4.000.000,00 €"
Colombia,COL,6,Pivote,Richard Ríos,02/06/2000,"1,87 m",Derecho,Benfica,Liga Portugal,30,2,"22.000.000,00 €"
Colombia,COL,4,Lateral derecho,Santiago Arias,13/01/1992,"1,78 m",Derecho,Independiente,Torneo Apertura,66,0,"1.500.000,00 €"
Colombia,COL,15,Defensa central,Yerson Mosquera,02/05/2001,"1,88 m",Derecho,Wolverhampton,Premier League,4,1,"12.000.000,00 €"
Colombia,COL,25,Portero,Álvaro Montero,29/03/1995,"1,99 m",Derecho,Vélez Sarsfield,Torneo Apertura,11,0,"2.500.000,00 €"
Croacia,CRO,9,Mediocentro ofensivo,Andrej Kramaric,19/06/1991,"1,77 m",Derecho,Hoffenheim,Bundesliga,114,36,"3.000.000,00 €"
Croacia,CRO,11,Delantero centro,Ante Budimir,22/07/1991,"1,90 m",Izquierdo,CA Osasuna,LaLiga,36,6,"3.000.000,00 €"
Croacia,CRO,1,Portero,Dominik Livakovic,09/01/1995,"1,88 m",Derecho,Dinamo Zagreb,SuperSport HNL,73,0,"4.000.000,00 €"
Croacia,CRO,5,Defensa central,Duje Caleta-Car,17/09/1996,"1,93 m",Derecho,Real Sociedad,LaLiga,38,1,"3.000.000,00 €"
Croacia,CRO,20,Delantero centro,Igor Matanovic,31/03/2003,"1,94 m",Derecho,SC Friburgo,Bundesliga,8,2,"10.000.000,00 €"
Croacia,CRO,14,Extremo izquierdo,Ivan Perišić,02/02/1989,"1,86 m",Ambidiestro,PSV,Eredivisie,152,38,"1.300.000,00 €"
Croacia,CRO,4,Lateral derecho,Ivan Smolcic,17/08/2000,"1,81 m",Derecho,Como,Serie A,2,0,"2.500.000,00 €"
Croacia,CRO,12,Portero,Ivor Pandur,25/03/2000,"1,87 m",Derecho,Hull City,Championship,0,0,"3.500.000,00 €"
Croacia,CRO,2,Lateral derecho,Josip Stanisic,02/04/2000,"1,87 m",Ambidiestro,Bayern,Bundesliga,29,0,"35.000.000,00 €"
Croacia,CRO,6,Defensa central,Josip Sutalo,28/02/2000,"1,90 m",Derecho,Ajax,Eredivisie,31,0,"15.000.000,00 €"
Croacia,CRO,23,Portero,Karlo Letica,11/02/1997,"2,01 m",Derecho,Lausanne-Sport,Super League,0,0,"1.500.000,00 €"
Croacia,CRO,18,Pivote,Kristijan Jakic,14/05/1997,"1,84 m",Derecho,FC Augsburgo,Bundesliga,16,2,"6.000.000,00 €"
Croacia,CRO,7,Mediocentro ofensivo,Lovro Majer,17/01/1998,"1,78 m",Izquierdo,VfL Wolfsburgo,Bundesliga,38,9,"10.000.000,00 €"
Croacia,CRO,10,Mediocentro,Luka Modrić,09/09/1985,"1,72 m",Derecho,AC Milan,Serie A,196,28,"4.000.000,00 €"
Croacia,CRO,21,Mediocentro,Luka Sucic,08/09/2002,"1,85 m",Izquierdo,Real Sociedad,LaLiga,19,1,"10.000.000,00 €"
Croacia,CRO,22,Defensa central,Luka Vuskovic,24/02/2007,"1,93 m",Derecho,Hamburgo,Bundesliga,4,1,"60.000.000,00 €"
Croacia,CRO,24,Extremo derecho,Marco Pašalić,14/09/2000,"1,77 m",Izquierdo,Orlando,MLS,13,1,"6.500.000,00 €"
Croacia,CRO,3,Defensa central,Marin Pongracic,11/09/1997,"1,93 m",Derecho,Fiorentina,Serie A,18,0,"7.500.000,00 €"
Croacia,CRO,15,Mediocentro,Mario Pašalić,09/02/1995,"1,88 m",Derecho,Atalanta,Serie A,83,11,"7.000.000,00 €"
Croacia,CRO,16,Mediocentro ofensivo,Martin Baturina,16/02/2003,"1,72 m",Derecho,Como,Serie A,17,1,"24.000.000,00 €"
Croacia,CRO,25,Defensa central,Martin Erlić,24/01/1998,"1,93 m",Derecho,Midtjylland,Superliga,12,1,"4.000.000,00 €"
Croacia,CRO,8,Pivote,Nikola Moro,12/03/1998,"1,84 m",Derecho,Bolonia,Serie A,9,0,"6.500.000,00 €"
Croacia,CRO,13,Mediocentro ofensivo,Nikola Vlašić,04/10/1997,"1,79 m",Derecho,Torino,Serie A,61,10,"9.000.000,00 €"
Croacia,CRO,26,Delantero centro,Petar Musa,04/03/1998,"1,88 m",Derecho,Dallas,MLS,10,1,"7.000.000,00 €"
Croacia,CRO,17,Mediocentro,Petar Sučić,25/10/2003,"1,83 m",Derecho,Inter,Serie A,15,1,"30.000.000,00 €"
Croacia,CRO,19,Mediocentro ofensivo,Toni Fruk,09/03/2001,"1,78 m",Izquierdo,HNK Rijeka,SuperSport HNL,7,1,"9.000.000,00 €"
Curazao,CUW,15,Extremo derecho,Ar'jany Martha,04/09/2003,"1,80 m",Izquierdo,Rotherham,League One,7,2,"750.000,00 €"
Curazao,CUW,,Defensa central,Armando Obispo,05/03/1999,"1,85 m",Izquierdo,PSV,Eredivisie,4,0,"4.000.000,00 €"
Curazao,CUW,17,Extremo derecho,Brandley Kuwas,19/09/1992,"1,81 m",Izquierdo,FC Volendam,Eredivisie,33,2,"300.000,00 €"
Curazao,CUW,,Defensa central,Deveron Fonville,16/05/2003,"1,88 m",Izquierdo,NEC Nijmegen,Eredivisie,0,0,"1.000.000,00 €"
Curazao,CUW,1,Portero,Eloy Room,06/02/1989,"1,90 m",Derecho,Miami FC,USLC,67,0,"200.000,00 €"
Curazao,CUW,19,Delantero centro,Gervane Kastaneer,09/06/1996,"1,89 m",Derecho,Terengganu FC,Super League,27,9,"175.000,00 €"
Curazao,CUW,6,Pivote,Godfried Roemeratoe,19/08/1999,"1,78 m",Derecho,RKC Waalwijk,Keuken Kampioen Divisie,26,1,"400.000,00 €"
Curazao,CUW,16,Extremo izquierdo,Jearl Margaritha,10/04/2000,"1,81 m",Derecho,SK Beveren,Challenger Pro League,21,5,"600.000,00 €"
Curazao,CUW,11,Extremo izquierdo,Jeremy Antonisse,29/03/2002,"1,84 m",Derecho,Kifisia,Super League 1,24,3,"800.000,00 €"
Curazao,CUW,20,Lateral derecho,Joshua Brenet,20/03/1994,"1,81 m",Derecho,Kayserispor,Süper Lig,16,1,"1.200.000,00 €"
Curazao,CUW,7,Mediocentro,Juninho Bacuna,07/08/1997,"1,78 m",Derecho,FC Volendam,Eredivisie,47,13,"2.200.000,00 €"
Curazao,CUW,3,Defensa central,Juriën Gaari,23/12/1993,"1,83 m",Derecho,Abha,Saudi First Division League,57,1,"400.000,00 €"
Curazao,CUW,9,Delantero centro,Jürgen Locadia,07/11/1993,"1,93 m",Derecho,Miami FC,USLC,12,1,"200.000,00 €"
Curazao,CUW,14,Extremo izquierdo,Kenji Gorré,29/09/1994,"1,74 m",Derecho,Maccabi Haifa,Ligat ha'Al,36,6,"650.000,00 €"
Curazao,CUW,21,Pivote,Kevin Felida,11/11/1999,"1,74 m",Derecho,FC Den Bosch,Keuken Kampioen Divisie,19,1,"350.000,00 €"
Curazao,CUW,10,Mediocentro,Leandro Bacuna,21/08/1991,"1,80 m",Derecho,Igdir FK,1.Lig,68,16,"250.000,00 €"
Curazao,CUW,8,Lateral derecho,Livano Comenencia,03/02/2004,"1,87 m",Derecho,FC Zúrich,Super League,17,1,"700.000,00 €"
Curazao,CUW,24,Defensa central,Riechedly Bazoer,12/10/1996,"1,84 m",Derecho,Konyaspor,Süper Lig,3,0,"2.200.000,00 €"
Curazao,CUW,4,Defensa central,Roshon van Eijma,09/06/1998,"1,86 m",Derecho,RKC Waalwijk,Keuken Kampioen Divisie,26,1,"375.000,00 €"
Curazao,CUW,5,Lateral izquierdo,Sherel Floranus,23/08/1998,"1,81 m",Derecho,PEC Zwolle,Eredivisie,25,0,"800.000,00 €"
Curazao,CUW,,Lateral derecho,Shurandy Sambo,19/08/2001,"1,74 m",Derecho,Sparta R.,Eredivisie,7,0,"1.500.000,00 €"
Curazao,CUW,,Extremo derecho,Sontje Hansen,18/05/2002,"1,76 m",Derecho,Middlesbrough,Championship,5,1,"4.000.000,00 €"
Curazao,CUW,14,Mediocentro ofensivo,Tahith Chong,04/12/1999,"1,85 m",Izquierdo,Sheff Utd,Championship,4,2,"4.500.000,00 €"
Curazao,CUW,23,Portero,Trevor Doornbusch,06/07/1999,"1,88 m",Derecho,VVV-Venlo,Keuken Kampioen Divisie,7,0,"50.000,00 €"
Curazao,CUW,17,Interior derecho,Tyrese Noslin,11/09/2002,"1,82 m",Derecho,Telstar,Eredivisie,5,1,"750.000,00 €"
Curazao,CUW,22,Portero,Tyrick Bodak,15/05/2002,"1,90 m",Derecho,Telstar,Eredivisie,4,0,"25.000,00 €"
Ecuador,ECU,21,Mediocentro,Alan Franco,21/08/1998,"1,76 m",Derecho,Atl. Mineiro,Série A,57,1,"4.500.000,00 €"
Ecuador,ECU,14,Extremo derecho,Alan Minda,14/5/2003,"1,71 m",Derecho,Atl. Mineiro,Série A,19,2,"3.000.000,00 €"
Ecuador,ECU,17,Lateral derecho,Angelo Preciado,18/02/1998,"1,73 m",Derecho,Atl. Mineiro,Série A,54,0,"3.800.000,00 €"
Ecuador,ECU,8,Extremo derecho,Anthony Valencia,21/07/2003,"1,74 m",Izquierdo,Royal Amberes,Jupiler Pro League,1,0,"1.000.000,00 €"
Ecuador,ECU,26,Extremo derecho,Bryan Ramírez,11/08/2000,"1,77 m",Izquierdo,Cincinnati,MLS,0,0,"3.000.000,00 €"
Ecuador,ECU,12,Portero,David Cabezas,12/06/1995,"1,86 m",,Libertad FC,LigaPro Serie A,1,0,"500.000,00 €"
Ecuador,ECU,,Mediocentro,Denil Castillo,24/03/2004,"1,89 m",Derecho,Midtjylland,Superliga,4,0,"5.500.000,00 €"
Ecuador,ECU,11,Extremo derecho,Elías Legendre Quiñónez,22/04/2008,"1,79 m",,Stade Rennes,Ligue 1,0,0,"1.500.000,00 €"
Ecuador,ECU,13,Delantero centro,Enner Valencia,4/11/1989,"1,77 m",Derecho,Pachuca,Liga MX Apertura,105,49,"1.500.000,00 €"
Ecuador,ECU,2,Defensa central,Félix Torres,11/01/1997,"1,87 m",Derecho,Internacional,Série A,47,5,"1.000.000,00 €"
Ecuador,ECU,19,Extremo derecho,Gonzalo Plata,01/11/2000,"1,78 m",Izquierdo,Flamengo,Série A,49,8,"8.000.000,00 €"
Ecuador,ECU,22,Portero,Gonzalo Valle,28/02/1996,"1,85 m",Derecho,LDU Quito,LigaPro Serie A,3,0,"1.800.000,00 €"
Ecuador,ECU,1,Portero,Hernán Galíndez,30/3/1987,"1,89 m",Derecho,Huracán,Torneo Apertura,34,0,"325.000,00 €"
Ecuador,ECU,25,Defensa central,Jackson Porozo,04/08/2000,"1,93 m",Derecho,Club Tijuana,Liga MX Apertura,8,0,"2.500.000,00 €"
Ecuador,ECU,20,Extremo derecho,Janner Corozo,08/09/1995,"1,75 m",Derecho,LDU Quito,LigaPro Serie A,7,1,"1.200.000,00 €"
Ecuador,ECU,26,Delantero centro,Jeremy Arévalo,19/03/2005,"1,82 m",Izquierdo,Stuttgart,Bundesliga,3,0,"7.000.000,00 €"
Ecuador,ECU,4,Defensa central,Joel Ordóñez,21/04/2004,"1,88 m",Derecho,Club Brujas,Jupiler Pro League,16,0,"33.000.000,00 €"
Ecuador,ECU,18,Extremo izquierdo,John Mercado,03/06/2002,"1,86 m",Izquierdo,Sparta Praga,Chance Liga,6,0,"4.000.000,00 €"
Ecuador,ECU,9,Mediapunta,John Yeboah,23/06/2000,"1,70 m",Izquierdo,Venezia,Serie B,21,3,"5.000.000,00 €"
Ecuador,ECU,5,Pivote,Jordy Alcívar,05/08/1999,"1,75 m",,Independiente,LigaPro Serie A,9,1,"1.800.000,00 €"
Ecuador,ECU,16,Delantero centro,Jordy Caicedo,18/11/1997,"1,85 m",Derecho,Huracán,Torneo Apertura,18,3,"1.500.000,00 €"
Ecuador,ECU,3,Lateral derecho,José Andrés Hurtado,23/12/2001,"1,78 m",Derecho,RB Bragantino,Série A,9,0,"3.000.000,00 €"
Ecuador,ECU,10,Mediocentro ofensivo,Kendry Páez,04/05/2007,"1,78 m",Izquierdo,River Plate,Torneo Apertura,24,2,"9.000.000,00 €"
Ecuador,ECU,11,Delantero centro,Kevin Rodríguez,04/03/2000,"1,90 m",Derecho,Union SG,Jupiler Pro League,30,2,"5.000.000,00 €"
Ecuador,ECU,,Defensa central,Léo Realpe,26/02/2001,"1,86 m",Derecho,Famalicão,Liga Portugal,3,0,"4.000.000,00 €"
Ecuador,ECU,23,Pivote,Moisés Caicedo,02/11/2001,"1,78 m",Derecho,Chelsea,Premier League,60,3,"110.000.000,00 €"
Ecuador,ECU,12,Portero,Moisés Ramírez,09/09/2000,"1,85 m",Derecho,Kifisia,Super League 1,6,0,"800.000,00 €"
Ecuador,ECU,15,Mediocentro ofensivo,Pedro Vite,09/03/2002,"1,73 m",Izquierdo,Pumas UNAM,Liga MX Apertura,16,1,"5.500.000,00 €"
Ecuador,ECU,7,Lateral izquierdo,Pervis Estupiñán,21/01/1998,"1,75 m",Izquierdo,AC Milan,Serie A,52,4,"14.000.000,00 €"
Ecuador,ECU,3,Defensa central,Piero Hincapié,09/01/2002,"1,84 m",Izquierdo,Arsenal,Premier League,51,3,"50.000.000,00 €"
Ecuador,ECU,6,Defensa central,Willian Pacho,16/10/2001,"1,88 m",Izquierdo,PSG,Ligue 1,34,2,"70.000.000,00 €"
Ecuador,ECU,24,Lateral izquierdo,Yaimar Medina,05/11/2004,"1,78 m",Izquierdo,KRC Genk,Jupiler Pro League,4,0,"4.000.000,00 €"
Egipto,EGY,13,Lateral izquierdo,Ahmed Fatouh,22/03/1998,"1,78 m",Izquierdo,Zamalek,Premier League,38,1,"800.000,00 €"
Egipto,EGY,15,Pivote,Ahmed Kouka,04/07/2001,"1,78 m",Izquierdo,Al Ahly,Premier League,11,0,"1.200.000,00 €"
Egipto,EGY,16,Portero,El Mahdi Soliman,08/06/1987,"1,89 m",Derecho,Zamalek,Premier League,0,0,"150.000,00 €"
Egipto,EGY,8,Mediocentro,Emam Ashour,20/02/1998,"1,82 m",Derecho,Al Ahly,Premier League,27,0,"4.500.000,00 €"
Egipto,EGY,12,Extremo derecho,Haissem Hassan,08/02/2002,"1,75 m",Izquierdo,Real Oviedo,LaLiga,2,0,"4.000.000,00 €"
Egipto,EGY,14,Pivote,Hamdy Fathy,29/09/1994,"1,80 m",Derecho,Al-Wakrah SC,Qatar Stars League,62,3,"2.000.000,00 €"
Egipto,EGY,4,Defensa central,Hossam Abdelmaguid,30/04/2001,"1,94 m",Derecho,Zamalek,Premier League,12,0,"1.800.000,00 €"
Egipto,EGY,20,Extremo izquierdo,Ibrahim Adel,23/04/2001,"1,78 m",Derecho,Nordsjælland,Superliga,22,3,"3.200.000,00 €"
Egipto,EGY,18,Extremo izquierdo,Islam Issa,01/02/1996,"1,66 m",Derecho,Cleopatra FC,Premier League,6,1,"600.000,00 €"
Egipto,EGY,21,Defensa central,Khaled Sobhi,04/05/1995,,Izquierdo,El Masry,Premier League,7,0,"450.000,00 €"
Egipto,EGY,27,Mediocentro,Mahmoud Saber,30/07/2001,,Derecho,Zed FC,Premier League,14,1,"1.200.000,00 €"
Egipto,EGY,19,Pivote,Marwan Ateya,12/08/1998,"1,70 m",Derecho,Al Ahly,Premier League,33,1,"4.000.000,00 €"
Egipto,EGY,6,Defensa central,Mohamed Abdelmonem,01/02/1999,"1,83 m",Derecho,Niza,Ligue 1,34,3,"3.000.000,00 €"
Egipto,EGY,26,Portero,Mohamed Alaa,01/09/1999,,Derecho,El Gouna,Premier League,0,0,"800.000,00 €"
Egipto,EGY,1,Portero,Mohamed El Shenawy,18/12/1988,"1,91 m",Derecho,Al Ahly,Premier League,75,0,"600.000,00 €"
Egipto,EGY,3,Lateral derecho,Mohamed Hany,25/01/1996,"1,80 m",Derecho,Al Ahly,Premier League,40,0,"1.500.000,00 €"
Egipto,EGY,17,Pivote,Mohanad Lasheen,29/05/1996,"1,79 m",Derecho,Pyramids FC,Premier League,21,0,"2.500.000,00 €"
Egipto,EGY,11,Delantero centro,Mostafa Mohamed,28/11/1997,"1,85 m",Derecho,FC Nantes,Ligue 1,61,14,"4.000.000,00 €"
Egipto,EGY,9,Delantero centro,Nasser Mansy,16/11/1997,"1,83 m",Derecho,Zamalek,Premier League,0,0,"800.000,00 €"
Egipto,EGY,22,Delantero centro,Omar Marmoush,07/02/1999,"1,83 m",Derecho,Man. City,Premier League,48,11,"60.000.000,00 €"
Egipto,EGY,23,Portero,Oufa Shobeir,17/03/2000,"1,85 m",Derecho,Al Ahly,Premier League,8,0,"1.200.000,00 €"
Egipto,EGY,5,Defensa central,Ramy Rabia,20/05/1993,"1,83 m",Derecho,Al-Ain,UAE Pro League,43,5,"700.000,00 €"
Egipto,EGY,24,Lateral derecho,Tarek Alaa,05/01/2002,,Derecho,Zed FC,Premier League,1,0,"150.000,00 €"
Egipto,EGY,7,Extremo izquierdo,Trezeguet,01/10/1994,"1,80 m",Derecho,Al Ahly,Premier League,94,23,"4.500.000,00 €"
Egipto,EGY,2,Defensa central,Yasser Ibrahim,10/02/1993,"1,85 m",Derecho,Al Ahly,Premier League,16,1,"350.000,00 €"
Egipto,EGY,25,Extremo derecho,Zizo,10/01/1996,"1,80 m",Derecho,Al Ahly,Premier League,61,5,"4.000.000,00 €"
Inglaterra,ENG,,Portero,Aaron Ramsdale,14/05/1998,"1,90 m",Derecho,Newcastle,Premier League,5,0,"12.000.000,00 €"
Inglaterra,ENG,,Pivote,Adam Wharton,06/02/2004,"1,82 m",Izquierdo,Crystal Palace,Premier League,4,0,"60.000.000,00 €"
Inglaterra,ENG,,Extremo izquierdo,Anthony Gordon,24/02/2001,"1,83 m",Derecho,Newcastle,Premier League,17,2,"60.000.000,00 €"
Inglaterra,ENG,,Lateral derecho,Ben White,08/10/1997,"1,86 m",Derecho,Arsenal,Premier League,6,1,"30.000.000,00 €"
Inglaterra,ENG,,Extremo derecho,Bukayo Saka,05/09/2001,"1,78 m",Izquierdo,Arsenal,Premier League,48,14,"120.000.000,00 €"
Inglaterra,ENG,,Mediocentro ofensivo,Cole Palmer,06/05/2002,"1,85 m",Izquierdo,Chelsea,Premier League,14,2,"110.000.000,00 €"
Inglaterra,ENG,,Defensa central,Dan Burn,09/05/1992,"2,01 m",Izquierdo,Newcastle,Premier League,6,0,"5.000.000,00 €"
Inglaterra,ENG,,Portero,Dean Henderson,12/03/1997,"1,88 m",Derecho,Crystal Palace,Premier League,4,0,"28.000.000,00 €"
Inglaterra,ENG,,Mediocentro,Declan Rice,14/01/1999,"1,88 m",Derecho,Arsenal,Premier League,72,6,"120.000.000,00 €"
Inglaterra,ENG,,Lateral izquierdo,Djed Spence,09/08/2000,"1,84 m",Derecho,Tottenham,Premier League,4,0,"30.000.000,00 €"
Inglaterra,ENG,,Delantero centro,Dominic Calvert-Lewin,16/03/1997,"1,89 m",Derecho,Leeds,Premier League,12,4,"22.000.000,00 €"
Inglaterra,ENG,,Delantero centro,Dominic Solanke,14/09/1997,"1,86 m",Derecho,Tottenham,Premier League,5,0,"35.000.000,00 €"
Inglaterra,ENG,,Mediocentro,Elliot Anderson,06/11/2002,"1,79 m",Derecho,Nott'm Forest,Premier League,7,0,"60.000.000,00 €"
Inglaterra,ENG,,Defensa central,Ezri Konsa,23/10/1997,"1,83 m",Derecho,Aston Villa,Premier League,18,1,"40.000.000,00 €"
Inglaterra,ENG,,Defensa central,Fikayo Tomori,19/12/1997,"1,85 m",Derecho,AC Milan,Serie A,6,0,"20.000.000,00 €"
Inglaterra,ENG,,Delantero centro,Harry Kane,28/07/1993,"1,88 m",Derecho,Bayern,Bundesliga,112,78,"65.000.000,00 €"
Inglaterra,ENG,,Defensa central,Harry Maguire,05/03/1993,"1,94 m",Derecho,Manchester Utd.,Premier League,66,7,"10.000.000,00 €"
Inglaterra,ENG,,Extremo izquierdo,Harvey Barnes,09/12/1997,"1,82 m",Derecho,Newcastle,Premier League,2,0,"32.000.000,00 €"
Inglaterra,ENG,,Pivote,James Garner,13/03/2001,"1,82 m",Derecho,Everton,Premier League,2,0,"35.000.000,00 €"
Inglaterra,ENG,,Portero,James Trafford,10/10/2002,"1,92 m",Derecho,Man. City,Premier League,1,0,"25.000.000,00 €"
Inglaterra,ENG,,Extremo derecho,Jarrod Bowen,20/12/1996,"1,76 m",Izquierdo,West Ham,Premier League,22,1,"35.000.000,00 €"
Inglaterra,ENG,,Portero,Jason Steele,18/08/1990,"1,88 m",Derecho,Brighton,Premier League,0,0,"750.000,00 €"
Inglaterra,ENG,,Defensa central,John Stones,28/05/1994,"1,88 m",Derecho,Man. City,Premier League,87,3,"15.000.000,00 €"
Inglaterra,ENG,,Pivote,Jordan Henderson,17/06/1990,"1,82 m",Derecho,Brentford,Premier League,88,3,"2.000.000,00 €"
Inglaterra,ENG,,Portero,Jordan Pickford,07/03/1994,"1,85 m",Izquierdo,Everton,Premier League,82,0,"15.000.000,00 €"
Inglaterra,ENG,,Mediocentro ofensivo,Jude Bellingham,29/06/2003,"1,86 m",Derecho,Real Madrid,LaLiga,46,6,"140.000.000,00 €"
Inglaterra,ENG,,Mediocentro,Kobbie Mainoo,19/04/2005,"1,84 m",Derecho,Manchester Utd.,Premier League,12,0,"50.000.000,00 €"
Inglaterra,ENG,,Lateral izquierdo,Lewis Hall,08/09/2004,"1,79 m",Izquierdo,Newcastle,Premier League,4,0,"35.000.000,00 €"
Inglaterra,ENG,,Defensa central,Marc Guéhi,13/07/2000,"1,82 m",Derecho,Man. City,Premier League,27,1,"65.000.000,00 €"
Inglaterra,ENG,,Extremo izquierdo,Marcus Rashford,31/10/1997,"1,85 m",Derecho,FC Barcelona,LaLiga,70,18,"40.000.000,00 €"
Inglaterra,ENG,,Mediocentro ofensivo,Morgan Rogers,26/07/2002,"1,87 m",Derecho,Aston Villa,Premier League,13,1,"80.000.000,00 €"
Inglaterra,ENG,,Lateral izquierdo,Nico O'Reilly,21/03/2005,"1,93 m",Izquierdo,Man. City,Premier League,3,0,"50.000.000,00 €"
Inglaterra,ENG,,Extremo derecho,Noni Madueke,10/03/2002,"1,82 m",Izquierdo,Arsenal,Premier League,10,1,"50.000.000,00 €"
Inglaterra,ENG,,Mediocentro ofensivo,Phil Foden,28/05/2000,"1,71 m",Izquierdo,Man. City,Premier League,49,4,"80.000.000,00 €"
Inglaterra,ENG,,Lateral derecho,Tino Livramento,12/11/2002,"1,82 m",Derecho,Newcastle,Premier League,5,0,"40.000.000,00 €"
Francia,FRA,14,Mediocentro,Adrien Rabiot,03/04/1995,"1,91 m",Izquierdo,AC Milan,Serie A,57,7,"20.000.000,00 €"
Francia,FRA,8,Pivote,Aurélien Tchouaméni,27/01/2000,"1,88 m",Derecho,Real Madrid,LaLiga,44,3,"75.000.000,00 €"
Francia,FRA,1,Portero,Brice Samba,25/04/1994,"1,87 m",Izquierdo,Stade Rennes,Ligue 1,4,0,"8.000.000,00 €"
Francia,FRA,4,Defensa central,Dayot Upamecano,27/10/1998,"1,86 m",Derecho,Bayern,Bundesliga,36,2,"70.000.000,00 €"
Francia,FRA,20,Extremo derecho,Désiré Doué,03/06/2005,"1,81 m",Derecho,PSG,Ligue 1,6,2,"90.000.000,00 €"
Francia,FRA,6,Mediocentro,Eduardo Camavinga,10/11/2002,"1,82 m",Izquierdo,Real Madrid,LaLiga,29,2,"50.000.000,00 €"
Francia,FRA,22,Delantero centro,Hugo Ekitiké,20/06/2002,"1,90 m",Derecho,Liverpool,Premier League,8,2,"90.000.000,00 €"
Francia,FRA,15,Defensa central,Ibrahima Konaté,25/05/1999,"1,94 m",Derecho,Liverpool,Premier League,27,0,"50.000.000,00 €"
Francia,FRA,10,Delantero centro,Kylian Mbappé,20/12/1998,"1,80 m",Derecho,Real Madrid,LaLiga,96,56,"200.000.000,00 €"
Francia,FRA,23,Portero,Lucas Chevalier,06/11/2001,"1,89 m",Derecho,PSG,Ligue 1,1,0,"30.000.000,00 €"
Francia,FRA,3,Lateral izquierdo,Lucas Digne,20/07/1993,"1,78 m",Izquierdo,Aston Villa,Premier League,56,0,"8.000.000,00 €"
Francia,FRA,21,Lateral izquierdo,Lucas Hernández,14/02/1996,"1,84 m",Izquierdo,PSG,Ligue 1,41,0,"20.000.000,00 €"
Francia,FRA,25,Extremo derecho,Maghnes Akliouche,25/02/2002,"1,83 m",Izquierdo,Mónaco,Ligue 1,7,1,"50.000.000,00 €"
Francia,FRA,2,Lateral derecho,Malo Gusto,19/05/2003,"1,78 m",Derecho,Chelsea,Premier League,9,0,"35.000.000,00 €"
Francia,FRA,9,Delantero centro,Marcus Thuram,06/08/1997,"1,92 m",Derecho,Inter,Serie A,33,3,"50.000.000,00 €"
Francia,FRA,17,Defensa central,Maxence Lacroix,06/04/2000,"1,90 m",Derecho,Crystal Palace,Premier League,2,0,"40.000.000,00 €"
Francia,FRA,11,Extremo derecho,Michael Olise,12/12/2001,"1,84 m",Izquierdo,Bayern,Bundesliga,15,4,"140.000.000,00 €"
Francia,FRA,16,Portero,Mike Maignan,03/07/1995,"1,91 m",Derecho,AC Milan,Serie A,38,0,"25.000.000,00 €"
Francia,FRA,13,Pivote,N'Golo Kanté,29/03/1991,"1,68 m",Derecho,Fenerbahce,Süper Lig,67,2,"4.500.000,00 €"
Francia,FRA,7,Delantero centro,Ousmane Dembélé,15/05/1997,"1,78 m",Ambidiestro,PSG,Ligue 1,58,7,"100.000.000,00 €"
Francia,FRA,5,Defensa central,Pierre Kalulu,05/06/2000,"1,82 m",Derecho,Juventus,Serie A,3,0,"32.000.000,00 €"
Francia,FRA,12,Delantero centro,Randal Kolo Muani,05/12/1998,"1,87 m",Derecho,Tottenham,Premier League,32,9,"22.000.000,00 €"
Francia,FRA,24,Mediocentro ofensivo,Rayan Cherki,17/08/2003,"1,77 m",Ambidiestro,Man. City,Premier League,5,1,"65.000.000,00 €"
Francia,FRA,22,Lateral izquierdo,Theo Hernández,06/10/1997,"1,84 m",Izquierdo,Al-Hilal,Saudi Pro League,42,2,"28.000.000,00 €"
Francia,FRA,18,Mediocentro,Warren Zaïre-Emery,08/03/2006,"1,78 m",Derecho,PSG,Ligue 1,10,1,"60.000.000,00 €"
Alemania,GER,12,Portero,Alexander Nübel,30/09/1996,"1,93 m",Derecho,Stuttgart,Bundesliga,3,0,"12.000.000,00 €"
Alemania,GER,16,Pivote,Angelo Stiller,04/04/2001,"1,83 m",Izquierdo,Stuttgart,Bundesliga,7,0,"45.000.000,00 €"
Alemania,GER,24,Pivote,Anton Stach,15/11/1998,"1,94 m",Derecho,Leeds,Premier League,3,0,"25.000.000,00 €"
Alemania,GER,2,Defensa central,Antonio Rüdiger,03/03/1993,"1,90 m",Derecho,Real Madrid,LaLiga,82,3,"9.000.000,00 €"
Alemania,GER,14,Extremo izquierdo,Chris Führich,09/01/1998,"1,81 m",Derecho,Stuttgart,Bundesliga,9,0,"10.000.000,00 €"
Alemania,GER,22,Lateral izquierdo,David Raum,22/04/1998,"1,81 m",Izquierdo,Leipzig,Bundesliga,36,1,"22.000.000,00 €"
Alemania,GER,13,Delantero centro,Deniz Undav,19/07/1996,"1,79 m",Ambidiestro,Stuttgart,Bundesliga,7,4,"22.000.000,00 €"
Alemania,GER,21,Portero,Finn Dahmen,27/03/1998,"1,86 m",Derecho,FC Augsburgo,Bundesliga,0,0,"12.000.000,00 €"
Alemania,GER,17,Mediocentro ofensivo,Florian Wirtz,03/05/2003,"1,77 m",Derecho,Liverpool,Premier League,39,10,"110.000.000,00 €"
Alemania,GER,4,Defensa central,Jonathan Tah,11/02/1996,"1,95 m",Derecho,Bayern,Bundesliga,45,1,"30.000.000,00 €"
Alemania,GER,23,Lateral derecho,Josha Vagnoman,11/12/2000,"1,90 m",Derecho,Stuttgart,Bundesliga,2,0,"10.000.000,00 €"
Alemania,GER,6,Pivote,Joshua Kimmich,08/02/1995,"1,77 m",Derecho,Bayern,Bundesliga,108,10,"40.000.000,00 €"
Alemania,GER,7,Delantero centro,Kai Havertz,11/06/1999,"1,93 m",Izquierdo,Arsenal,Premier League,57,21,"50.000.000,00 €"
Alemania,GER,9,Extremo izquierdo,Kevin Schade,27/11/2001,"1,85 m",Derecho,Brentford,Premier League,5,0,"35.000.000,00 €"
Alemania,GER,25,Mediocentro ofensivo,Lennart Karl,22/02/2008,"1,68 m",Izquierdo,Bayern,Bundesliga,2,0,"60.000.000,00 €"
Alemania,GER,8,Mediocentro,Leon Goretzka,06/02/1995,"1,89 m",Derecho,Bayern,Bundesliga,69,15,"15.000.000,00 €"
Alemania,GER,19,Extremo derecho,Leroy Sané,11/01/1996,"1,83 m",Izquierdo,Galatasaray,Süper Lig,74,16,"22.000.000,00 €"
Alemania,GER,26,Defensa central,Malick Thiaw,08/08/2001,"1,94 m",Derecho,Newcastle,Premier League,5,0,"45.000.000,00 €"
Alemania,GER,18,Lateral izquierdo,Nathaniel Brown,16/06/2003,"1,76 m",Izquierdo,Eintracht,Bundesliga,3,0,"35.000.000,00 €"
Alemania,GER,11,Delantero centro,Nick Woltemade,14/02/2002,"1,98 m",Derecho,Newcastle,Premier League,10,4,"65.000.000,00 €"
Alemania,GER,15,Defensa central,Nico Schlotterbeck,01/12/1999,"1,91 m",Izquierdo,Dortmund,Bundesliga,25,0,"55.000.000,00 €"
Alemania,GER,1,Portero,Oliver Baumann,02/06/1990,"1,87 m",Derecho,Hoffenheim,Bundesliga,11,0,"3.000.000,00 €"
Alemania,GER,5,Mediocentro,Pascal Groß,15/06/1991,"1,81 m",Derecho,Brighton,Premier League,18,1,"3.500.000,00 €"
Alemania,GER,20,Mediapunta,Serge Gnabry,14/07/1995,"1,76 m",Derecho,Bayern,Bundesliga,59,26,"20.000.000,00 €"
Alemania,GER,3,Defensa central,Waldemar Anton,20/07/1996,"1,89 m",Derecho,Dortmund,Bundesliga,12,0,"18.000.000,00 €"
Ghana,GHA,,Extremo derecho,Abdul Fatawu,08/03/2004,"1,77 m",Izquierdo,Leicester City,Championship,27,3,"24.000.000,00 €"
Ghana,GHA,,Defensa central,Alexander Djiku,09/08/1994,"1,82 m",Derecho,Spartak Moscú,Premier Liga,38,4,"4.000.000,00 €"
Ghana,GHA,,Extremo derecho,Antoine Semenyo,07/01/2000,"1,85 m",Derecho,Man. City,Premier League,34,3,"75.000.000,00 €"
Ghana,GHA,,Portero,Benjamin Asare,13/07/1992,"1,88 m",Derecho,Hearts of Oak,Premier League,9,0,"100.000,00 €"
Ghana,GHA,,Mediocentro,Caleb Yirenkyi,15/01/2006,"1,82 m",Derecho,Nordsjælland,Superliga,10,0,"6.000.000,00 €"
Ghana,GHA,,Extremo izquierdo,Christopher Bonsu Baah,14/12/2004,"1,72 m",Izquierdo,Al-Qadsiah,Saudi Pro League,8,0,"12.000.000,00 €"
Ghana,GHA,,Extremo derecho,Dan Agyei,01/06/1997,"1,83 m",Izquierdo,Kocaelispor,Süper Lig,0,0,"800.000,00 €"
Ghana,GHA,,Lateral izquierdo,Derrick Köhn,04/02/1999,"1,80 m",Izquierdo,Unión Berlín,Bundesliga,3,0,"4.000.000,00 €"
Ghana,GHA,,Defensa central,Derrick Luckassen,03/07/1995,"1,88 m",Derecho,Pafos FC,Cyprus League,1,0,"1.000.000,00 €"
Ghana,GHA,,Pivote,Elisha Owusu,07/11/1997,"1,82 m",Derecho,Auxerre,Ligue 1,19,0,"3.500.000,00 €"
Ghana,GHA,,Lateral izquierdo,Gideon Mensah,18/07/1998,"1,78 m",Izquierdo,Auxerre,Ligue 1,39,0,"3.500.000,00 €"
Ghana,GHA,,Pivote,Ibrahim Sulemana,22/05/2003,"1,80 m",Derecho,Cagliari,Serie A,7,0,"6.000.000,00 €"
Ghana,GHA,,Defensa central,Jerome Opoku,14/10/1998,"1,97 m",Izquierdo,Basaksehir,Süper Lig,10,1,"5.000.000,00 €"
Ghana,GHA,,Defensa central,Jonas Adjetey,13/12/2003,"1,88 m",Derecho,VfL Wolfsburgo,Bundesliga,9,0,"7.000.000,00 €"
Ghana,GHA,,Delantero centro,Jordan Ayew,11/09/1991,"1,82 m",Derecho,Leicester City,Championship,117,33,"1.800.000,00 €"
Ghana,GHA,,Portero,Joseph Anang,08/06/2000,"1,90 m",Derecho,St. Pat's,Premier Division,1,0,"275.000,00 €"
Ghana,GHA,,Extremo izquierdo,Kamaldeen Sulemana,15/02/2002,"1,75 m",Derecho,Atalanta,Serie A,27,1,"18.000.000,00 €"
Ghana,GHA,,Defensa central,Kojo Peprah Oppong,04/06/2004,"1,85 m",Derecho,Niza,Ligue 1,4,0,"10.000.000,00 €"
Ghana,GHA,,Mediocentro,Kwasi Sibo,24/06/1998,"1,83 m",Derecho,Real Oviedo,LaLiga,7,0,"1.500.000,00 €"
Ghana,GHA,,Portero,Lawrence Ati Zigi,29/11/1996,"1,88 m",Derecho,FC St. Gallen,Super League,28,0,"1.500.000,00 €"
Ghana,GHA,,Lateral derecho,Marvin Senaya,28/01/2001,"1,81 m",Derecho,Auxerre,Ligue 1,1,0,"3.000.000,00 €"
Ghana,GHA,,Defensa central,Patric Pfeiffer,20/08/1999,"1,96 m",Derecho,Darmstadt 98,2. Bundesliga,1,0,"1.800.000,00 €"
Ghana,GHA,,Delantero centro,Prince Adu,23/09/2003,"1,79 m",Derecho,Viktoria Plzen,Chance Liga,4,0,"3.000.000,00 €"
Ghana,GHA,,Delantero centro,Ransford Königsdörffer,13/09/2001,"1,82 m",Derecho,Hamburgo,Bundesliga,7,0,"4.000.000,00 €"
Ghana,GHA,,Pivote,Thomas Partey,13/06/1993,"1,85 m",Derecho,Villarreal,LaLiga,56,15,"2.500.000,00 €"
Haiti,HAI,12,Portero,Alexandre Pierre,25/02/2001,"1,90 m",Derecho,FC Sochaux,Championnat National,14,0,"500.000,00 €"
Haiti,HAI,5,Pivote,Carl Sainté,09/08/2002,"1,82 m",Derecho,El Paso,USLC,25,0,"150.000,00 €"
Haiti,HAI,2,Lateral derecho,Carlens Arcus,28/06/1996,"1,76 m",Derecho,Angers,Ligue 1,51,1,"1.800.000,00 €"
Haiti,HAI,17,Pivote,Danley Jean Jacques,20/05/2000,"1,82 m",Derecho,Philadelphia,MLS,28,6,"3.000.000,00 €"
Haiti,HAI,,Defensa central,Delentz Pierre,16/11/2000,"1,85 m",,Tulsa,USLC,0,0,"150.000,00 €"
Haiti,HAI,7,Extremo izquierdo,Derrick Etienne Jr.,25/11/1996,"1,78 m",Derecho,Toronto,MLS,46,8,"800.000,00 €"
Haiti,HAI,9,Delantero centro,Duckens Nazon,07/04/1994,"1,81 m",Derecho,Esteghlal FC,Persian Gulf League,76,44,"900.000,00 €"
Haiti,HAI,13,Lateral izquierdo,Duke Lacroix,14/10/1993,"1,75 m",Izquierdo,Switchbacks FC,USLC,14,2,"150.000,00 €"
Haiti,HAI,20,Delantero centro,Frantzdy Pierrot,29/3/1995,"1,94 m",Derecho,C. Rizespor,Süper Lig,49,33,"2.500.000,00 €"
Haiti,HAI,,Defensa central,Hannes Delcroix,28/2/1999,"1,84 m",Izquierdo,FC Lugano,Super League,5,0,"2.000.000,00 €"
Haiti,HAI,22,Defensa central,Jean-Kévin Duverne,12/07/1997,"1,86 m",Derecho,KAA Gante,Jupiler Pro League,15,1,"2.000.000,00 €"
Haiti,HAI,,Mediocentro,Jean-Ricner Bellegarde,27/06/1998,"1,72 m",Derecho,Wolverhampton,Premier League,8,0,"16.000.000,00 €"
Haiti,HAI,1,Portero,Johny Placide,29/01/1988,"1,81 m",Derecho,SC Bastia,Ligue 2,79,0,"150.000,00 €"
Haiti,HAI,,Extremo derecho,Josué Casimir,24/09/2001,"1,78 m",Derecho,Auxerre,Ligue 1,5,0,"3.500.000,00 €"
Haiti,HAI,23,Portero,Josué Duverger,27/04/2000,"1,87 m",Izquierdo,FC Cosmos,OL RP/Saar,6,0,
Haiti,HAI,14,Pivote,Leverton Pierre,09/03/1998,"1,78 m",Derecho,Vizela,Liga Portugal 2,33,0,"200.000,00 €"
Haiti,HAI,10,Extremo derecho,Louicius Deedson,11/02/2001,"1,78 m",Izquierdo,Dallas,MLS,30,10,"1.200.000,00 €"
Haiti,HAI,8,Lateral izquierdo,Martin Expérience,09/03/1999,"1,78 m",Izquierdo,AS Nancy,Ligue 2,19,0,"400.000,00 €"
Haiti,HAI,4,Defensa central,Ricardo Adé,21/5/1990,"1,90 m",Derecho,LDU Quito,LigaPro Serie A,57,2,"300.000,00 €"
Haiti,HAI,18,Extremo izquierdo,Ruben Providence,07/07/2001,"1,78 m",Derecho,Almere City,Keuken Kampioen Divisie,13,2,"300.000,00 €"
Haiti,HAI,24,Lateral derecho,Wilguens Paugain,24/08/2001,"1,80 m",Derecho,Zulte Waregem,Jupiler Pro League,6,0,"600.000,00 €"
Haiti,HAI,,Delantero centro,Wilson Isidor,27/08/2000,"1,86 m",Derecho,Sunderland,Premier League,2,1,"18.000.000,00 €"
Haiti,HAI,,Delantero centro,Woobens Pacius,11/05/2001,"1,85 m",Derecho,Nashville,MLS,1,0,"300.000,00 €"
Haiti,HAI,,Pivote,Woodensky Pierre,30/12/2004,,Derecho,Violette AC,,1,0,
Haiti,HAI,,Delantero centro,Yassin Fortuné,30/1/1999,"1,86 m",Derecho,Vizela,Liga Portugal 2,3,0,"200.000,00 €"
Irán,IRN,38,Lateral izquierdo,Abolfazl Jalali,26/06/1998,"1,77 m",Izquierdo,Esteghlal FC,Persian Gulf League,9,0,"500.000,00 €"
Irán,IRN,20,Delantero centro,Ali Alipour,11/11/1995,"1,81 m",Ambidiestro,Persepolis FC,Persian Gulf League,12,1,"1.500.000,00 €"
Irán,IRN,11,Extremo derecho,Ali Gholizadeh,10/03/1996,"1,75 m",Izquierdo,Lech Poznan,Ekstraklasa,42,7,"2.000.000,00 €"
Irán,IRN,19,Defensa central,Ali Nemati,07/02/1996,"1,82 m",Izquierdo,Foolad,Persian Gulf League,16,0,"600.000,00 €"
Irán,IRN,1,Portero,Alireza Beiranvand,21/09/1992,"1,94 m",Derecho,Tractor,Persian Gulf League,84,0,"700.000,00 €"
Irán,IRN,7,Extremo derecho,Alireza Jahanbakhsh,11/08/1993,"1,81 m",Derecho,FCV Dender EH,Jupiler Pro League,97,17,"600.000,00 €"
Irán,IRN,18,Delantero centro,Amirhossein Hosseinzadeh,30/10/2000,"1,78 m",Derecho,Tractor,Persian Gulf League,16,5,"1.800.000,00 €"
Irán,IRN,31,Extremo izquierdo,Amirhossein Mahmoudi,12/07/2006,,Derecho,Persepolis FC,Persian Gulf League,1,0,"150.000,00 €"
Irán,IRN,28,Mediocentro,Amirmohammad Razzaghinia,11/04/2006,"1,87 m",Derecho,Esteghlal FC,Persian Gulf League,2,0,"800.000,00 €"
Irán,IRN,35,Lateral derecho,Arya Yousefi,22/04/2002,"1,81 m",Derecho,Sepahan,Persian Gulf League,10,0,"1.400.000,00 €"
Irán,IRN,26,Lateral derecho,Danial Esmaeilifar,26/02/1993,"1,83 m",Derecho,Tractor,Persian Gulf League,6,0,"700.000,00 €"
Irán,IRN,24,Delantero centro,Dennis Eckert Ayensa,09/01/1997,"1,83 m",Derecho,Standard Lieja,Jupiler Pro League,0,0,"2.000.000,00 €"
Irán,IRN,3,Lateral izquierdo,Ehsan Hajsafi,25/2/1990,"1,78 m",Izquierdo,Sepahan,Persian Gulf League,141,7,"275.000,00 €"
Irán,IRN,32,Delantero centro,Ehsan Mahroughi,12/09/1998,"1,84 m",Derecho,Foolad,Persian Gulf League,0,0,"300.000,00 €"
Irán,IRN,27,Mediocentro ofensivo,Hadi Habibinejad,17/10/1995,"1,75 m",Izquierdo,Chadormalu SC,Persian Gulf League,0,0,"750.000,00 €"
Irán,IRN,16,Defensa central,Hossein Abarghouei,08/07/1996,"1,86 m",Izquierdo,Persepolis FC,Persian Gulf League,1,0,"600.000,00 €"
Irán,IRN,13,Defensa central,Hossein Kanaani,23/03/1994,"1,88 m",Derecho,Persepolis FC,Persian Gulf League,61,6,"1.800.000,00 €"
Irán,IRN,10,Extremo izquierdo,Mehdi Ghayedi,05/12/1998,"1,66 m",Derecho,Al-Nasr,UAE Pro League,27,8,"4.500.000,00 €"
Irán,IRN,17,Extremo derecho,Mehdi Hashemnejad,27/10/2001,"1,76 m",Derecho,Tractor,Persian Gulf League,7,0,"1.000.000,00 €"
Irán,IRN,9,Delantero centro,Mehdi Taremi,18/7/1992,"1,85 m",Derecho,Olympiacos,Super League 1,102,57,"2.500.000,00 €"
Irán,IRN,5,Lateral izquierdo,Milad Mohammadi,29/09/1993,"1,78 m",Izquierdo,Persepolis FC,Persian Gulf League,74,1,"1.000.000,00 €"
Irán,IRN,6,Pivote,Mohammad Ghorbani,21/05/2001,"1,90 m",Derecho,Al-Wahda,UAE Pro League,14,0,"1.500.000,00 €"
Irán,IRN,30,Portero,Mohammad Khalifeh,19/08/2004,"1,94 m",Derecho,Aluminium Arak,Persian Gulf League,0,0,"700.000,00 €"
Irán,IRN,8,Extremo izquierdo,Mohammad Mohebi,20/12/1998,"1,86 m",Derecho,Rostov,Premier Liga,34,13,"2.800.000,00 €"
Irán,IRN,21,Mediocentro,Omid Noorafkan,9/4/1997,"1,84 m",Izquierdo,Sepahan,Persian Gulf League,40,1,"900.000,00 €"
Irán,IRN,12,Portero,Payam Niazmand,06/04/1995,"1,94 m",Derecho,Persepolis FC,Persian Gulf League,13,0,"750.000,00 €"
Irán,IRN,23,Lateral derecho,Ramin Rezaeian,21/03/1990,"1,84 m",Derecho,Foolad,Persian Gulf League,72,6,"300.000,00 €"
Irán,IRN,2,Lateral derecho,Saleh Hardani,26/12/1998,"1,76 m",Derecho,Esteghlal FC,Persian Gulf League,17,1,"700.000,00 €"
Irán,IRN,27,Defensa central,Saman Fallah,12/05/2001,"1,91 m",Derecho,Esteghlal FC,Persian Gulf League,2,0,"800.000,00 €"
Irán,IRN,14,Mediocentro ofensivo,Saman Ghoddos,06/09/1993,"1,75 m",Derecho,Kalba FC,UAE Pro League,65,2,"1.300.000,00 €"
Irán,IRN,22,Portero,Seyed Hossein Hosseini,30/06/1992,"1,87 m",Derecho,Sepahan,Persian Gulf League,13,0,"550.000,00 €"
Irán,IRN,15,Delantero centro,Shahriar Moghanlou,21/12/1994,"1,93 m",Izquierdo,Kalba FC,UAE Pro League,17,1,"900.000,00 €"
Irán,IRN,4,Defensa central,Shoja Khalilzadeh,14/05/1989,"1,80 m",Derecho,Tractor,Persian Gulf League,54,2,"100.000,00 €"
Costa de Marfil,CIV,,Portero,Alban Lafont,23/01/1999,"1,96 m",Derecho,Panathinaikos,Super League 1,4,0,"3.000.000,00 €"
Costa de Marfil,CIV,,Extremo derecho,Amad Diallo,11/07/2002,"1,73 m",Izquierdo,Manchester Utd.,Premier League,18,5,"50.000.000,00 €"
Costa de Marfil,CIV,,Extremo izquierdo,Bazoumana Touré,02/03/2006,"1,75 m",Izquierdo,Hoffenheim,Bundesliga,5,2,"35.000.000,00 €"
Costa de Marfil,CIV,,Extremo izquierdo,Bénie Traoré,30/11/2002,"1,72 m",Derecho,FC Basilea,Super League,7,0,"8.000.000,00 €"
Costa de Marfil,CIV,,Mediocentro,Christ Inao Oulaï,06/04/2006,"1,73 m",Derecho,Trabzonspor,Süper Lig,8,0,"17.000.000,00 €"
Costa de Marfil,CIV,,Defensa central,Clément Akpa,24/11/2001,"1,81 m",Izquierdo,Auxerre,Ligue 1,5,0,"9.000.000,00 €"
Costa de Marfil,CIV,,Delantero centro,Elye Wahi,02/01/2003,"1,84 m",Derecho,Niza,Ligue 1,1,0,"12.000.000,00 €"
Costa de Marfil,CIV,,Defensa central,Emmanuel Agbadou,17/06/1997,"1,92 m",Derecho,Besiktas,Süper Lig,20,2,"18.000.000,00 €"
Costa de Marfil,CIV,,Defensa central,Evan Ndicka,20/08/1999,"1,92 m",Izquierdo,AS Roma,Serie A,27,0,"35.000.000,00 €"
Costa de Marfil,CIV,,Extremo derecho,Evann Guessand,01/07/2001,"1,88 m",Derecho,Crystal Palace,Premier League,21,4,"28.000.000,00 €"
Costa de Marfil,CIV,,Mediocentro,Franck Kessié,19/12/1996,"1,83 m",Derecho,Al-Ahli,Saudi Pro League,99,14,"12.000.000,00 €"
Costa de Marfil,CIV,,Lateral izquierdo,Ghislain Konan,27/12/1995,"1,76 m",Izquierdo,Gil Vicente,Liga Portugal,52,0,"3.000.000,00 €"
Costa de Marfil,CIV,,Lateral derecho,Guéla Doué,17/10/2002,"1,86 m",Derecho,Estrasburgo,Ligue 1,19,2,"18.000.000,00 €"
Costa de Marfil,CIV,,Pivote,Ibrahim Sangaré,02/12/1997,"1,91 m",Derecho,Nott'm Forest,Premier League,53,11,"22.000.000,00 €"
Costa de Marfil,CIV,,Pivote,Jean Michaël Seri,19/07/1991,"1,68 m",Derecho,NK Maribor,Prva Liga,63,4,"100.000,00 €"
Costa de Marfil,CIV,,Extremo izquierdo,Martial Godo,14/03/2003,"1,77 m",Derecho,Estrasburgo,Ligue 1,1,1,"18.000.000,00 €"
Costa de Marfil,CIV,,Portero,Mohamed Koné,07/03/2002,"1,86 m",Derecho,R Charleroi SC,Jupiler Pro League,0,0,"800.000,00 €"
Costa de Marfil,CIV,,Extremo derecho,Nicolas Pépé,29/05/1995,"1,83 m",Izquierdo,Villarreal,LaLiga,52,12,"6.000.000,00 €"
Costa de Marfil,CIV,,Defensa central,Odilon Kossounou,04/01/2001,"1,91 m",Derecho,Atalanta,Serie A,35,0,"18.000.000,00 €"
Costa de Marfil,CIV,,Defensa central,Ousmane Diomande,04/12/2003,"1,90 m",Derecho,Sporting CP,Liga Portugal,13,0,"45.000.000,00 €"
Costa de Marfil,CIV,,Extremo izquierdo,Parfait Guiagon,22/02/2001,"1,65 m",Derecho,R Charleroi SC,Jupiler Pro League,5,0,"5.000.000,00 €"
Costa de Marfil,CIV,,Mediocentro,Seko Fofana,07/05/1995,"1,85 m",Derecho,Oporto,Liga Portugal,31,7,"8.000.000,00 €"
Costa de Marfil,CIV,,Extremo izquierdo,Simon Adingra,01/01/2002,"1,75 m",Derecho,Mónaco,Ligue 1,28,5,"25.000.000,00 €"
Costa de Marfil,CIV,,Defensa central,Wilfried Singo,25/12/2000,"1,90 m",Derecho,Galatasaray,Süper Lig,32,1,"25.000.000,00 €"
Costa de Marfil,CIV,,Portero,Yahia Fofana,21/08/2000,"1,94 m",Derecho,C. Rizespor,Süper Lig,33,0,"5.000.000,00 €"
Japan,JPN,17,Mediocentro,Ao Tanaka,10/09/1998,"1,80 m",Derecho,Leeds,Premier League,37,8,"10.000.000,00 €"
Japan,JPN,18,Delantero centro,Ayase Ueda,28/08/1998,"1,82 m",Derecho,Feyenoord,Eredivisie,38,16,"15.000.000,00 €"
Japan,JPN,4,Pivote,Ayumu Seko,07/06/2000,"1,86 m",Derecho,Le Havre,Ligue 1,13,0,"5.000.000,00 €"
Japan,JPN,15,Mediocentro ofensivo,Daichi Kamada,05/08/1996,"1,80 m",Derecho,Crystal Palace,Premier League,49,12,"12.000.000,00 €"
Japan,JPN,16,Lateral derecho,Daiki Hashioka,17/05/1999,"1,84 m",Derecho,KAA Gante,Jupiler Pro League,12,0,"1.200.000,00 €"
Japan,JPN,11,Extremo izquierdo,Daizen Maeda,20/10/1997,"1,73 m",Derecho,Celtic FC,Premiership,27,4,"12.000.000,00 €"
Japan,JPN,21,Defensa central,Hiroki Ito,12/05/1999,"1,88 m",Izquierdo,Bayern,Bundesliga,23,1,"18.000.000,00 €"
Japan,JPN,6,Mediocentro,Joel Chima Fujita,16/02/2002,"1,75 m",Derecho,St. Pauli,Bundesliga,8,0,"10.000.000,00 €"
Japan,JPN,25,Defensa central,Junnosuke Suzuki,12/07/2003,"1,80 m",Derecho,Copenhague,Superliga,6,0,"2.000.000,00 €"
Japan,JPN,14,Extremo derecho,Junya Ito,09/03/1993,"1,77 m",Derecho,KRC Genk,Jupiler Pro League,68,15,"3.500.000,00 €"
Japan,JPN,24,Pivote,Kaishu Sano,30/12/2000,"1,76 m",Derecho,Mainz,Bundesliga,12,0,"25.000.000,00 €"
Japan,JPN,7,Extremo izquierdo,Kaoru Mitoma,20/05/1997,"1,78 m",Derecho,Brighton,Premier League,31,9,"25.000.000,00 €"
Japan,JPN,26,Delantero centro,Keisuke Goto,03/06/2005,"1,91 m",Derecho,Sint-Truiden,Jupiler Pro League,3,0,"8.000.000,00 €"
Japan,JPN,12,Portero,Keisuke Osako,28/07/1999,"1,90 m",Derecho,Sanf. Hiroshima,J1 Special Season,11,0,"2.000.000,00 €"
Japan,JPN,13,Extremo izquierdo,Keito Nakamura,28/07/2000,"1,80 m",Derecho,Stade Reims,Ligue 2,24,10,"9.000.000,00 €"
Japan,JPN,22,Delantero centro,Kento Shiogai,26/03/2005,"1,80 m",Derecho,VfL Wolfsburgo,Bundesliga,1,0,"8.000.000,00 €"
Japan,JPN,20,Mediocentro,Kodai Sano,25/09/2003,"1,80 m",Derecho,NEC Nijmegen,Eredivisie,2,0,"12.000.000,00 €"
Japan,JPN,19,Delantero centro,Koki Ogawa,08/08/1997,"1,86 m",Derecho,NEC Nijmegen,Eredivisie,14,10,"2.500.000,00 €"
Japan,JPN,10,Extremo derecho,Ritsu Doan,16/06/1998,"1,72 m",Izquierdo,Eintracht,Bundesliga,64,11,"20.000.000,00 €"
Japan,JPN,,Interior izquierdo,Ryunosuke Sato,16/10/2006,"1,71 m",Derecho,FC Tokyo,J1 Special Season,5,0,"1.200.000,00 €"
Japan,JPN,3,Defensa central,Shogo Taniguchi,15/07/1991,"1,83 m",Derecho,Sint-Truiden,Jupiler Pro League,37,1,"800.000,00 €"
Japan,JPN,9,Delantero centro,Shuto Machino,30/09/1999,"1,85 m",Derecho,Bor. M'gladbach,Bundesliga,14,5,"5.000.000,00 €"
Japan,JPN,23,Portero,Tomoki Hayakawa,03/03/1999,"1,87 m",Derecho,Kashima Antlers,J1 Special Season,3,0,"1.500.000,00 €"
Japan,JPN,5,Defensa central,Tsuyoshi Watanabe,05/02/1997,"1,86 m",Derecho,Feyenoord,Eredivisie,10,0,"10.000.000,00 €"
Japan,JPN,8,Mediapunta,Yuito Suzuki,25/10/2001,"1,75 m",Derecho,SC Friburgo,Bundesliga,6,0,"18.000.000,00 €"
Japan,JPN,2,Lateral derecho,Yukinari Sugawara,28/06/2000,"1,79 m",Derecho,Werder Bremen,Bundesliga,20,2,"7.500.000,00 €"
Japan,JPN,1,Portero,Zion Suzuki,21/08/2002,"1,90 m",Derecho,Parma,Serie A,23,0,"20.000.000,00 €"
Jordania,JOR,12,Portero,Abdallah Al-Fakhouri,22/01/2000,"1,87 m",Derecho,Al-Wehdat SC,Jordanian Pro League,10,0,"250.000,00 €"
Jordania,JOR,3,Defensa central,Abdallah Nasib,25/02/1994,"1,83 m",Derecho,Al-Zawraa SC,Iraq Stars League,54,2,"500.000,00 €"
Jordania,JOR,22,Portero,Abdel Rahman Al-Talalga,12/04/2003,"1,81 m",Derecho,Al-Faisaly,Jordanian Pro League,0,0,
Jordania,JOR,,Lateral derecho,Ahmad Assaf,21/07/1999,"1,75 m",Derecho,Al-Hussein SC,Jordanian Pro League,4,0,"50.000,00 €"
Jordania,JOR,,Extremo derecho,Ali Azaizeh,13/04/2004,"1,79 m",Izquierdo,Al-Shabab,Saudi Pro League,2,0,"200.000,00 €"
Jordania,JOR,6,Mediocentro,Amer Jamous,03/07/2002,"1,74 m",Derecho,Al-Zawraa SC,Iraq Stars League,14,1,"450.000,00 €"
Jordania,JOR,9,Delantero centro,Baha'a Faisal,30/05/1995,"1,78 m",Derecho,Al-Waab SC,Qatari Second Division,49,15,"200.000,00 €"
Jordania,JOR,4,Defensa central,Husam Abu Dahab,13/05/2000,"1,86 m",Izquierdo,Al-Faisaly,Jordanian Pro League,11,0,"350.000,00 €"
Jordania,JOR,15,Mediocentro,Ibrahim Saadeh,27/04/2000,"1,81 m",Derecho,Al-Karma,Iraq Stars League,43,3,"400.000,00 €"
Jordania,JOR,,Delantero centro,Ibrahim Sabra,01/02/2006,"1,84 m",Derecho,NK Lokomotiva,SuperSport HNL,5,1,"400.000,00 €"
Jordania,JOR,13,Extremo izquierdo,Mahmoud Al-Mardi,06/10/1993,"1,78 m",Derecho,Al-Hussein SC,Jordanian Pro League,68,8,"400.000,00 €"
Jordania,JOR,2,Lateral izquierdo,Mohammad Abu Hasheesh,09/05/1995,"1,78 m",Izquierdo,Al-Karma,Iraq Stars League,45,1,"450.000,00 €"
Jordania,JOR,16,Defensa central,Mohammad Abualnadi,08/02/2001,"1,86 m",Izquierdo,Selangor FC,Super League,12,0,"225.000,00 €"
Jordania,JOR,,Mediocentro,Mohammad Al-Dawoud,04/12/1992,"1,77 m",Derecho,Al-Wehdat SC,Jordanian Pro League,6,0,"150.000,00 €"
Jordania,JOR,,Lateral izquierdo,Mohammad Taha,13/07/2005,"1,82 m",Izquierdo,Al-Hussein SC,Jordanian Pro League,0,0,"250.000,00 €"
Jordania,JOR,20,Lateral izquierdo,Mohannad Abu Taha,02/02/2003,"1,77 m",Izquierdo,Al-Quwa Al-Jaw.,Iraq Stars League,23,1,"450.000,00 €"
Jordania,JOR,10,Extremo derecho,Mousa Tamari,10/06/1997,"1,78 m",Izquierdo,Stade Rennes,Ligue 1,70,21,"8.000.000,00 €"
Jordania,JOR,21,Pivote,Nizar Al-Rashdan,23/03/1999,"1,85 m",Derecho,Qatar SC,Qatar Stars League,38,4,"600.000,00 €"
Jordania,JOR,8,Mediocentro,Noor Al-Rawabdeh,24/02/1997,"1,83 m",Derecho,Selangor FC,Super League,56,3,"450.000,00 €"
Jordania,JOR,,Extremo izquierdo,Odeh Fakhoury,20/11/2005,"1,80 m",Derecho,Pyramids FC,Premier League,8,0,"250.000,00 €"
Jordania,JOR,18,Defensa central,Saleem Obaid,17/01/1992,"1,85 m",Izquierdo,Al-Hussein SC,Jordanian Pro League,9,0,"100.000,00 €"
Jordania,JOR,7,Extremo derecho,Shararh,30/12/1997,"1,68 m",Izquierdo,Raja Casablanca,Botola Pro Inwi,32,5,"375.000,00 €"
Jordania,JOR,5,Defensa central,Yazan Al-Arab,31/01/1996,"1,87 m",Izquierdo,FC Seoul,K League 1,67,3,"900.000,00 €"
Jordania,JOR,1,Portero,Yazeed Abulaila,08/01/1993,"1,89 m",Derecho,Al-Hussein SC,Jordanian Pro League,62,0,"300.000,00 €"
Jordania,JOR,,Defensa central,Yousef Abu Al-Jazar,25/10/1999,"1,88 m",Derecho,Al-Hussein SC,Jordanian Pro League,10,0,"275.000,00 €"
Jordania,JOR,,Mediocentro,Yousef Qashi,15/04/2005,"1,83 m",Ambidiestro,Al-Hussein SC,Jordanian Pro League,0,0,
Corea del Sur,KOR,12,Portero,Bum-keun Song,15/10/1997,"1,94 m",Derecho,Jeonbuk Hyundai,K League 1,2,0,"1.000.000,00 €"
Corea del Sur,KOR,,Delantero centro,Gue-sung Cho,25/01/1998,"1,88 m",Derecho,Midtjylland,Superliga,42,10,"3.000.000,00 €"
Corea del Sur,KOR,3,Defensa central,Han-beom Lee,17/06/2002,"1,90 m",Derecho,Midtjylland,Superliga,6,0,"1.800.000,00 €"
Corea del Sur,KOR,11,Delantero centro,Hee-chan Hwang,26/01/1996,"1,77 m",Derecho,Wolverhampton,Premier League,77,16,"8.000.000,00 €"
Corea del Sur,KOR,7,Extremo izquierdo,Heung-min Son,08/07/1992,"1,84 m",Ambidiestro,Los Ángeles FC,MLS,143,54,"17.000.000,00 €"
Corea del Sur,KOR,,Pivote,Hyeok-kyu Kwon,13/03/2001,"1,92 m",Derecho,Karlsruher SC,2. Bundesliga,2,0,"1.000.000,00 €"
Corea del Sur,KOR,19,Delantero centro,Hyeon-gyu Oh,12/04/2001,"1,87 m",Derecho,Besiktas,Süper Lig,26,6,"15.000.000,00 €"
Corea del Sur,KOR,21,Portero,Hyeon-woo Jo,25/09/1991,"1,89 m",Derecho,Ulsan HD,K League 1,47,0,"700.000,00 €"
Corea del Sur,KOR,,Extremo derecho,Hyun-jun Yang,25/05/2002,"1,76 m",Derecho,Celtic FC,Premiership,8,0,"3.000.000,00 €"
Corea del Sur,KOR,16,Mediocentro ofensivo,Hyun-seok Hong,16/06/1999,"1,77 m",Izquierdo,KAA Gante,Jupiler Pro League,16,0,"3.000.000,00 €"
Corea del Sur,KOR,,Pivote,In-beom Hwang,20/09/1996,"1,77 m",Ambidiestro,Feyenoord,Eredivisie,71,6,"8.000.000,00 €"
Corea del Sur,KOR,10,Mediocentro ofensivo,Jae-sung Lee,10/08/1992,"1,80 m",Izquierdo,Mainz,Bundesliga,103,15,"2.000.000,00 €"
Corea del Sur,KOR,20,Extremo izquierdo,Ji-sung Eom,09/05/2002,"1,76 m",Derecho,Swansea City,Championship,8,2,"1.400.000,00 €"
Corea del Sur,KOR,24,Mediocentro,Jin-gyu Kim,24/02/1997,"1,77 m",Derecho,Jeonbuk Hyundai,K League 1,20,3,"1.200.000,00 €"
Corea del Sur,KOR,16,Pivote,Jin-seob Park,23/10/1995,"1,86 m",Derecho,ZJ FC,Super League,12,1,"1.000.000,00 €"
Corea del Sur,KOR,14,Defensa central,Ju-sung Kim,12/12/2000,"1,89 m",Izquierdo,Sanf. Hiroshima,J1 Special Season,8,1,"750.000,00 €"
Corea del Sur,KOR,17,Mediocentro ofensivo,Jun-ho Bae,21/08/2003,"1,80 m",Derecho,Stoke City,Championship,12,2,"3.000.000,00 €"
Corea del Sur,KOR,18,Mediocentro ofensivo,Kang-in Lee,19/02/2001,"1,73 m",Izquierdo,PSG,Ligue 1,46,11,"28.000.000,00 €"
Corea del Sur,KOR,4,Defensa central,Min-jae Kim,15/11/1996,"1,90 m",Derecho,Bayern,Bundesliga,77,4,"25.000.000,00 €"
Corea del Sur,KOR,15,Lateral derecho,Moon-hwan Kim,01/08/1995,"1,73 m",Derecho,Daejeon Hana C.,K League 1,34,0,"800.000,00 €"
Corea del Sur,KOR,1,Portero,Seung-gyu Kim,30/09/1990,"1,89 m",Derecho,FC Tokyo,J1 Special Season,85,0,"600.000,00 €"
Corea del Sur,KOR,8,Mediocentro,Seung-ho Paik,17/03/1997,"1,82 m",Derecho,Birmingham,Championship,25,3,"2.500.000,00 €"
Corea del Sur,KOR,26,Defensa central,Tae-hyeon Kim,17/09/2000,"1,87 m",Izquierdo,Kashima Antlers,J1 Special Season,7,0,"700.000,00 €"
Corea del Sur,KOR,13,Lateral izquierdo,Tae-seok Lee,28/07/2002,"1,74 m",Izquierdo,Austria Viena,Bundesliga,14,1,"1.500.000,00 €"
Corea del Sur,KOR,22,Lateral derecho,Young-woo Seol,05/12/1998,"1,83 m",Derecho,Estrella Roja,Super liga Srbije,32,0,"5.000.000,00 €"
Corea del Sur,KOR,,Defensa central,Yu-min Cho,17/11/1996,"1,85 m",Derecho,Sharjah FC,UAE Pro League,18,0,"1.800.000,00 €"
México,MEX,,Extremo izquierdo,Alexis Vega,25/11/1997,"1,74 m",Derecho,Toluca,Liga MX Apertura,50,7,"9.000.000,00 €"
México,MEX,,Delantero centro,Armando González,20/04/2003,"1,79 m",Derecho,Chivas,Liga MX Apertura,6,1,"15.000.000,00 €"
México,MEX,,Mediocentro ofensivo,Brian Gutiérrez,17/06/2003,"1,78 m",Derecho,Chivas,Liga MX Apertura,5,1,"5.500.000,00 €"
México,MEX,,Portero,Carlos Acevedo,19/04/1996,"1,84 m",Derecho,Santos Laguna,Liga MX Apertura,6,0,"3.000.000,00 €"
México,MEX,,Pivote,Carlos Rodríguez,03/01/1997,"1,71 m",Derecho,Cruz Azul,Liga MX Apertura,68,0,"5.500.000,00 €"
México,MEX,,Defensa central,César Montes,24/02/1997,"1,95 m",Derecho,Lokomotiv Moscú,Premier Liga,66,4,"7.000.000,00 €"
México,MEX,,Pivote,Denzell García,15/08/2003,"1,70 m",,FC Juárez,Liga MX Apertura,2,0,"4.500.000,00 €"
México,MEX,,Defensa central,Everardo López,23/03/2005,"1,80 m",Izquierdo,Toluca,Liga MX Apertura,3,0,"1.500.000,00 €"
México,MEX,,Delantero centro,Germán Berterame,13/11/1998,"1,75 m",Derecho,Inter Miami,MLS,9,2,"8.500.000,00 €"
México,MEX,,Delantero centro,Guillermo Martínez,15/03/1995,"1,90 m",Izquierdo,Pumas UNAM,Liga MX Apertura,9,2,"1.800.000,00 €"
México,MEX,,Portero,Guillermo Ochoa,13/07/1985,"1,85 m",Derecho,AEL Limassol,Cyprus League,152,0,"300.000,00 €"
México,MEX,15,Defensa central,Israel Reyes,23/05/2000,"1,80 m",Derecho,CF América,Liga MX Apertura,31,2,"5.000.000,00 €"
México,MEX,,Defensa central,Jesús Angulo,30/01/1998,"1,79 m",Izquierdo,Tigres UANL,Liga MX Apertura,19,0,"4.500.000,00 €"
México,MEX,23,Lateral izquierdo,Jesús Gallardo,15/08/1994,"1,78 m",Izquierdo,Toluca,Liga MX Apertura,119,3,"3.000.000,00 €"
México,MEX,,Defensa central,Johan Vásquez,22/10/1998,"1,85 m",Izquierdo,Génova,Serie A,44,1,"13.000.000,00 €"
México,MEX,,Lateral derecho,Jorge Sánchez,10/12/1997,"1,81 m",Derecho,PAOK,Super League 1,56,3,"2.200.000,00 €"
México,MEX,,Delantero centro,Julián Quiñones,24/03/1997,"1,80 m",Derecho,Al-Qadsiah,Saudi Pro League,20,2,"12.000.000,00 €"
México,MEX,,Mediocentro,Obed Vargas,05/08/2005,"1,75 m",Derecho,Atlético,LaLiga,5,0,"8.000.000,00 €"
México,MEX,,Mediocentro,Orbelín Pineda,24/03/1996,"1,69 m",Derecho,AEK Atenas,Super League 1,90,12,"7.000.000,00 €"
México,MEX,,Delantero centro,Raúl Jiménez,05/05/1991,"1,87 m",Derecho,Fulham,Premier League,125,44,"4.000.000,00 €"
México,MEX,12,Portero,Raúl Rangel,25/02/2000,"1,90 m",Derecho,Chivas,Liga MX Apertura,11,0,"6.000.000,00 €"
México,MEX,,Lateral derecho,Richard Ledezma,06/09/2000,"1,72 m",Derecho,Chivas,Liga MX Apertura,3,1,"5.500.000,00 €"
México,MEX,25,Extremo derecho,Roberto Alvarado,07/09/1998,"1,76 m",Izquierdo,Chivas,Liga MX Apertura,66,5,"6.000.000,00 €"
México,MEX,,Mediocentro,Álvaro Fidalgo,09/04/1997,"1,74 m",Derecho,Real Betis,LaLiga,2,0,"10.000.000,00 €"
México,MEX,,Mediocentro,Érick Sánchez,27/09/1999,"1,67 m",Derecho,CF América,Liga MX Apertura,38,3,"6.000.000,00 €"
México,MEX,6,Pivote,Érik Lira,08/05/2000,"1,72 m",Derecho,Cruz Azul,Liga MX Apertura,22,0,"12.000.000,00 €"
Marruecos,MAR,17,Extremo izquierdo,Abde Ezzalzouli,17/12/2001,"1,77 m",Derecho,Real Betis,LaLiga,35,2,"30.000.000,00 €"
Marruecos,MAR,27,Defensa central,Abdelhamid Ait Boudlal,16/04/2006,"1,90 m",Derecho,Stade Rennes,Ligue 1,1,0,"10.000.000,00 €"
Marruecos,MAR,2,Lateral derecho,Achraf Hakimi,04/11/1998,"1,81 m",Derecho,PSG,Ligue 1,95,11,"80.000.000,00 €"
Marruecos,MAR,21,Extremo izquierdo,Amine Adli,10/05/2000,"1,80 m",Izquierdo,Bournemouth,Premier League,17,1,"20.000.000,00 €"
Marruecos,MAR,26,Lateral izquierdo,Anass Salah-Eddine,18/01/2002,"1,81 m",Izquierdo,PSV,Eredivisie,8,0,"12.000.000,00 €"
Marruecos,MAR,20,Delantero centro,Ayoub El Kaabi,25/06/1993,"1,82 m",Izquierdo,Olympiacos,Super League 1,68,32,"5.000.000,00 €"
Marruecos,MAR,8,Mediocentro,Azzedine Ounahi,19/04/2000,"1,82 m",Derecho,Girona FC,LaLiga,47,9,"10.000.000,00 €"
Marruecos,MAR,23,Mediocentro ofensivo,Bilal El Khannouss,10/05/2004,"1,80 m",Derecho,Stuttgart,Bundesliga,35,3,"32.000.000,00 €"
Marruecos,MAR,10,Extremo derecho,Brahim Díaz,03/08/1999,"1,70 m",Ambidiestro,Real Madrid,LaLiga,24,13,"35.000.000,00 €"
Marruecos,MAR,18,Defensa central,Chadi Riad,17/06/2003,"1,87 m",Izquierdo,Crystal Palace,Premier League,4,1,"12.000.000,00 €"
Marruecos,MAR,7,Extremo derecho,Chemsdine Talbi,09/05/2005,"1,75 m",Derecho,Sunderland,Premier League,5,0,"25.000.000,00 €"
Marruecos,MAR,12,Portero,El Mehdi Al Harrar,30/11/2000,"1,92 m",Derecho,Raja Casablanca,Botola Pro Inwi,7,0,"1.000.000,00 €"
Marruecos,MAR,22,Portero,El Mehdi Benabid,24/01/1998,"1,88 m",Derecho,Wydad AC,Botola Pro Inwi,5,0,"1.500.000,00 €"
Marruecos,MAR,16,Extremo derecho,Gessime Yassine,22/11/2005,"1,72 m",Izquierdo,Estrasburgo,Ligue 1,2,0,"10.000.000,00 €"
Marruecos,MAR,11,Mediocentro ofensivo,Ismael Saibari,28/01/2001,"1,85 m",Derecho,PSV,Eredivisie,27,7,"32.000.000,00 €"
Marruecos,MAR,4,Defensa central,Ismaël Baouf,17/09/2006,"1,83 m",Derecho,SC Cambuur,Keuken Kampioen Divisie,0,0,"2.500.000,00 €"
Marruecos,MAR,5,Defensa central,Issa Diop,09/01/1997,"1,94 m",Derecho,Fulham,Premier League,2,0,"10.000.000,00 €"
Marruecos,MAR,6,Pivote,Mohamed Rabie Hrimat,07/08/1994,"1,86 m",Derecho,AS FAR Rabat,Botola Pro Inwi,15,2,"1.500.000,00 €"
Marruecos,MAR,24,Mediocentro,Neil El Aynaoui,02/07/2001,"1,85 m",Derecho,AS Roma,Serie A,15,2,"20.000.000,00 €"
Marruecos,MAR,3,Lateral derecho,Noussair Mazraoui,14/11/1997,"1,83 m",Derecho,Manchester Utd.,Premier League,43,2,"20.000.000,00 €"
Marruecos,MAR,14,Pivote,Oussama Targhalline,20/05/2002,"1,86 m",Derecho,Feyenoord,Eredivisie,11,0,"12.000.000,00 €"
Marruecos,MAR,29,Mediocentro ofensivo,Rayane Bounida,03/03/2006,"1,79 m",Derecho,Ajax,Eredivisie,0,0,"5.000.000,00 €"
Marruecos,MAR,25,Defensa central,Redouane Halhal,05/03/2003,"1,87 m",Derecho,KV Mechelen,Jupiler Pro League,1,0,"3.000.000,00 €"
Marruecos,MAR,28,Mediocentro,Samir El Mourabet,06/10/2005,"1,86 m",Izquierdo,Estrasburgo,Ligue 1,2,0,"18.000.000,00 €"
Marruecos,MAR,15,Lateral izquierdo,Souffian El Karouani,19/10/2000,"1,78 m",Izquierdo,FC Utrecht,Eredivisie,6,0,"15.000.000,00 €"
Marruecos,MAR,9,Extremo izquierdo,Soufiane Rahimi,02/06/1996,"1,80 m",Derecho,Al-Ain,UAE Pro League,35,11,"6.000.000,00 €"
Marruecos,MAR,1,Portero,Yassine Bounou,05/04/1991,"1,95 m",Izquierdo,Al-Hilal,Saudi Pro League,89,0,"3.500.000,00 €"
Marruecos,MAR,19,Delantero centro,Yassir Zabiri,23/02/2005,"1,82 m",Izquierdo,Stade Rennes,Ligue 1,0,0,"9.000.000,00 €"
Marruecos,MAR,13,Lateral derecho,Zakaria El Ouahdi,31/12/2001,"1,73 m",Derecho,KRC Genk,Jupiler Pro League,2,0,"15.000.000,00 €"
Países Bajos,NED,1,Portero,Bart Verbruggen,18/08/2002,"1,94 m",Derecho,Brighton,Premier League,27,0,"40.000.000,00 €"
Países Bajos,NED,19,Delantero centro,Brian Brobbey,01/02/2002,"1,80 m",Derecho,Sunderland,Premier League,10,1,"25.000.000,00 €"
Países Bajos,NED,11,Extremo izquierdo,Cody Gakpo,07/05/1999,"1,93 m",Derecho,Liverpool,Premier League,48,19,"65.000.000,00 €"
Países Bajos,NED,22,Lateral derecho,Denzel Dumfries,18/04/1996,"1,88 m",Derecho,Inter,Serie A,71,11,"25.000.000,00 €"
Países Bajos,NED,18,Delantero centro,Donyell Malen,19/01/1999,"1,76 m",Derecho,AS Roma,Serie A,51,13,"35.000.000,00 €"
Países Bajos,NED,3,Defensa central,Jan Paul van Hecke,08/06/2000,"1,89 m",Derecho,Brighton,Premier League,10,0,"35.000.000,00 €"
Países Bajos,NED,16,Pivote,Jerdy Schouten,12/01/1997,"1,85 m",Derecho,PSV,Eredivisie,17,0,"22.000.000,00 €"
Países Bajos,NED,12,Lateral derecho,Jeremie Frimpong,10/12/2000,"1,72 m",Derecho,Liverpool,Premier League,15,1,"35.000.000,00 €"
Países Bajos,NED,25,Lateral izquierdo,Jorrel Hato,07/03/2006,"1,82 m",Izquierdo,Chelsea,Premier League,7,0,"35.000.000,00 €"
Países Bajos,NED,13,Portero,Justin Bijlow,22/01/1998,"1,88 m",Derecho,Génova,Serie A,8,0,"4.000.000,00 €"
Países Bajos,NED,21,Mediocentro,Kees Smit,20/01/2006,"1,85 m",Derecho,AZ Alkmaar,Eredivisie,1,0,"25.000.000,00 €"
Países Bajos,NED,10,Mediocentro,Luciano Valente,04/10/2003,"1,89 m",Derecho,Feyenoord,Eredivisie,2,0,"18.000.000,00 €"
Países Bajos,NED,2,Lateral derecho,Lutsharel Geertruida,18/07/2000,"1,84 m",Derecho,Sunderland,Premier League,20,0,"20.000.000,00 €"
Países Bajos,NED,23,Portero,Mark Flekken,13/06/1993,"1,95 m",Ambidiestro,Leverkusen,Bundesliga,11,0,"8.000.000,00 €"
Países Bajos,NED,15,Defensa central,Micky van de Ven,19/04/2001,"1,93 m",Izquierdo,Tottenham,Premier League,19,1,"65.000.000,00 €"
Países Bajos,NED,5,Defensa central,Nathan Aké,18/02/1995,"1,80 m",Izquierdo,Man. City,Premier League,58,5,"15.000.000,00 €"
Países Bajos,NED,17,Extremo izquierdo,Noa Lang,17/06/1999,"1,73 m",Derecho,Galatasaray,Süper Lig,15,3,"25.000.000,00 €"
Países Bajos,NED,26,Mediocentro,Quinten Timber,17/06/2001,"1,79 m",Derecho,Marsella,Ligue 1,10,1,"25.000.000,00 €"
Países Bajos,NED,8,Pivote,Ryan Gravenberch,16/05/2002,"1,90 m",Derecho,Liverpool,Premier League,25,1,"90.000.000,00 €"
Países Bajos,NED,6,Defensa central,Stefan de Vrij,05/02/1992,"1,89 m",Derecho,Inter,Serie A,79,4,"3.500.000,00 €"
Países Bajos,NED,20,Mediocentro ofensivo,Teun Koopmeiners,28/02/1998,"1,84 m",Izquierdo,Juventus,Serie A,27,3,"20.000.000,00 €"
Países Bajos,NED,14,Mediocentro,Tijjani Reijnders,29/07/1998,"1,85 m",Derecho,Man. City,Premier League,30,7,"60.000.000,00 €"
Países Bajos,NED,4,Defensa central,Virgil van Dijk,08/07/1991,"1,95 m",Derecho,Liverpool,Premier League,90,12,"18.000.000,00 €"
Países Bajos,NED,9,Delantero centro,Wout Weghorst,07/08/1992,"1,97 m",Derecho,Ajax,Eredivisie,51,14,"2.500.000,00 €"
Países Bajos,NED,7,Mediocentro ofensivo,Xavi Simons,21/04/2003,"1,79 m",Derecho,Tottenham,Premier League,34,6,"50.000.000,00 €"
Nueva Zelanda,NZL,,Portero,Alex Paulsen,04/07/2002,"1,84 m",Derecho,Lechia,Ekstraklasa,6,0,"750.000,00 €"
Nueva Zelanda,NZL,,Pivote,Alex Rufer,12/06/1996,"1,84 m",Derecho,Wellington,A-League Men,24,0,"600.000,00 €"
Nueva Zelanda,NZL,,Mediocentro ofensivo,Andre de Jong,02/11/1996,"1,81 m",Derecho,Orlando Pirates,Betway Premiership,13,2,"800.000,00 €"
Nueva Zelanda,NZL,,Lateral izquierdo,Ben Old,13/08/2002,"1,73 m",Izquierdo,St-Étienne,Ligue 2,22,2,"1.200.000,00 €"
Nueva Zelanda,NZL,,Delantero centro,Ben Waine,11/06/2001,"1,79 m",Derecho,Port Vale,League One,30,9,"500.000,00 €"
Nueva Zelanda,NZL,,Defensa central,Bill Tuiloma,27/03/1995,"1,82 m",Derecho,Wellington,A-League Men,47,4,"400.000,00 €"
Nueva Zelanda,NZL,,Lateral derecho,Callan Elliot,07/07/1999,"1,77 m",Derecho,Auckland FC,A-League Men,9,0,"375.000,00 €"
Nueva Zelanda,NZL,,Mediocentro ofensivo,Callum McCowatt,30/04/1999,"1,79 m",Derecho,Silkeborg IF,Superliga,30,4,"2.000.000,00 €"
Nueva Zelanda,NZL,,Extremo derecho,Elijah Just,01/05/2000,"1,75 m",Izquierdo,Motherwell FC,Premiership,42,9,"1.500.000,00 €"
Nueva Zelanda,NZL,,Defensa central,Finn Surman,23/09/2003,"1,90 m",Derecho,Portland,MLS,17,2,"1.500.000,00 €"
Nueva Zelanda,NZL,,Lateral izquierdo,Francis de Vries,28/11/1994,"1,88 m",Izquierdo,Auckland FC,A-League Men,17,1,"600.000,00 €"
Nueva Zelanda,NZL,,Lateral izquierdo,James McGarry,09/04/1998,"1,80 m",Izquierdo,Brisbane Roar,A-League Men,7,0,"400.000,00 €"
Nueva Zelanda,NZL,,Extremo izquierdo,Jesse Randall,19/08/2002,"1,76 m",Derecho,Auckland FC,A-League Men,9,2,"600.000,00 €"
Nueva Zelanda,NZL,,Pivote,Joe Bell,27/04/1999,"1,82 m",Derecho,Viking FK,Eliteserien,31,1,"3.000.000,00 €"
Nueva Zelanda,NZL,,Delantero centro,Kosta Barbarouses,19/02/1990,"1,71 m",Ambidiestro,Western Sydney,A-League Men,74,10,"325.000,00 €"
Nueva Zelanda,NZL,,Mediocentro,Lachlan Bayliss,24/07/2002,"1,79 m",Derecho,Newcastle,A-League Men,2,0,"350.000,00 €"
Nueva Zelanda,NZL,,Extremo derecho,Logan Rogerson,28/05/1998,"1,82 m",Derecho,Auckland FC,A-League Men,18,2,"400.000,00 €"
Nueva Zelanda,NZL,,Mediocentro,Marko Stamenić,19/02/2002,"1,88 m",Derecho,Swansea City,Championship,37,3,"3.000.000,00 €"
Nueva Zelanda,NZL,,Portero,Max Crocombe,12/08/1993,"1,94 m",Derecho,Millwall,Championship,22,0,"1.000.000,00 €"
Nueva Zelanda,NZL,,Portero,Michael Woud,16/01/1999,"1,96 m",Izquierdo,Auckland FC,A-League Men,6,0,"300.000,00 €"
Nueva Zelanda,NZL,,Pivote,Ryan Thomas,20/12/1994,"1,74 m",Derecho,PEC Zwolle,Eredivisie,25,3,"700.000,00 €"
Nueva Zelanda,NZL,,Lateral derecho,Tim Payne,10/01/1994,"1,79 m",Derecho,Wellington,A-League Men,50,3,"400.000,00 €"
Nueva Zelanda,NZL,,Defensa central,Tyler Bindon,27/01/2005,"1,88 m",Derecho,Sheff Utd,Championship,23,2,"1.500.000,00 €"
Noruega,NOR,7,Delantero centro,Alexander Sørloth,05/12/1995,"1,95 m",Izquierdo,Atlético,LaLiga,70,26,"20.000.000,00 €"
Noruega,NOR,21,Extremo izquierdo,Andreas Schjelderup,01/06/2004,"1,76 m",Derecho,Benfica,Liga Portugal,10,1,"20.000.000,00 €"
Noruega,NOR,20,Extremo izquierdo,Antonio Nusa,17/04/2005,"1,83 m",Derecho,Leipzig,Bundesliga,22,7,"32.000.000,00 €"
Noruega,NOR,5,Lateral izquierdo,David Møller Wolfe,23/4/2002,"1,87 m",Izquierdo,Wolverhampton,Premier League,20,1,"10.000.000,00 €"
Noruega,NOR,13,Portero,Egil Selvik,30/07/1997,"1,93 m",Izquierdo,Watford,Championship,6,0,"1.300.000,00 €"
Noruega,NOR,9,Delantero centro,Erling Haaland,21/7/2000,"1,95 m",Izquierdo,Man. City,Premier League,49,55,"200.000.000,00 €"
Noruega,NOR,19,Mediocentro,Felix Horn Myhre,04/03/1999,"1,80 m",Derecho,SK Brann,Eliteserien,7,2,"3.500.000,00 €"
Noruega,NOR,15,Lateral izquierdo,Fredrik Bjørkan,21/08/1998,"1,80 m",Izquierdo,Bodø/Glimt,Eliteserien,19,1,"3.500.000,00 €"
Noruega,NOR,24,Defensa central,Henrik Falchener,8/5/2003,"1,94 m",Derecho,Viking FK,Eliteserien,1,0,"4.000.000,00 €"
Noruega,NOR,10,Extremo izquierdo,Jens Petter Hauge,12/10/1999,"1,84 m",Derecho,Bodø/Glimt,Eliteserien,14,1,"12.000.000,00 €"
Noruega,NOR,14,Lateral derecho,Julian Ryerson,17/11/1997,"1,83 m",Derecho,Dortmund,Bundesliga,41,1,"25.000.000,00 €"
Noruega,NOR,11,Delantero centro,Jørgen Strand Larsen,06/02/2000,"1,93 m",Derecho,Crystal Palace,Premier League,26,4,"45.000.000,00 €"
Noruega,NOR,18,Mediocentro,Kristian Thorstvedt,13/03/1999,"1,89 m",Izquierdo,Sassuolo,Serie A,35,4,"10.000.000,00 €"
Noruega,NOR,3,Defensa central,Kristoffer Ajer,17/04/1998,"1,98 m",Derecho,Brentford,Premier League,50,2,"18.000.000,00 €"
Noruega,NOR,4,Defensa central,Leo Østigård,28/11/1999,"1,83 m",Derecho,Génova,Serie A,36,1,"10.000.000,00 €"
Noruega,NOR,16,Lateral derecho,Marcus Pedersen,16/07/2000,"1,84 m",Derecho,Torino,Serie A,31,0,"3.500.000,00 €"
Noruega,NOR,2,Mediocentro,Morten Thorsby,5/5/1996,"1,88 m",Derecho,Cremonese,Serie A,30,0,"3.000.000,00 €"
Noruega,NOR,23,Defensa central,Odin Bjørtuft,19/12/1998,"1,88 m",Derecho,Bodø/Glimt,Eliteserien,1,0,"4.500.000,00 €"
Noruega,NOR,22,Extremo derecho,Oscar Bobb,12/07/2003,"1,75 m",Izquierdo,Fulham,Premier League,18,2,"30.000.000,00 €"
Noruega,NOR,6,Pivote,Patrick Berg,24/11/1997,"1,77 m",Derecho,Bodø/Glimt,Eliteserien,41,0,"8.000.000,00 €"
Noruega,NOR,8,Pivote,Sander Berge,14/02/1998,"1,95 m",Derecho,Fulham,Premier League,64,1,"25.000.000,00 €"
Noruega,NOR,17,Defensa central,Torbjørn Heggem,12/01/1999,"1,92 m",Izquierdo,Bolonia,Serie A,13,0,"14.000.000,00 €"
Noruega,NOR,12,Portero,Viljar Myhra,21/07/1996,"1,94 m",Derecho,Odense BK,Superliga,0,0,"800.000,00 €"
Noruega,NOR,1,Portero,Ørjan Nyland,10/09/1990,"1,92 m",Derecho,Sevilla FC,LaLiga,69,0,"900.000,00 €"
Panamá,PAN,8,Mediocentro,Adalberto Carrasquilla,28/11/1998,"1,71 m",Derecho,Pumas UNAM,Liga MX Apertura,72,3,"4.000.000,00 €"
Panamá,PAN,23,Lateral derecho,Amir Murillo,11/02/1996,"1,84 m",Derecho,Besiktas,Süper Lig,91,9,"8.000.000,00 €"
Panamá,PAN,16,Defensa central,Andrés Andrade,16/10/1998,"1,87 m",Izquierdo,LASK,Bundesliga,47,1,"2.000.000,00 €"
Panamá,PAN,20,Pivote,Aníbal Godoy,10/02/1990,"1,83 m",Izquierdo,San Diego,MLS,157,4,"100.000,00 €"
Panamá,PAN,14,Pivote,Carlos Harvey,03/02/2000,"1,84 m",Derecho,Minnesota,MLS,25,2,"600.000,00 €"
Panamá,PAN,18,Delantero centro,Cecilio Waterman,13/4/1991,"1,80 m",Derecho,U. Concepción,Liga Primera,52,14,"350.000,00 €"
Panamá,PAN,6,Pivote,Cristian Martínez,06/02/1997,"1,70 m",Derecho,Kiryat Shmona,Ligat ha'Al,63,2,"750.000,00 €"
Panamá,PAN,2,Lateral derecho,César Blackman,02/04/1998,"1,74 m",Derecho,Slo. Bratislava,Niké Liga,37,3,"2.500.000,00 €"
Panamá,PAN,12,Portero,César Samudio,23/02/1994,"1,88 m",Izquierdo,Marathón,Liga Nacional Clausura,4,0,"300.000,00 €"
Panamá,PAN,21,Extremo derecho,César Yanis,28/01/1996,"1,60 m",Izquierdo,Cobresal,Liga Primera,53,5,"350.000,00 €"
Panamá,PAN,10,Extremo izquierdo,Ismael Díaz,12/05/1997,"1,83 m",Derecho,León,Liga MX Apertura,53,17,"1.800.000,00 €"
Panamá,PAN,13,Defensa central,Jiovany Ramos,26/01/1997,"1,89 m",Derecho,Puerto Cabello,Liga FUTVE Apertura,20,1,"400.000,00 €"
Panamá,PAN,19,Lateral izquierdo,Jorge Gutiérrez,01/09/1998,"1,71 m",Izquierdo,Dep. La Guaira,Liga FUTVE Apertura,17,0,"750.000,00 €"
Panamá,PAN,3,Defensa central,José Córdoba,03/06/2001,"1,85 m",Izquierdo,Norwich,Championship,30,1,"4.500.000,00 €"
Panamá,PAN,17,Delantero centro,José Fajardo,18/08/1993,"1,81 m",Derecho,Uni. Católica,LigaPro Serie A,65,17,"600.000,00 €"
Panamá,PAN,7,Extremo izquierdo,José Luis Rodríguez,19/06/1998,"1,83 m",Izquierdo,FC Juárez,Liga MX Apertura,67,8,"2.500.000,00 €"
Panamá,PAN,9,Delantero centro,Kadir Barría,18/07/2007,"1,83 m",Derecho,Botafogo,Série A,3,1,"1.000.000,00 €"
Panamá,PAN,1,Portero,Luis Mejía,16/3/1991,"1,91 m",Izquierdo,Nacional,Liga AUF Apertura,56,0,"250.000,00 €"
Panamá,PAN,4,Defensa central,Martín Krug,09/07/2006,"1,92 m",Derecho,Atl. Levante,,2,0,"50.000,00 €"
Panamá,PAN,22,Portero,Orlando Mosquera,25/12/1994,"1,91 m",Derecho,Al-Fayha,Saudi Pro League,46,0,"650.000,00 €"
Panamá,PAN,5,Defensa central,Roderick Miller,3/4/1992,"1,90 m",Izquierdo,Turan Tovuz,Premyer Liqa,47,2,"200.000,00 €"
Panamá,PAN,11,Extremo derecho,Yoel Bárcenas,23/10/1993,"1,78 m",Derecho,Mazatlán FC,Liga MX Apertura,100,9,"700.000,00 €"
Panamá,PAN,15,Lateral izquierdo,Éric Davis,31/03/1991,"1,80 m",Izquierdo,Plaza Amador,Liga Panameña Clausura,104,9,"50.000,00 €"
Paraguay,PAR,,Lateral derecho,Alan Benítez,25/01/1994,"1,77 m",Derecho,Libertad,Primera División Apertura,8,0,"300.000,00 €"
Paraguay,PAR,,Lateral izquierdo,Alexandro Maidana,26/07/2005,"1,78 m",Izquierdo,Talleres,Torneo Apertura,1,0,"1.500.000,00 €"
Paraguay,PAR,,Pivote,Andrés Cubas,22/05/1996,"1,66 m",Derecho,Vancouver,MLS,32,0,"4.000.000,00 €"
Paraguay,PAR,9,Delantero centro,Antonio Sanabria,04/03/1996,"1,80 m",Derecho,Cremonese,Serie A,47,7,"2.000.000,00 €"
Paraguay,PAR,20,Pivote,Braian Ojeda,27/06/2000,"1,73 m",Derecho,Orlando,MLS,16,0,"4.000.000,00 €"
Paraguay,PAR,16,Mediocentro,Damián Bobadilla,11/07/2001,"1,81 m",Derecho,São Paulo,Série A,19,1,"5.000.000,00 €"
Paraguay,PAR,8,Mediocentro,Diego Gómez,27/03/2003,"1,85 m",Derecho,Brighton,Premier League,23,3,"25.000.000,00 €"
Paraguay,PAR,,Defensa central,Fabián Balbuena,23/08/1991,"1,89 m",Derecho,Grêmio,Série A,46,2,"1.200.000,00 €"
Paraguay,PAR,19,Delantero centro,Gabriel Ávalos,12/10/1990,"1,90 m",Derecho,Independiente,Torneo Apertura,22,2,"800.000,00 €"
Paraguay,PAR,,Portero,Gastón Olveira,21/04/1993,"1,91 m",Derecho,Olimpia,Primera División Apertura,1,0,"500.000,00 €"
Paraguay,PAR,,Extremo izquierdo,Gustavo Caballero,21/09/2001,"1,86 m",Derecho,Portsmouth FC,Championship,2,1,"1.000.000,00 €"
Paraguay,PAR,15,Defensa central,Gustavo Gómez,06/05/1993,"1,85 m",Derecho,Palmeiras,Série A,88,4,"4.000.000,00 €"
Paraguay,PAR,2,Defensa central,Gustavo Velázquez,17/04/1991,"1,79 m",Derecho,Cerro Porteño,Primera División Apertura,12,1,"600.000,00 €"
Paraguay,PAR,,Defensa central,José Canale,20/07/1996,"1,87 m",Izquierdo,Lanús,Torneo Apertura,1,0,"1.800.000,00 €"
Paraguay,PAR,4,Lateral derecho,Juan José Cáceres,01/06/2000,"1,77 m",Derecho,Dinamo Moscú,Premier Liga,14,0,"4.000.000,00 €"
Paraguay,PAR,,Mediocentro ofensivo,Julio Enciso,23/01/2004,"1,73 m",Derecho,Estrasburgo,Ligue 1,31,4,"22.000.000,00 €"
Paraguay,PAR,,Defensa central,Júnior Alonso,09/02/1993,"1,85 m",Izquierdo,Atl. Mineiro,Série A,70,3,"2.000.000,00 €"
Paraguay,PAR,10,Mediocentro ofensivo,Kaku,11/01/1995,"1,71 m",Izquierdo,Al-Ain,UAE Pro League,33,5,"5.000.000,00 €"
Paraguay,PAR,23,Mediocentro,Matías Galarza,11/02/2002,"1,75 m",Izquierdo,Atlanta,MLS,14,2,"3.000.000,00 €"
Paraguay,PAR,,Mediocentro ofensivo,Mauricio,22/06/2001,"1,74 m",Izquierdo,Palmeiras,Série A,2,0,"14.000.000,00 €"
Paraguay,PAR,,Extremo derecho,Miguel Almirón,10/02/1994,"1,74 m",Izquierdo,Atlanta,MLS,75,9,"9.000.000,00 €"
Paraguay,PAR,3,Defensa central,Omar Alderete,26/12/1996,"1,88 m",Izquierdo,Sunderland,Premier League,35,3,"15.000.000,00 €"
Paraguay,PAR,22,Portero,Orlando Gill,11/06/2000,"1,98 m",Izquierdo,San Lorenzo,Torneo Apertura,5,0,"5.000.000,00 €"
Paraguay,PAR,7,Mediapunta,Ramón Sosa,31/08/1999,"1,79 m",Derecho,Palmeiras,Série A,28,1,"10.000.000,00 €"
Paraguay,PAR,12,Portero,Roberto Fernández,29/03/1988,"1,91 m",Derecho,Cerro Porteño,Primera División Apertura,29,0,"150.000,00 €"
Paraguay,PAR,18,Delantero centro,Álex Arce,16/06/1995,"1,87 m",Derecho,Ind. Rivadavia,Torneo Apertura,14,1,"3.000.000,00 €"
Portugal,POR,4,Defensa central,António Silva,30/10/2003,"1,87 m",Derecho,Benfica,Liga Portugal,20,0,"28.000.000,00 €"
Portugal,POR,8,Mediocentro ofensivo,Bruno Fernandes,08/09/1994,"1,79 m",Derecho,Manchester Utd.,Premier League,87,28,"40.000.000,00 €"
Portugal,POR,5,Lateral derecho,Diogo Dalot,18/03/1999,"1,83 m",Derecho,Manchester Utd.,Premier League,33,3,"30.000.000,00 €"
Portugal,POR,20,Extremo derecho,Francisco Conceição,14/12/2002,"1,70 m",Izquierdo,Juventus,Serie A,15,3,"30.000.000,00 €"
Portugal,POR,16,Mediocentro ofensivo,Francisco Trincão,29/12/1999,"1,84 m",Izquierdo,Sporting CP,Liga Portugal,17,3,"35.000.000,00 €"
Portugal,POR,17,Extremo izquierdo,Gonçalo Guedes,29/11/1996,"1,79 m",Derecho,Real Sociedad,LaLiga,33,7,"6.000.000,00 €"
Portugal,POR,14,Defensa central,Gonçalo Inácio,25/08/2001,"1,86 m",Izquierdo,Sporting CP,Liga Portugal,20,2,"40.000.000,00 €"
Portugal,POR,9,Delantero centro,Gonçalo Ramos,20/06/2001,"1,85 m",Derecho,PSG,Ligue 1,24,10,"35.000.000,00 €"
Portugal,POR,,Portero,José Sá,17/01/1993,"1,92 m",Derecho,Wolverhampton,Premier League,4,0,"5.000.000,00 €"
Portugal,POR,,Lateral derecho,João Cancelo,27/05/1994,"1,82 m",Derecho,FC Barcelona,LaLiga,66,12,"9.000.000,00 €"
Portugal,POR,11,Mediapunta,João Félix,10/11/1999,"1,81 m",Derecho,Al-Nassr,Saudi Pro League,52,12,"25.000.000,00 €"
Portugal,POR,15,Mediocentro,João Neves,27/09/2004,"1,74 m",Derecho,PSG,Ligue 1,21,3,"110.000.000,00 €"
Portugal,POR,,Mediocentro,Mateus Fernandes,10/07/2004,"1,80 m",Derecho,West Ham,Premier League,1,0,"35.000.000,00 €"
Portugal,POR,15,Lateral derecho,Matheus Nunes,27/08/1998,"1,83 m",Derecho,Man. City,Premier League,19,2,"45.000.000,00 €"
Portugal,POR,,Lateral izquierdo,Nuno Mendes,19/06/2002,"1,80 m",Izquierdo,PSG,Ligue 1,43,1,"75.000.000,00 €"
Portugal,POR,,Delantero centro,Paulinho,09/11/1992,"1,88 m",Izquierdo,Toluca,Liga MX Apertura,5,2,"6.000.000,00 €"
Portugal,POR,,Extremo izquierdo,Pedro Gonçalves,28/06/1998,"1,73 m",Derecho,Sporting CP,Liga Portugal,4,0,"28.000.000,00 €"
Portugal,POR,,Extremo derecho,Pedro Neto,09/03/2000,"1,74 m",Izquierdo,Chelsea,Premier League,23,2,"60.000.000,00 €"
Portugal,POR,13,Defensa central,Renato Veiga,29/07/2003,"1,90 m",Izquierdo,Villarreal,LaLiga,11,1,"25.000.000,00 €"
Portugal,POR,15,Extremo izquierdo,Ricardo Horta,15/09/1994,"1,73 m",Derecho,SC Braga,Liga Portugal,13,4,"10.000.000,00 €"
Portugal,POR,,Portero,Ricardo Velho,20/08/1998,"1,88 m",Derecho,Genclerbirligi,Süper Lig,1,0,"2.500.000,00 €"
Portugal,POR,22,Portero,Rui Silva,07/02/1994,"1,91 m",Izquierdo,Sporting CP,Liga Portugal,2,0,"7.000.000,00 €"
Portugal,POR,21,Pivote,Rúben Neves,13/03/1997,"1,80 m",Derecho,Al-Hilal,Saudi Pro League,65,1,"25.000.000,00 €"
Portugal,POR,6,Pivote,Samú Costa,27/11/2000,"1,85 m",Izquierdo,RCD Mallorca,LaLiga,4,0,"15.000.000,00 €"
Portugal,POR,3,Defensa central,Tomás Araújo,16/05/2002,"1,87 m",Derecho,Benfica,Liga Portugal,3,0,"28.000.000,00 €"
Portugal,POR,23,Pivote,Vitinha,13/02/2000,"1,72 m",Derecho,PSG,Ligue 1,37,0,"110.000.000,00 €"
Qatar,QAT,6,Mediocentro,Abdulaziz Hatim,28/10/1990,"1,83 m",Izquierdo,Al-Rayyan,Qatar Stars League,121,11,"275.000,00 €"
Qatar,QAT,7,Delantero centro,Ahmed Alaaeldin,31/01/1993,"1,77 m",Derecho,Al-Rayyan,Qatar Stars League,67,8,"375.000,00 €"
Qatar,QAT,20,Pivote,Ahmed Fathi,25/01/1993,"1,71 m",Derecho,Al-Arabi SC,Qatar Stars League,44,0,"275.000,00 €"
Qatar,QAT,10,Extremo izquierdo,Akram Afif,18/11/1996,"1,77 m",Derecho,Al-Sadd,Qatar Stars League,126,40,"8.000.000,00 €"
Qatar,QAT,16,Defensa central,Al-Hashmi Al-Hussain,15/08/2003,"1,84 m",Derecho,Al-Arabi SC,Qatar Stars League,7,0,"250.000,00 €"
Qatar,QAT,,Mediocentro,Anas Abweny,11/09/2004,,Derecho,Al-Sadd,Qatar Stars League,0,0,"125.000,00 €"
Qatar,QAT,23,Pivote,Assim Madibo,22/10/1996,"1,68 m",Derecho,Al-Wakrah SC,Qatar Stars League,60,0,"350.000,00 €"
Qatar,QAT,13,Lateral derecho,Ayoub Al-Oui,11/03/2005,"1,87 m",Derecho,Al-Gharafa,Qatar Stars League,5,0,"350.000,00 €"
Qatar,QAT,11,Extremo izquierdo,Edmílson Junior,19/8/1994,"1,80 m",Derecho,Al-Duhail SC,Qatar Stars League,14,0,"2.000.000,00 €"
Qatar,QAT,14,Lateral izquierdo,Homam Al-Amin,25/08/1999,"1,88 m",Izquierdo,CyD Leonesa,2ª División,67,3,"500.000,00 €"
Qatar,QAT,2,Defensa central,Issa Laye,22/12/1997,"1,88 m",Derecho,Al-Arabi SC,Qatar Stars League,2,0,"200.000,00 €"
Qatar,QAT,8,Pivote,Jassem Gaber,20/02/2002,"1,88 m",Derecho,Al-Rayyan,Qatar Stars League,32,1,"600.000,00 €"
Qatar,QAT,12,Extremo derecho,Khalid Ali Sabah,05/10/2001,"1,62 m",Izquierdo,Al-Sailiya SC,Qatar Stars League,2,0,"250.000,00 €"
Qatar,QAT,3,Defensa central,Lucas Mendes,03/07/1990,"1,84 m",Izquierdo,Al-Wakrah SC,Qatar Stars League,25,2,"375.000,00 €"
Qatar,QAT,21,Portero,Mahmoud Abunada,05/02/2000,"1,91 m",Izquierdo,Al-Rayyan,Qatar Stars League,4,0,"350.000,00 €"
Qatar,QAT,22,Portero,Meshaal Barsham,14/02/1998,"1,80 m",Derecho,Al-Sadd,Qatar Stars League,54,0,"800.000,00 €"
Qatar,QAT,17,Pivote,Mohamed Al-Mannai,30/10/2003,"1,89 m",Derecho,Al-Shamal SC,Qatar Stars League,9,0,"400.000,00 €"
Qatar,QAT,19,Extremo izquierdo,Mohamed Khaled Gouda,26/01/2005,"1,78 m",Derecho,Al-Arabi SC,Qatar Stars League,8,1,"250.000,00 €"
Qatar,QAT,9,Delantero centro,Mohammed Muntari,20/12/1993,"1,94 m",Derecho,Al-Gharafa,Qatar Stars League,70,16,"225.000,00 €"
Qatar,QAT,4,Lateral izquierdo,Mohammed Waad,18/09/1999,"1,83 m",Izquierdo,Al-Shamal SC,Qatar Stars League,50,0,"500.000,00 €"
Qatar,QAT,,Defensa central,Niall Mason,10/01/1997,"1,80 m",Derecho,Qatar SC,Qatar Stars League,0,0,"175.000,00 €"
Qatar,QAT,1,Portero,Shehab Ellethy,18/04/2000,"1,83 m",Izquierdo,Al-Shahania SC,Qatar Stars League,1,0,"350.000,00 €"
Qatar,QAT,18,Lateral izquierdo,Sultan Al-Brake,07/04/1996,"1,75 m",Izquierdo,Al-Duhail SC,Qatar Stars League,17,0,"325.000,00 €"
Qatar,QAT,5,Defensa central,Tarek Salman,05/12/1997,"1,79 m",Derecho,Al-Sadd,Qatar Stars League,85,2,"600.000,00 €"
Qatar,QAT,15,Defensa central,Youssef Ayman,21/03/1999,"1,90 m",Derecho,Al-Duhail SC,Qatar Stars League,9,1,"400.000,00 €"
Arabia Saudita,KSA,4,Defensa central,Abdulelah Al-Amri,15/01/1997,"1,83 m",Derecho,Al-Nassr,Saudi Pro League,38,1,"1.000.000,00 €"
Arabia Saudita,KSA,19,Delantero centro,Abdullah Al-Hamdan,12/09/1999,"1,84 m",,Al-Nassr,Saudi Pro League,46,11,"325.000,00 €"
Arabia Saudita,KSA,22,Portero,Ahmed Al-Kassar,08/05/1991,"1,79 m",Derecho,Al-Qadsiah,Saudi Pro League,8,0,"175.000,00 €"
Arabia Saudita,KSA,2,Lateral derecho,Ali Majrashi,01/10/1999,"1,69 m",Derecho,Al-Ahli,Saudi Pro League,20,0,"1.200.000,00 €"
Arabia Saudita,KSA,18,Lateral izquierdo,Ayman Yahya,14/05/2001,"1,68 m",,Al-Nassr,Saudi Pro League,22,0,"1.400.000,00 €"
Arabia Saudita,KSA,9,Delantero centro,Firas Al-Buraikan,14/5/2000,"1,81 m",Izquierdo,Al-Ahli,Saudi Pro League,69,15,"4.000.000,00 €"
Arabia Saudita,KSA,14,Lateral izquierdo,Hassan Kadesh,26/09/1992,"1,79 m",Izquierdo,Al-Ittihad,Saudi Pro League,17,2,"300.000,00 €"
Arabia Saudita,KSA,20,Extremo izquierdo,Khalid Al-Ghannam,07/11/2000,"1,71 m",Derecho,Al-Ettifaq,Saudi Pro League,4,0,"900.000,00 €"
Arabia Saudita,KSA,8,Extremo izquierdo,Marwan Al-Sahafi,17/02/2004,"1,88 m",,Royal Amberes,Jupiler Pro League,16,0,"1.000.000,00 €"
Arabia Saudita,KSA,28,Mediocentro,Mohamed Kanno,22/09/1994,"1,92 m",Derecho,Al-Hilal,Saudi Pro League,72,8,"900.000,00 €"
Arabia Saudita,KSA,21,Portero,Mohammed Al-Yami,14/08/1997,"1,90 m",Derecho,Al-Hilal,Saudi Pro League,6,0,"350.000,00 €"
Arabia Saudita,KSA,6,Mediocentro,Murad Al-Hawsawi,03/06/2001,"1,80 m",,Al-Hilal,Saudi Pro League,2,0,"1.500.000,00 €"
Arabia Saudita,KSA,10,Mediocentro,Musab Al-Juwayr,20/6/2003,"1,78 m",Derecho,Al-Qadsiah,Saudi Pro League,33,6,"4.500.000,00 €"
Arabia Saudita,KSA,3,Lateral izquierdo,Muteb Al-Mufarrij,19/8/1996,"1,82 m",Izquierdo,Al-Taawoun,Saudi Pro League,5,0,"400.000,00 €"
Arabia Saudita,KSA,25,Mediocentro,Naif Masoud,08/03/2001,"1,77 m",,Al-Fateh,Saudi Pro League,5,0,"375.000,00 €"
Arabia Saudita,KSA,1,Portero,Nawaf Al-Aqidi,10/05/2000,"1,86 m",,Al-Nassr,Saudi Pro League,22,0,"700.000,00 €"
Arabia Saudita,KSA,17,Defensa central,Rayan Hamed,13/04/2002,"1,80 m",Derecho,Al-Ahli,Saudi Pro League,5,0,"700.000,00 €"
Arabia Saudita,KSA,11,Delantero centro,Saleh Al-Shehri,01/11/1993,"1,84 m",Derecho,Al-Ittihad,Saudi Pro League,0,0,"550.000,00 €"
Arabia Saudita,KSA,7,Mediocentro,Salman Al-Faraj,01/08/1989,"1,80 m",Izquierdo,NEOM SC,Saudi Pro League,68,8,"250.000,00 €"
Arabia Saudita,KSA,12,Lateral derecho,Saud Abdulhamid,18/7/1999,"1,75 m",Derecho,Lens,Ligue 1,50,1,"5.000.000,00 €"
Arabia Saudita,KSA,24,Extremo derecho,Sultan Mandash,17/10/1994,"1,72 m",Izquierdo,Al-Hilal,Saudi Pro League,4,0,"400.000,00 €"
Arabia Saudita,KSA,26,Extremo izquierdo,Turki Al-Ammar,24/09/1999,"1,78 m",Derecho,Al-Qadsiah,Saudi Pro League,13,1,"900.000,00 €"
Arabia Saudita,KSA,16,Pivote,Ziyad Al-Johani,11/11/2001,"1,80 m",Izquierdo,Al-Ahli,Saudi Pro League,11,0,"800.000,00 €"
Escocia,SCO,8,Mediocentro,Andrew Irving,13/05/2000,"1,90 m",Izquierdo,Sparta Praga,Chance Liga,1,0,"5.000.000,00 €"
Escocia,SCO,3,Lateral izquierdo,Andrew Robertson,11/03/1994,"1,78 m",Izquierdo,Liverpool,Premier League,92,4,"10.000.000,00 €"
Escocia,SCO,,Portero,Angus Gunn,22/01/1996,"1,96 m",Derecho,Nott'm Forest,Premier League,21,0,"1.500.000,00 €"
Escocia,SCO,2,Lateral derecho,Anthony Ralston,16/11/1998,"1,78 m",Derecho,Celtic FC,Premiership,25,1,"1.500.000,00 €"
Escocia,SCO,8,Pivote,Billy Gilmour,11/06/2001,"1,70 m",Derecho,Nápoles,Serie A,45,2,"20.000.000,00 €"
Escocia,SCO,10,Delantero centro,Ché Adams,13/07/1996,"1,79 m",Derecho,Torino,Serie A,46,11,"8.500.000,00 €"
Escocia,SCO,,Defensa central,Dominic Hyam,20/12/1995,"1,88 m",Derecho,Wrexham,Championship,2,0,"2.500.000,00 €"
Escocia,SCO,,Extremo izquierdo,Findlay Curtis,01/10/2006,,Derecho,Kilmarnock FC,Premiership,1,0,"900.000,00 €"
Escocia,SCO,18,Delantero centro,George Hirst,15/02/1999,"1,91 m",Derecho,Ipswich,Championship,8,1,"8.000.000,00 €"
Escocia,SCO,5,Defensa central,Grant Hanley,20/11/1991,"1,88 m",Derecho,Hibernian FC,Premiership,66,2,"350.000,00 €"
Escocia,SCO,13,Defensa central,Jack Hendry,07/05/1995,"1,92 m",Derecho,Al-Ettifaq,Saudi Pro League,37,3,"2.500.000,00 €"
Escocia,SCO,7,Mediocentro,John McGinn,18/10/1994,"1,78 m",Izquierdo,Aston Villa,Premier League,85,20,"15.000.000,00 €"
Escocia,SCO,15,Defensa central,John Souttar,25/09/1996,"1,86 m",Derecho,Rangers FC,Premiership,22,2,"3.000.000,00 €"
Escocia,SCO,23,Mediocentro,Kenny McLean,08/01/1992,"1,80 m",Izquierdo,Norwich,Championship,55,3,"500.000,00 €"
Escocia,SCO,6,Lateral izquierdo,Kieran Tierney,05/06/1997,"1,80 m",Izquierdo,Celtic FC,Premiership,55,2,"8.000.000,00 €"
Escocia,SCO,14,Mediocentro,Lennon Miller,25/08/2006,"1,82 m",Derecho,Udinese,Serie A,4,0,"10.000.000,00 €"
Escocia,SCO,19,Mediocentro,Lewis Ferguson,24/08/1999,"1,81 m",Derecho,Bolonia,Serie A,23,1,"18.000.000,00 €"
Escocia,SCO,12,Portero,Liam Kelly,23/01/1996,"1,84 m",Derecho,Rangers FC,Premiership,2,0,"800.000,00 €"
Escocia,SCO,9,Delantero centro,Lyndon Dykes,07/10/1995,"1,88 m",Derecho,Charlton,Championship,50,10,"1.000.000,00 €"
Escocia,SCO,,Lateral derecho,Nathan Patterson,16/10/2001,"1,89 m",Derecho,Everton,Premier League,25,1,"10.000.000,00 €"
Escocia,SCO,,Lateral derecho,Ross McCrorie,18/03/1998,"1,87 m",Derecho,Bristol City,Championship,2,0,"3.000.000,00 €"
Escocia,SCO,11,Mediocentro,Ryan Christie,22/02/1995,"1,78 m",Izquierdo,Bournemouth,Premier League,66,9,"9.000.000,00 €"
Escocia,SCO,,Portero,Scott Bain,22/11/1991,"1,83 m",Derecho,Falkirk FC,Premiership,4,0,"100.000,00 €"
Escocia,SCO,16,Defensa central,Scott McKenna,12/11/1996,"1,89 m",Izquierdo,Dinamo Zagreb,SuperSport HNL,48,1,"4.000.000,00 €"
Escocia,SCO,4,Mediocentro,Scott McTominay,08/12/1996,"1,91 m",Derecho,Nápoles,Serie A,69,14,"45.000.000,00 €"
Escocia,SCO,,Delantero centro,Tommy Conway,06/08/2002,"1,85 m",Derecho,Middlesbrough,Championship,8,0,"10.000.000,00 €"
Senegal,SEN,,Defensa central,Abdoulaye Seck,04/06/1992,"1,91 m",Derecho,Maccabi Haifa,Ligat ha'Al,20,3,"500.000,00 €"
Senegal,SEN,,Defensa central,Antoine Mendy,27/05/2004,"1,87 m",Derecho,Niza,Ligue 1,5,0,"6.000.000,00 €"
Senegal,SEN,,Extremo izquierdo,Assane Diao,07/09/2005,"1,85 m",Derecho,Como,Serie A,3,0,"30.000.000,00 €"
Senegal,SEN,,Delantero centro,Bamba Dieng,23/03/2000,"1,78 m",Derecho,FC Lorient,Ligue 1,20,2,"6.000.000,00 €"
Senegal,SEN,,Delantero centro,Boulaye Dia,16/11/1996,"1,80 m",Derecho,Lazio,Serie A,38,6,"7.000.000,00 €"
Senegal,SEN,,Delantero centro,Cherif Ndiaye,23/01/1996,"1,90 m",Derecho,Samsunspor,Süper Lig,16,4,"5.000.000,00 €"
Senegal,SEN,,Portero,Edouard Mendy,01/03/1992,"1,94 m",Derecho,Al-Ahli,Saudi Pro League,56,0,"4.500.000,00 €"
Senegal,SEN,,Lateral izquierdo,El Hadji Malick Diouf,28/12/2004,"1,83 m",Izquierdo,West Ham,Premier League,17,1,"28.000.000,00 €"
Senegal,SEN,,Delantero centro,Habib Diallo,18/06/1995,"1,86 m",Derecho,FC Metz,Ligue 1,39,9,"5.000.000,00 €"
Senegal,SEN,,Mediocentro,Habib Diarra,03/01/2004,"1,78 m",Derecho,Sunderland,Premier League,18,4,"32.000.000,00 €"
Senegal,SEN,,Extremo derecho,Ibrahim Mbaye,24/01/2008,"1,75 m",Derecho,PSG,Ligue 1,9,2,"30.000.000,00 €"
Senegal,SEN,,Pivote,Idrissa Gueye,26/09/1989,"1,74 m",Derecho,Everton,Premier League,129,7,"1.000.000,00 €"
Senegal,SEN,,Extremo derecho,Iliman Ndiaye,06/03/2000,"1,80 m",Derecho,Everton,Premier League,38,4,"50.000.000,00 €"
Senegal,SEN,,Lateral izquierdo,Ismail Jakobs,17/08/1999,"1,84 m",Izquierdo,Galatasaray,Süper Lig,28,0,"8.000.000,00 €"
Senegal,SEN,,Extremo derecho,Ismaïla Sarr,25/02/1998,"1,85 m",Derecho,Crystal Palace,Premier League,81,19,"35.000.000,00 €"
Senegal,SEN,,Defensa central,Kalidou Koulibaly,20/06/1991,"1,86 m",Derecho,Al-Hilal,Saudi Pro League,102,2,"5.000.000,00 €"
Senegal,SEN,,Interior derecho,Krépin Diatta,25/02/1999,"1,75 m",Derecho,Mónaco,Ligue 1,58,2,"6.000.000,00 €"
Senegal,SEN,,Mediocentro,Lamine Camara,01/01/2004,"1,73 m",Derecho,Mónaco,Ligue 1,23,6,"35.000.000,00 €"
Senegal,SEN,10,Extremo izquierdo,Mamadou Diakhon,22/09/2005,"1,80 m",Derecho,Club Brujas,Jupiler Pro League,0,0,"9.000.000,00 €"
Senegal,SEN,,Defensa central,Mamadou Sarr,29/08/2005,"1,94 m",Derecho,Chelsea,Premier League,5,0,"25.000.000,00 €"
Senegal,SEN,,Portero,Mory Diaw,22/06/1993,"1,97 m",Derecho,Le Havre,Ligue 1,4,0,"1.000.000,00 €"
Senegal,SEN,,Defensa central,Moussa Niakhaté,08/03/1996,"1,90 m",Izquierdo,Lyon,Ligue 1,29,0,"18.000.000,00 €"
Senegal,SEN,,Delantero centro,Nicolas Jackson,20/06/2001,"1,87 m",Derecho,Bayern,Bundesliga,31,8,"40.000.000,00 €"
Senegal,SEN,,Defensa central,Nobel Mendy,03/09/2004,"1,87 m",Izquierdo,Rayo Vallecano,LaLiga,0,0,"6.000.000,00 €"
Senegal,SEN,,Mediocentro,Pape Gueye,24/01/1999,"1,89 m",Izquierdo,Villarreal,LaLiga,40,5,"40.000.000,00 €"
Senegal,SEN,,Mediocentro,Pape Matar Sarr,14/09/2002,"1,84 m",Derecho,Tottenham,Premier League,38,4,"32.000.000,00 €"
Senegal,SEN,,Mediocentro,Pathé Ciss,16/03/1994,"1,86 m",Derecho,Rayo Vallecano,LaLiga,28,0,"2.000.000,00 €"
Senegal,SEN,,Portero,Yehvann Diouf,16/11/1999,"1,88 m",Derecho,Niza,Ligue 1,1,0,"7.000.000,00 €"
Sudáfrica,RSA,,Lateral izquierdo,Aubrey Modiba,22/07/1995,"1,67 m",Izquierdo,Sundowns,Betway Premiership,38,3,"1.800.000,00 €"
Sudáfrica,RSA,,Extremo derecho,Bongokuhle Hlongwane,20/06/2000,"1,82 m",Derecho,Minnesota,MLS,19,4,"3.500.000,00 €"
Sudáfrica,RSA,,Delantero centro,Evidence Makgopa,05/06/2000,"1,88 m",Derecho,Orlando Pirates,Betway Premiership,26,6,"1.200.000,00 €"
Sudáfrica,RSA,,Defensa central,Ime Okon,20/02/2004,"1,87 m",Derecho,Hannover 96,2. Bundesliga,5,1,"2.000.000,00 €"
Sudáfrica,RSA,,Mediocentro ofensivo,Jayden Adams,05/05/2001,"1,75 m",Derecho,Sundowns,Betway Premiership,5,1,"1.400.000,00 €"
Sudáfrica,RSA,,Lateral derecho,Khuliso Mudau,26/04/1995,"1,81 m",Derecho,Sundowns,Betway Premiership,32,1,"1.200.000,00 €"
Sudáfrica,RSA,,Defensa central,Khulumani Ndamane,5/2/2004,,Derecho,Sundowns,Betway Premiership,5,0,"800.000,00 €"
Sudáfrica,RSA,,Delantero centro,Lyle Foster,03/09/2000,"1,85 m",Derecho,Burnley,Premier League,26,10,"10.000.000,00 €"
Sudáfrica,RSA,,Defensa central,Mbekezeli Mbokazi,19/9/2005,"1,77 m",Izquierdo,Chicago,MLS,10,1,"2.500.000,00 €"
Sudáfrica,RSA,,Defensa central,Nkosinathi Sibisi,22/09/1995,"1,77 m",Derecho,Orlando Pirates,Betway Premiership,19,0,"1.600.000,00 €"
Sudáfrica,RSA,,Extremo izquierdo,Oswin Appollis,25/08/2001,"1,71 m",Derecho,Orlando Pirates,Betway Premiership,25,8,"2.000.000,00 €"
Sudáfrica,RSA,,Extremo izquierdo,Relebohile Mofokeng,23/10/2004,"1,66 m",Derecho,Orlando Pirates,Betway Premiership,12,0,"2.000.000,00 €"
Sudáfrica,RSA,,Portero,Renaldo Leaner,12/02/1998,"1,87 m",Derecho,Sekhukhune,Betway Premiership,3,0,"250.000,00 €"
Sudáfrica,RSA,,Portero,Ricardo Goss,02/04/1994,"1,81 m",Derecho,Siwelele FC,Betway Premiership,4,0,"350.000,00 €"
Sudáfrica,RSA,,Portero,Ronwen Williams,21/1/1992,"1,84 m",Derecho,Sundowns,Betway Premiership,62,0,"900.000,00 €"
Sudáfrica,RSA,,Lateral izquierdo,Samukele Kabini,15/03/2004,"1,81 m",Izquierdo,Molde,Eliteserien,5,0,"2.000.000,00 €"
Sudáfrica,RSA,,Pivote,Teboho Mokoena,24/01/1997,"1,76 m",Derecho,Sundowns,Betway Premiership,51,9,"2.500.000,00 €"
Sudáfrica,RSA,,Lateral derecho,Thabang Matuludi,14/01/1999,,Derecho,Polokwane City,Betway Premiership,2,0,"900.000,00 €"
Sudáfrica,RSA,,Mediocentro,Thalente Mbatha,06/03/2000,"1,80 m",Derecho,Orlando Pirates,Betway Premiership,14,3,"1.600.000,00 €"
Sudáfrica,RSA,,Extremo izquierdo,Thapelo Maseko,11/11/2003,"1,78 m",Izquierdo,AEL Limassol,Cyprus League,7,1,"750.000,00 €"
Sudáfrica,RSA,,Mediocentro ofensivo,Themba Zwane,03/08/1989,"1,70 m",Derecho,Sundowns,Betway Premiership,53,12,"300.000,00 €"
Sudáfrica,RSA,,Extremo izquierdo,Tshepang Moremi,02/10/2000,,,Orlando Pirates,Betway Premiership,9,1,"1.000.000,00 €"
Sudáfrica,RSA,,Mediocentro,Yaya Sithole,03/03/1999,"1,86 m",Derecho,Tondela,Liga Portugal,27,1,"600.000,00 €"
España,ESP,3,Lateral izquierdo,Alejandro Grimaldo,20/09/1995,"1,71 m",Izquierdo,Leverkusen,Bundesliga,12,0,"24.000.000,00 €"
España,ESP,26,Extremo izquierdo,Ander Barrenetxea,27/12/2001,"1,75 m",Derecho,Real Sociedad,LaLiga,1,0,"18.000.000,00 €"
España,ESP,14,Defensa central,Aymeric Laporte,27/05/1994,"1,91 m",Izquierdo,Athletic Club,LaLiga,44,2,"9.000.000,00 €"
España,ESP,9,Delantero centro,Borja Iglesias,17/01/1993,"1,87 m",Derecho,RC Celta,LaLiga,6,0,"3.000.000,00 €"
España,ESP,8,Mediocentro,Carlos Soler,02/01/1997,"1,80 m",Derecho,Real Sociedad,LaLiga,15,4,"8.000.000,00 €"
España,ESP,2,Defensa central,Cristhian Mosquera,27/06/2004,"1,91 m",Derecho,Arsenal,Premier League,2,0,"35.000.000,00 €"
España,ESP,10,Mediocentro ofensivo,Dani Olmo,07/05/1998,"1,79 m",Derecho,FC Barcelona,LaLiga,48,12,"60.000.000,00 €"
España,ESP,1,Portero,David Raya,15/09/1995,"1,83 m",Derecho,Arsenal,Premier League,12,0,"35.000.000,00 €"
España,ESP,6,Defensa central,Dean Huijsen,14/04/2005,"1,97 m",Ambidiestro,Real Madrid,LaLiga,7,0,"65.000.000,00 €"
España,ESP,22,Mediocentro ofensivo,Fermín López,11/05/2003,"1,74 m",Derecho,FC Barcelona,LaLiga,7,0,"100.000.000,00 €"
España,ESP,7,Delantero centro,Ferran Torres,29/02/2000,"1,82 m",Derecho,FC Barcelona,LaLiga,55,23,"50.000.000,00 €"
España,ESP,,Portero,Joan García,04/05/2001,"1,94 m",Derecho,FC Barcelona,LaLiga,1,0,"40.000.000,00 €"
España,ESP,19,Extremo derecho,Lamine Yamal,13/07/2007,"1,80 m",Izquierdo,FC Barcelona,LaLiga,25,6,"200.000.000,00 €"
España,ESP,24,Lateral izquierdo,Marc Cucurella,22/07/1998,"1,73 m",Izquierdo,Chelsea,Premier League,23,1,"50.000.000,00 €"
España,ESP,5,Lateral derecho,Marcos Llorente,30/01/1995,"1,84 m",Derecho,Atlético,LaLiga,23,0,"22.000.000,00 €"
España,ESP,18,Pivote,Martín Zubimendi,02/02/1999,"1,81 m",Derecho,Arsenal,Premier League,25,3,"80.000.000,00 €"
España,ESP,21,Delantero centro,Mikel Oyarzabal,21/04/1997,"1,81 m",Izquierdo,Real Sociedad,LaLiga,52,24,"25.000.000,00 €"
España,ESP,17,Mediocentro,Pablo Fornals,22/02/1996,"1,78 m",Derecho,Real Betis,LaLiga,9,1,"8.000.000,00 €"
España,ESP,4,Defensa central,Pau Cubarsí,22/01/2007,"1,84 m",Derecho,FC Barcelona,LaLiga,11,0,"80.000.000,00 €"
España,ESP,20,Mediocentro,Pedri,25/11/2002,"1,74 m",Derecho,FC Barcelona,LaLiga,40,5,"150.000.000,00 €"
España,ESP,12,Lateral derecho,Pedro Porro,13/09/1999,"1,73 m",Derecho,Tottenham,Premier League,16,0,"40.000.000,00 €"
España,ESP,16,Pivote,Rodri,22/06/1996,"1,91 m",Derecho,Man. City,Premier League,61,4,"65.000.000,00 €"
España,ESP,23,Portero,Unai Simón,11/06/1997,"1,90 m",Derecho,Athletic Club,LaLiga,57,0,"25.000.000,00 €"
España,ESP,25,Extremo izquierdo,Víctor Muñoz,13/07/2003,"1,73 m",Derecho,CA Osasuna,LaLiga,2,1,"20.000.000,00 €"
España,ESP,11,Extremo derecho,Yéremy Pino,20/10/2002,"1,72 m",Derecho,Crystal Palace,Premier League,21,4,"35.000.000,00 €"
España,ESP,15,Extremo izquierdo,Álex Baena,20/07/2001,"1,74 m",Derecho,Atlético,LaLiga,15,2,"45.000.000,00 €"
España,ESP,13,Portero,Álex Remiro,24/03/1995,"1,91 m",Derecho,Real Sociedad,LaLiga,2,0,"14.000.000,00 €"
Suiza,SUI,19,Mediocentro ofensivo,Alvyn Sanches,12/02/2003,"1,83 m",Izquierdo,Young Boys,Super League,3,0,"9.000.000,00 €"
Suiza,SUI,14,Pivote,Ardon Jashari,30/07/2002,"1,81 m",Izquierdo,AC Milan,Serie A,6,0,"30.000.000,00 €"
Suiza,SUI,26,Defensa central,Aurèle Amenda,31/07/2003,"1,94 m",Derecho,Eintracht,Bundesliga,6,0,"8.000.000,00 €"
Suiza,SUI,7,Delantero centro,Breel Embolo,14/02/1997,"1,87 m",Derecho,Stade Rennes,Ligue 1,85,23,"12.000.000,00 €"
Suiza,SUI,11,Extremo derecho,Dan Ndoye,25/10/2000,"1,84 m",Derecho,Nott'm Forest,Premier League,29,6,"35.000.000,00 €"
Suiza,SUI,6,Pivote,Denis Zakaria,20/11/1996,"1,90 m",Derecho,Mónaco,Ligue 1,63,3,"25.000.000,00 €"
Suiza,SUI,15,Mediocentro,Djibril Sow,06/02/1997,"1,84 m",Derecho,Sevilla FC,LaLiga,50,0,"7.500.000,00 €"
Suiza,SUI,18,Defensa central,Eray Cömert,04/02/1998,"1,83 m",Derecho,Valencia CF,LaLiga,20,0,"2.500.000,00 €"
Suiza,SUI,22,Mediocentro ofensivo,Fabian Rieder,16/02/2002,"1,79 m",Izquierdo,FC Augsburgo,Bundesliga,27,1,"8.000.000,00 €"
Suiza,SUI,10,Pivote,Granit Xhaka,27/09/1992,"1,86 m",Izquierdo,Sunderland,Premier League,144,16,"10.000.000,00 €"
Suiza,SUI,1,Portero,Gregor Kobel,06/12/1997,"1,96 m",Derecho,Dortmund,Bundesliga,20,0,"40.000.000,00 €"
Suiza,SUI,9,Mediocentro,Johan Manzambi,14/10/2005,"1,82 m",Derecho,SC Friburgo,Bundesliga,10,3,"35.000.000,00 €"
Suiza,SUI,25,Interior izquierdo,Joël Monteiro,05/08/1999,"1,91 m",Derecho,Young Boys,Super League,7,2,"4.500.000,00 €"
Suiza,SUI,24,Defensa central,Luca Jaquez,02/06/2003,"1,87 m",Derecho,Stuttgart,Bundesliga,2,0,"10.000.000,00 €"
Suiza,SUI,5,Defensa central,Manuel Akanji,19/07/1995,"1,88 m",Derecho,Inter,Serie A,79,4,"18.000.000,00 €"
Suiza,SUI,21,Portero,Marvin Keller,03/07/2002,"1,89 m",Derecho,Young Boys,Super League,0,0,"7.000.000,00 €"
Suiza,SUI,20,Mediocentro,Michel Aebischer,06/01/1997,"1,83 m",Derecho,Pisa,Serie A,38,2,"4.500.000,00 €"
Suiza,SUI,2,Lateral izquierdo,Miro Muheim,24/03/1998,"1,82 m",Izquierdo,Hamburgo,Bundesliga,8,0,"5.000.000,00 €"
Suiza,SUI,4,Defensa central,Nico Elvedi,30/09/1996,"1,89 m",Derecho,Bor. M'gladbach,Bundesliga,65,3,"8.000.000,00 €"
Suiza,SUI,23,Extremo izquierdo,Noah Okafor,24/05/2000,"1,85 m",Derecho,Leeds,Premier League,24,2,"18.000.000,00 €"
Suiza,SUI,8,Mediocentro,Remo Freuler,15/04/1992,"1,80 m",Derecho,Bolonia,Serie A,86,11,"4.000.000,00 €"
Suiza,SUI,13,Lateral izquierdo,Ricardo Rodríguez,25/08/1992,"1,82 m",Izquierdo,Real Betis,LaLiga,136,9,"1.500.000,00 €"
Suiza,SUI,17,Extremo izquierdo,Rubén Vargas,05/08/1998,"1,79 m",Derecho,Sevilla FC,LaLiga,60,11,"12.000.000,00 €"
Suiza,SUI,3,Lateral derecho,Silvan Widmer,05/03/1993,"1,83 m",Derecho,Mainz,Bundesliga,58,5,"800.000,00 €"
Suiza,SUI,16,Mediocentro,Vincent Sierro,08/10/1995,"1,85 m",Derecho,Al-Shabab,Saudi Pro League,15,1,"3.800.000,00 €"
Suiza,SUI,12,Portero,Yvon Mvogo,06/06/1994,"1,90 m",Derecho,FC Lorient,Ligue 1,12,0,"3.000.000,00 €"
Túnez,TUN,1,Portero,Abdelmouhib Chamakh,25/08/2001,"1,92 m",Derecho,Cub Africain,Ligue 1,1,0,"450.000,00 €"
Túnez,TUN,,Defensa central,Adem Arous,17/07/2004,"1,88 m",Derecho,Kasimpasa,Süper Lig,1,0,"1.000.000,00 €"
Túnez,TUN,18,Defensa central,Alaa Ghram,24/07/2001,"1,90 m",Derecho,Shakhtar D.,Premier de Ucrania,7,0,"1.200.000,00 €"
Túnez,TUN,2,Lateral izquierdo,Ali Abdi,20/12/1993,"1,83 m",Izquierdo,Niza,Ligue 1,45,7,"2.500.000,00 €"
Túnez,TUN,25,Mediocentro,Anis Ben Slimane,16/03/2001,"1,88 m",Ambidiestro,Norwich,Championship,39,4,"3.000.000,00 €"
Túnez,TUN,30,Delantero centro,Anisse Saidi,20/06/2008,"1,87 m",,San Diego,MLS,0,0,"300.000,00 €"
Túnez,TUN,16,Portero,Aymen Dahmen,28/01/1997,"1,88 m",Derecho,CS Sfaxien,Ligue 1,37,0,"800.000,00 €"
Túnez,TUN,8,Extremo izquierdo,Elias Saad,27/12/1999,"1,85 m",Derecho,Hannover 96,2. Bundesliga,14,3,"2.500.000,00 €"
Túnez,TUN,17,Pivote,Ellyes Skhiri,10/05/1995,"1,85 m",Derecho,Eintracht,Bundesliga,81,4,"6.000.000,00 €"
Túnez,TUN,19,Delantero centro,Firas Chaouat,08/05/1996,"1,85 m",Derecho,Cub Africain,Ligue 1,28,6,"850.000,00 €"
Túnez,TUN,14,Lateral derecho,Ghaith Zaalouni,06/05/2002,"1,81 m",Derecho,Cub Africain,Ligue 1,1,0,"650.000,00 €"
Túnez,TUN,9,Delantero centro,Hazem Mastouri,18/06/1997,"1,91 m",Derecho,Dinamo Makhach.,Premier Liga,18,4,"700.000,00 €"
Túnez,TUN,11,Extremo izquierdo,Ismaël Gharbi,10/04/2004,"1,73 m",Derecho,FC Augsburgo,Bundesliga,15,2,"5.000.000,00 €"
Túnez,TUN,7,Extremo derecho,Khalil Ayari,02/02/2005,"1,74 m",Izquierdo,Paris SG U23,,2,0,"800.000,00 €"
Túnez,TUN,29,Mediapunta,Louey Ben Farhat,19/07/2006,"1,75 m",Derecho,Karlsruher SC,2. Bundesliga,2,0,"7.500.000,00 €"
Túnez,TUN,3,Lateral izquierdo,Mohamed Amine Ben Hamida,15/12/1995,"1,81 m",Izquierdo,Esperance,Ligue 1,12,0,"700.000,00 €"
Túnez,TUN,15,Pivote,Mohamed Belhadj Mahmoud,24/04/2000,"1,79 m",Derecho,FC Lugano,Super League,7,0,"2.500.000,00 €"
Túnez,TUN,12,Extremo izquierdo,Mortadha Ben Ouanes,02/07/1994,"1,82 m",Izquierdo,Kasimpasa,Süper Lig,17,0,"1.500.000,00 €"
Túnez,TUN,21,Lateral derecho,Moutaz Neffati,04/09/2004,"1,82 m",,Norrköping,Superettan,5,0,"900.000,00 €"
Túnez,TUN,,Portero,Noureddine Farhati,14/09/2000,"1,88 m",Derecho,Stade Tunisien,Ligue 1,1,0,"650.000,00 €"
Túnez,TUN,,Delantero centro,Omar Ben Ali,22/04/2005,,Derecho,CS Sfaxien,Ligue 1,0,0,"450.000,00 €"
Túnez,TUN,4,Defensa central,Omar Rekik,20/12/2001,"1,88 m",Derecho,NK Maribor,Prva Liga,4,0,"500.000,00 €"
Túnez,TUN,24,Defensa central,Raed Chikhaoui,09/06/2004,"1,91 m",Derecho,US Monastir,Ligue 1,0,0,"250.000,00 €"
Túnez,TUN,6,Pivote,Rani Khedira,27/01/1994,"1,89 m",Derecho,Unión Berlín,Bundesliga,2,0,"2.000.000,00 €"
Túnez,TUN,27,Delantero centro,Rayan Elloumi,17/09/2007,"1,80 m",,Vancouver,MLS,2,0,"300.000,00 €"
Túnez,TUN,32,Portero,Sabri Ben Hessen,13/06/1996,"1,89 m",Derecho,ES Sahel,Ligue 1,1,0,"400.000,00 €"
Túnez,TUN,23,Interior izquierdo,Sayfallah Ltaief,22/04/2000,"1,78 m",Derecho,Greuther Fürth,2. Bundesliga,23,1,"1.300.000,00 €"
Túnez,TUN,26,Extremo izquierdo,Sebastian Tounekti,13/07/2002,"1,70 m",Derecho,Celtic FC,Premiership,10,1,"6.000.000,00 €"
Túnez,TUN,,Lateral derecho,Yan Valery,22/02/1999,"1,85 m",Derecho,Young Boys,Super League,21,0,"1.300.000,00 €"
Estados Unidos,USA,,Mediocentro,Aidan Morris,16/11/2001,"1,75 m",Derecho,Middlesbrough,Championship,14,0,"9.000.000,00 €"
Estados Unidos,USA,,Lateral derecho,Alex Freeman,09/08/2004,"1,88 m",,Villarreal,LaLiga,15,2,"3.500.000,00 €"
Estados Unidos,USA,,Lateral izquierdo,Antonee Robinson,08/08/1997,"1,83 m",Izquierdo,Fulham,Premier League,52,4,"25.000.000,00 €"
Estados Unidos,USA,,Defensa central,Auston Trusty,12/08/1998,"1,90 m",Izquierdo,Celtic FC,Premiership,6,0,"6.000.000,00 €"
Estados Unidos,USA,,Mediocentro ofensivo,Brenden Aaronson,22/10/2000,"1,77 m",Derecho,Leeds,Premier League,57,9,"18.000.000,00 €"
Estados Unidos,USA,,Portero,Chris Brady,03/03/2004,"1,90 m",,Chicago,MLS,0,0,"2.500.000,00 €"
Estados Unidos,USA,,Defensa central,Chris Richards,28/3/2000,"1,88 m",Derecho,Crystal Palace,Premier League,36,3,"25.000.000,00 €"
Estados Unidos,USA,,Extremo derecho,Christian Pulisic,18/09/1998,"1,77 m",Derecho,AC Milan,Serie A,84,32,"50.000.000,00 €"
Estados Unidos,USA,,Mediocentro,Cristian Roldán,3/6/1995,"1,73 m",Derecho,Seattle,MLS,45,0,"3.500.000,00 €"
Estados Unidos,USA,,Delantero centro,Folarin Balogun,03/07/2001,"1,78 m",Derecho,Mónaco,Ligue 1,25,8,"30.000.000,00 €"
Estados Unidos,USA,,Mediocentro ofensivo,Giovanni Reyna,13/11/2002,"1,87 m",Derecho,Bor. M'gladbach,Bundesliga,36,9,"4.000.000,00 €"
Estados Unidos,USA,,Lateral derecho,Joe Scally,31/12/2002,"1,84 m",Derecho,Bor. M'gladbach,Bundesliga,24,0,"7.000.000,00 €"
Estados Unidos,USA,,Mediocentro,Johnny Cardoso,20/09/2001,"1,86 m",Derecho,Atlético,LaLiga,23,0,"22.000.000,00 €"
Estados Unidos,USA,,Mediocentro ofensivo,Malik Tillman,28/5/2002,"1,87 m",Derecho,Leverkusen,Bundesliga,28,3,"30.000.000,00 €"
Estados Unidos,USA,,Defensa central,Mark McKenzie,25/02/1999,"1,84 m",Derecho,Toulouse,Ligue 1,27,0,"6.000.000,00 €"
Estados Unidos,USA,,Portero,Matt Freese,02/09/1998,"1,93 m",,New York City,MLS,14,0,"2.000.000,00 €"
Estados Unidos,USA,,Portero,Matt Turner,24/06/1994,"1,91 m",Derecho,New England,MLS,53,0,"2.500.000,00 €"
Estados Unidos,USA,,Extremo izquierdo,Max Arfsten,19/04/2001,"1,85 m",Izquierdo,Columbus,MLS,18,1,"4.500.000,00 €"
Estados Unidos,USA,,Defensa central,Miles Robinson,14/3/1997,"1,88 m",Derecho,Cincinnati,MLS,38,3,"3.500.000,00 €"
Estados Unidos,USA,,Delantero centro,Patrick Agyemang,07/11/2000,"1,93 m",,Derby,Championship,14,6,"9.000.000,00 €"
Estados Unidos,USA,,Portero,Patrick Schulte,13/03/2001,"1,93 m",,Columbus,MLS,3,0,"3.500.000,00 €"
Estados Unidos,USA,,Delantero centro,Ricardo Pepi,09/01/2003,"1,85 m",Derecho,PSV,Eredivisie,35,13,"25.000.000,00 €"
Estados Unidos,USA,,Mediocentro,Sebastian Berhalter,10/05/2001,"1,75 m",Derecho,Vancouver,MLS,11,1,"5.000.000,00 €"
Estados Unidos,USA,,Pivote,Tanner Tessmann,24/09/2001,"1,88 m",Derecho,Lyon,Ligue 1,14,1,"10.000.000,00 €"
Estados Unidos,USA,,Defensa central,Tim Ream,05/10/1987,"1,86 m",Izquierdo,Charlotte,MLS,80,1,"200.000,00 €"
Estados Unidos,USA,,Interior derecho,Timothy Weah,22/02/2000,"1,83 m",Derecho,Marsella,Ligue 1,49,7,"20.000.000,00 €"
Estados Unidos,USA,,Mediocentro,Weston McKennie,28/08/1998,"1,85 m",Derecho,Juventus,Serie A,64,12,"30.000.000,00 €"
Uruguay,URU,14,Extremo izquierdo,Agustín Canobbio,01/10/1998,"1,75 m",Derecho,Fluminense,Série A,14,1,"6.000.000,00 €"
Uruguay,URU,,Delantero centro,Agustín Álvarez,19/05/2001,"1,77 m",Derecho,Monza,Serie B,6,1,"2.800.000,00 €"
Uruguay,URU,18,Extremo izquierdo,Brian Rodríguez,20/05/2000,"1,76 m",Derecho,CF América,Liga MX Apertura,33,4,"6.500.000,00 €"
Uruguay,URU,9,Delantero centro,Darwin Núñez,24/06/1999,"1,87 m",Derecho,Al-Hilal,Saudi Pro League,38,13,"25.000.000,00 €"
Uruguay,URU,8,Pivote,Emiliano Martínez,17/08/1999,"1,85 m",Derecho,Palmeiras,Série A,10,0,"8.000.000,00 €"
Uruguay,URU,11,Extremo derecho,Facundo Pellistri,20/12/2001,"1,75 m",Derecho,Panathinaikos,Super League 1,39,2,"6.000.000,00 €"
Uruguay,URU,21,Extremo derecho,Facundo Torres,13/04/2000,"1,77 m",Izquierdo,Austin,MLS,22,2,"13.000.000,00 €"
Uruguay,URU,15,Mediocentro,Federico Valverde,22/07/1998,"1,82 m",Derecho,Real Madrid,LaLiga,73,9,"120.000.000,00 €"
Uruguay,URU,19,Delantero centro,Federico Viñas,30/06/1998,"1,82 m",Izquierdo,Real Oviedo,LaLiga,11,2,"4.000.000,00 €"
Uruguay,URU,23,Portero,Fernando Muslera,16/06/1986,"1,90 m",Derecho,Estudiantes LP,Torneo Apertura,134,0,"750.000,00 €"
Uruguay,URU,10,Mediocentro ofensivo,Giorgian de Arrascaeta,01/06/1994,"1,74 m",Derecho,Flamengo,Série A,59,13,"15.000.000,00 €"
Uruguay,URU,13,Lateral derecho,Guillermo Varela,24/03/1993,"1,73 m",Derecho,Flamengo,Série A,27,0,"1.200.000,00 €"
Uruguay,URU,22,Lateral izquierdo,Joaquín Piquerez,24/08/1998,"1,84 m",Izquierdo,Palmeiras,Série A,19,0,"12.000.000,00 €"
Uruguay,URU,24,Lateral derecho,José Luis Rodríguez,14/03/1997,"1,83 m",Derecho,Vasco da Gama,Série A,5,0,"1.500.000,00 €"
Uruguay,URU,2,Defensa central,José María Giménez,20/01/1995,"1,85 m",Derecho,Atlético,LaLiga,99,8,"12.000.000,00 €"
Uruguay,URU,6,Lateral izquierdo,Juan Manuel Sanabria,29/03/2000,"1,72 m",Izquierdo,Salt Lake,MLS,5,1,"5.500.000,00 €"
Uruguay,URU,5,Pivote,Manuel Ugarte,11/04/2001,"1,82 m",Derecho,Manchester Utd.,Premier League,35,1,"30.000.000,00 €"
Uruguay,URU,16,Lateral izquierdo,Mathías Olivera,31/10/1997,"1,85 m",Izquierdo,Nápoles,Serie A,35,2,"15.000.000,00 €"
Uruguay,URU,17,Lateral izquierdo,Matías Viña,09/11/1997,"1,80 m",Izquierdo,River Plate,Torneo Apertura,43,1,"4.000.000,00 €"
Uruguay,URU,20,Lateral izquierdo,Maxi Araújo,15/02/2000,"1,79 m",Izquierdo,Sporting CP,Liga Portugal,28,3,"25.000.000,00 €"
Uruguay,URU,25,Pivote,Nicolás Fonseca,19/10/1998,"1,81 m",Derecho,Real Oviedo,LaLiga,6,0,"3.000.000,00 €"
Uruguay,URU,7,Mediocentro,Nicolás de la Cruz,01/06/1997,"1,67 m",Derecho,Flamengo,Série A,34,5,"9.000.000,00 €"
Uruguay,URU,26,Delantero centro,Rodrigo Aguirre,01/10/1994,"1,82 m",Izquierdo,Tigres UANL,Liga MX Apertura,10,3,"2.500.000,00 €"
Uruguay,URU,4,Defensa central,Ronald Araujo,07/03/1999,"1,92 m",Derecho,FC Barcelona,LaLiga,27,1,"20.000.000,00 €"
Uruguay,URU,,Defensa central,Santiago Bueno,09/11/1998,"1,90 m",Derecho,Wolverhampton,Premier League,8,0,"10.000.000,00 €"
Uruguay,URU,12,Portero,Santiago Mele,06/09/1997,"1,84 m",Derecho,Monterrey,Liga MX Apertura,8,0,"2.200.000,00 €"
Uruguay,URU,3,Defensa central,Sebastián Cáceres,18/08/1999,"1,82 m",Derecho,CF América,Liga MX Apertura,23,0,"4.500.000,00 €"
Uruguay,URU,1,Portero,Sergio Rochet,23/03/1993,"1,90 m",Derecho,Internacional,Série A,35,0,"2.000.000,00 €"
Uzbekistán,UZB,2,Defensa central,Abdukodir Khusanov,29/02/2004,"1,86 m",Derecho,Man. City,Premier League,25,0,"35.000.000,00 €"
Uzbekistán,UZB,12,Portero,Abduvokhid Nematov,20/03/2001,"1,82 m",Derecho,Nasaf Qarshi,Superliga,13,0,"1.500.000,00 €"
Uzbekistán,UZB,6,Mediocentro,Akmal Mozgovoy,02/04/1999,"1,80 m",Derecho,Pakhtakor,Superliga,23,1,"1.300.000,00 €"
Uzbekistán,UZB,18,Extremo derecho,Alisher Odilov,15/07/2001,"1,80 m",,Neftchi,Superliga,3,1,"700.000,00 €"
Uzbekistán,UZB,10,Mediocentro,Aziz Ganiev,22/02/1998,"1,80 m",Derecho,Al-Bataeh CSC,UAE Pro League,22,0,"2.200.000,00 €"
Uzbekistán,UZB,20,Lateral derecho,Bekhruz Karimov,07/08/2007,"1,80 m",Derecho,Surkhon,Superliga,2,0,"250.000,00 €"
Uzbekistán,UZB,1,Portero,Botirali Ergashev,23/06/1995,"1,92 m",Derecho,Neftchi,Superliga,4,0,"500.000,00 €"
Uzbekistán,UZB,17,Extremo derecho,Dostonbek Khamdamov,24/07/1996,"1,80 m",Ambidiestro,Pakhtakor,Superliga,36,5,"600.000,00 €"
Uzbekistán,UZB,14,Delantero centro,Eldor Shomurodov,29/06/1995,"1,90 m",Derecho,Basaksehir,Süper Lig,90,44,"7.000.000,00 €"
Uzbekistán,UZB,4,Lateral izquierdo,Farrukh Sayfiev,17/01/1991,"1,83 m",Ambidiestro,Neftchi,Superliga,66,1,"250.000,00 €"
Uzbekistán,UZB,19,Mediocentro,Ibrokhim Ibrokhimov,12/01/2001,"1,75 m",,Pakhtakor,Superliga,0,0,"400.000,00 €"
Uzbekistán,UZB,21,Delantero centro,Igor Sergeev,30/04/1993,"1,86 m",Izquierdo,Persepolis FC,Persian Gulf League,82,24,"1.200.000,00 €"
Uzbekistán,UZB,24,Defensa central,Jakhongir Urozov,18/01/2004,"1,90 m",Izquierdo,Dinamo,Superliga,2,1,"600.000,00 €"
Uzbekistán,UZB,8,Mediocentro ofensivo,Jamshid Iskanderov,16/10/1993,"1,71 m",Izquierdo,Neftchi,Superliga,44,4,"1.000.000,00 €"
Uzbekistán,UZB,3,Lateral derecho,Khozhiakbar Alizhonov,19/04/1997,"1,80 m",Derecho,Pakhtakor,Superliga,52,3,"1.200.000,00 €"
Uzbekistán,UZB,25,Defensa central,Mukhammadkodir Khamraliev,06/07/2001,"1,85 m",Derecho,Pakhtakor,Superliga,7,0,"650.000,00 €"
Uzbekistán,UZB,23,Defensa central,Mukhammadrasul Abdumazhidov,23/07/2004,"1,90 m",Derecho,Pakhtakor,Superliga,0,0,"500.000,00 €"
Uzbekistán,UZB,9,Pivote,Odildzhon Khamrobekov,13/02/1996,"1,80 m",Derecho,Tractor,Persian Gulf League,73,1,"1.000.000,00 €"
Uzbekistán,UZB,11,Extremo izquierdo,Oston Urunov,19/12/2000,"1,81 m",Derecho,Persepolis FC,Persian Gulf League,41,10,"2.000.000,00 €"
Uzbekistán,UZB,7,Mediocentro,Otabek Shukurov,22/06/1996,"1,83 m",Derecho,FC Baniyas,UAE Pro League,87,9,"1.600.000,00 €"
Uzbekistán,UZB,5,Defensa central,Rustam Ashurmatov,07/07/1996,"1,86 m",Derecho,Esteghlal FC,Persian Gulf League,49,1,"700.000,00 €"
Uzbekistán,UZB,13,Lateral izquierdo,Sherzod Nasrullaev,23/07/1998,"1,83 m",Izquierdo,Pakhtakor,Superliga,37,2,"1.200.000,00 €"
Uzbekistán,UZB,26,Delantero centro,Sherzod Temirov,27/10/1998,"1,83 m",Derecho,Erbil SC,Iraq Stars League,3,0,"600.000,00 €"
Uzbekistán,UZB,15,Defensa central,Umar Eshmurodov,30/11/1992,"1,85 m",Derecho,Nasaf Qarshi,Superliga,39,0,"500.000,00 €"
Uzbekistán,UZB,22,Pivote,Umarali Rakhmonaliev,18/08/2003,"1,70 m",,Sabah FK,Premyer Liqa,1,0,"800.000,00 €"
Uzbekistán,UZB,16,Portero,Utkir Yusupov,04/01/1991,"1,85 m",Derecho,Navbahor,Superliga,44,0,"500.000,00 €"
Gales,WAL,,Portero,Adam Davies,17/07/1992,"1,85 m",Derecho,Sheff Utd,Championship,6,0,"300.000,00 €"
Gales,WAL,13,Defensa central,Ben Cabango,30/05/2000,"1,86 m",Derecho,Swansea City,Championship,16,0,"9.000.000,00 €"
Gales,WAL,11,Extremo derecho,Brennan Johnson,23/05/2001,"1,86 m",Derecho,Crystal Palace,Premier League,44,7,"35.000.000,00 €"
Gales,WAL,20,Extremo derecho,Daniel James,10/11/1997,"1,71 m",Derecho,Leeds,Premier League,63,10,"12.000.000,00 €"
Gales,WAL,12,Portero,Danny Ward,22/06/1993,"1,91 m",Derecho,Wrexham,Championship,44,0,"800.000,00 €"
Gales,WAL,7,Extremo derecho,David Brooks,08/07/1997,"1,73 m",Izquierdo,Bournemouth,Premier League,43,6,"14.000.000,00 €"
Gales,WAL,4,Defensa central,Dylan Lawlor,01/01/2006,"1,88 m",Derecho,Cardiff,League One,5,0,"1.200.000,00 €"
Gales,WAL,5,Pivote,Ethan Ampadu,14/09/2000,"1,82 m",Derecho,Leeds,Premier League,61,0,"25.000.000,00 €"
Gales,WAL,8,Extremo derecho,Harry Wilson,22/03/1997,"1,73 m",Izquierdo,Fulham,Premier League,69,17,"25.000.000,00 €"
Gales,WAL,2,Lateral izquierdo,Jay Dasilva,22/4/1998,"1,70 m",Izquierdo,Coventry City,Championship,9,0,"6.000.000,00 €"
Gales,WAL,6,Defensa central,Joe Rodon,22/10/1997,"1,93 m",Derecho,Leeds,Premier League,60,2,"15.000.000,00 €"
Gales,WAL,16,Mediocentro ofensivo,Joel Colwill,27/10/2004,"1,78 m",Derecho,Cardiff,League One,2,0,"700.000,00 €"
Gales,WAL,22,Mediocentro,Josh Sheehan,30/03/1995,"1,84 m",Derecho,Bolton,League One,17,0,"400.000,00 €"
Gales,WAL,24,Mediocentro,Kai Andrews,06/08/2006,"1,85 m",Derecho,Hibernian FC,Premiership,1,0,"400.000,00 €"
Gales,WAL,1,Portero,Karl Darlow,8/10/1990,"1,90 m",Derecho,Leeds,Premier League,14,0,"200.000,00 €"
Gales,WAL,9,Extremo izquierdo,Lewis Koumas,19/09/2005,"1,82 m",Derecho,Hull City,Championship,10,0,"3.000.000,00 €"
Gales,WAL,10,Mediocentro ofensivo,Liam Cullen,23/04/1999,"1,78 m",Izquierdo,Swansea City,Championship,15,2,"2.800.000,00 €"
Gales,WAL,18,Delantero centro,Mark Harris,29/12/1998,"1,82 m",Derecho,Oxford United,Championship,17,0,"800.000,00 €"
Gales,WAL,23,Extremo izquierdo,Nathan Broadhead,5/4/1998,"1,78 m",Derecho,Wrexham,Championship,18,4,"7.000.000,00 €"
Gales,WAL,3,Lateral izquierdo,Neco Williams,13/04/2001,"1,83 m",Derecho,Nott'm Forest,Premier League,55,4,"25.000.000,00 €"
Gales,WAL,17,Extremo izquierdo,Rabbi Matondo,09/09/2000,"1,75 m",Derecho,SK Brann,Eliteserien,15,1,"1.000.000,00 €"
Gales,WAL,14,Lateral izquierdo,Rhys Norrington-Davies,22/04/1999,"1,81 m",Izquierdo,QPR,Championship,15,1,"2.200.000,00 €"
Gales,WAL,15,Lateral derecho,Ronan Kpakio,25/05/2007,"1,78 m",Derecho,Cardiff,League One,3,0,"1.000.000,00 €"
Gales,WAL,19,Extremo izquierdo,Sorba Thomas,25/01/1999,"1,85 m",Derecho,Stoke City,Championship,25,2,"10.000.000,00 €"
Gales,WAL,21,Portero,Tom King,09/03/1995,"1,94 m",Derecho,Everton,Premier League,1,0,"150.000,00 €"
República Checa,CZE,9,Mediocentro ofensivo,Adam Karabec,02/07/2003,"1,87 m",Izquierdo,Lyon,Ligue 1,5,2,"8.000.000,00 €"
República Checa,CZE,17,Lateral izquierdo,David Jurásek,07/08/2000,"1,83 m",Izquierdo,Slavia Praga,Chance Liga,16,1,"5.000.000,00 €"
República Checa,CZE,21,Mediocentro ofensivo,Denis Visinsky,21/03/2003,"1,78 m",Derecho,Viktoria Plzen,Chance Liga,0,0,"1.800.000,00 €"
República Checa,CZE,11,Delantero centro,Jan Kliment,01/09/1993,"1,85 m",Derecho,Sigma Olomouc,Chance Liga,10,1,"500.000,00 €"
República Checa,CZE,20,Defensa central,Jaroslav Zelený,20/08/1992,"1,90 m",Izquierdo,Sparta Praga,Chance Liga,21,0,"700.000,00 €"
República Checa,CZE,7,Defensa central,Ladislav Krejčí,20/04/1999,"1,91 m",Izquierdo,Wolverhampton,Premier League,25,5,"22.000.000,00 €"
República Checa,CZE,12,Mediocentro,Lukas Cerv,10/04/2001,"1,82 m",,Viktoria Plzen,Chance Liga,15,2,"6.000.000,00 €"
República Checa,CZE,16,Portero,Lukas Hornicek,13/07/2002,"1,98 m",Derecho,SC Braga,Liga Portugal,0,0,"15.000.000,00 €"
República Checa,CZE,14,Mediocentro ofensivo,Lukas Provod,23/10/1996,"1,89 m",Izquierdo,Slavia Praga,Chance Liga,37,3,"8.000.000,00 €"
República Checa,CZE,23,Portero,Martin Jedlicka,24/01/1998,"1,87 m",Derecho,Banik Ostrava,Chance Liga,1,0,"2.500.000,00 €"
República Checa,CZE,6,Defensa central,Martin Vitík,21/01/2003,"1,93 m",Derecho,Bolonia,Serie A,9,0,"10.000.000,00 €"
República Checa,CZE,1,Portero,Matej Kovar,17/05/2000,"1,96 m",Derecho,PSV,Eredivisie,19,0,"7.000.000,00 €"
República Checa,CZE,18,Mediocentro,Michal Sadílek,31/05/1999,"1,69 m",Izquierdo,Slavia Praga,Chance Liga,33,1,"8.000.000,00 €"
República Checa,CZE,13,Delantero centro,Mojmír Chytil,29/04/1999,"1,87 m",,Slavia Praga,Chance Liga,21,6,"4.000.000,00 €"
República Checa,CZE,10,Delantero centro,Patrik Schick,24/01/1996,"1,91 m",Izquierdo,Leverkusen,Bundesliga,52,25,"20.000.000,00 €"
República Checa,CZE,,Mediocentro,Pavel Bucha,11/03/1998,"1,77 m",Derecho,Cincinnati,MLS,0,0,"4.000.000,00 €"
República Checa,CZE,15,Mediocentro ofensivo,Pavel Sulc,29/12/2000,"1,77 m",Derecho,Lyon,Ligue 1,20,5,"20.000.000,00 €"
República Checa,CZE,4,Defensa central,Robin Hranac,29/01/2000,"1,90 m",Derecho,Hoffenheim,Bundesliga,12,1,"10.000.000,00 €"
República Checa,CZE,2,Defensa central,Stepan Chaloupek,08/03/2003,"1,88 m",Derecho,Slavia Praga,Chance Liga,3,0,"8.000.000,00 €"
República Checa,CZE,19,Delantero centro,Tomas Chory,26/01/1995,"1,99 m",Derecho,Slavia Praga,Chance Liga,21,6,"3.000.000,00 €"
República Checa,CZE,3,Defensa central,Tomas Holes,31/03/1993,"1,80 m",Derecho,Slavia Praga,Chance Liga,39,2,"1.200.000,00 €"
República Checa,CZE,,Mediocentro ofensivo,Tomas Ladra,24/04/1997,"1,78 m",Derecho,Viktoria Plzen,Chance Liga,1,0,"1.000.000,00 €"
República Checa,CZE,22,Pivote,Tomáš Souček,27/02/1995,"1,92 m",Derecho,West Ham,Premier League,89,17,"12.000.000,00 €"
República Checa,CZE,5,Lateral derecho,Vladimír Coufal,22/08/1992,"1,74 m",Derecho,Hoffenheim,Bundesliga,61,2,"2.700.000,00 €"
República Checa,CZE,8,Mediocentro,Vladimír Darida,08/08/1990,"1,72 m",Derecho,Hradec Kralove,Chance Liga,78,8,"400.000,00 €"
Turquía,TUR,14,Defensa central,Abdülkerim Bardakcı,07/09/1994,"1,85 m",Izquierdo,Galatasaray,Süper Lig,26,2,"6.500.000,00 €"
Turquía,TUR,,Defensa central,Ahmetcan Kaplan,16/01/2003,"1,89 m",Izquierdo,NEC Nijmegen,Eredivisie,0,0,"5.000.000,00 €"
Turquía,TUR,12,Portero,Altay Bayındır,14/04/1998,"1,98 m",Derecho,Manchester Utd.,Premier League,11,0,"7.000.000,00 €"
Turquía,TUR,8,Mediocentro ofensivo,Arda Güler,25/02/2005,"1,75 m",Izquierdo,Real Madrid,LaLiga,28,6,"90.000.000,00 €"
Turquía,TUR,19,Pivote,Atakan Karazor,13/10/1996,"1,91 m",Derecho,Stuttgart,Bundesliga,2,0,"9.000.000,00 €"
Turquía,TUR,9,Extremo izquierdo,Barış Alper Yılmaz,23/05/2000,"1,86 m",Derecho,Galatasaray,Süper Lig,33,2,"26.000.000,00 €"
Turquía,TUR,13,Delantero centro,Deniz Gül,02/07/2004,"1,90 m",Derecho,Oporto,Liga Portugal,6,1,"6.000.000,00 €"
Turquía,TUR,3,Lateral izquierdo,Eren Elmalı,07/07/2000,"1,81 m",Izquierdo,Galatasaray,Süper Lig,21,0,"5.000.000,00 €"
Turquía,TUR,20,Lateral izquierdo,Ferdi Kadıoğlu,07/10/1999,"1,74 m",Derecho,Brighton,Premier League,30,2,"30.000.000,00 €"
Turquía,TUR,10,Pivote,Hakan Çalhanoğlu,08/02/1994,"1,78 m",Derecho,Inter,Serie A,104,22,"18.000.000,00 €"
Turquía,TUR,22,Pivote,Kaan Ayhan,10/11/1994,"1,85 m",Derecho,Galatasaray,Süper Lig,72,5,"2.000.000,00 €"
Turquía,TUR,11,Extremo izquierdo,Kenan Yıldız,04/05/2005,"1,87 m",Ambidiestro,Juventus,Serie A,28,5,"75.000.000,00 €"
Turquía,TUR,7,Extremo izquierdo,Kerem Aktürkoğlu,21/10/1998,"1,73 m",Derecho,Fenerbahce,Süper Lig,51,15,"22.000.000,00 €"
Turquía,TUR,,Defensa central,Merih Demiral,05/03/1998,"1,90 m",Derecho,Al-Ahli,Saudi Pro League,61,6,"14.000.000,00 €"
Turquía,TUR,1,Portero,Mert Günok,01/03/1989,"1,96 m",Derecho,Fenerbahce,Süper Lig,37,0,"500.000,00 €"
Turquía,TUR,18,Lateral derecho,Mert Müldür,03/04/1999,"1,84 m",Derecho,Fenerbahce,Süper Lig,43,3,"7.000.000,00 €"
Turquía,TUR,,Portero,Muhammed Şengezer,05/01/1997,"1,92 m",Derecho,Basaksehir,Süper Lig,0,0,"2.500.000,00 €"
Turquía,TUR,,Lateral izquierdo,Mustafa Eskihellaç,05/05/1997,"1,75 m",Derecho,Trabzonspor,Süper Lig,3,0,"3.500.000,00 €"
Turquía,TUR,6,Mediocentro,Orkun Kökçü,29/12/2000,"1,75 m",Ambidiestro,Besiktas,Süper Lig,48,3,"25.000.000,00 €"
Turquía,TUR,15,Defensa central,Ozan Kabak,25/03/2000,"1,87 m",Derecho,Hoffenheim,Bundesliga,28,2,"10.000.000,00 €"
Turquía,TUR,,Extremo izquierdo,Oğuz Aydın,27/10/2000,"1,83 m",Derecho,Fenerbahce,Süper Lig,9,0,"8.000.000,00 €"
Turquía,TUR,5,Pivote,Salih Özcan,11/01/1998,"1,83 m",Derecho,Dortmund,Bundesliga,28,1,"3.500.000,00 €"
Turquía,TUR,4,Defensa central,Samet Akaydin,13/03/1994,"1,90 m",Derecho,C. Rizespor,Süper Lig,18,1,"1.200.000,00 €"
Turquía,TUR,23,Portero,Uğurcan Çakır,05/04/1996,"1,91 m",Derecho,Galatasaray,Süper Lig,38,0,"15.000.000,00 €"
Turquía,TUR,21,Extremo derecho,Yunus Akgün,07/07/2000,"1,73 m",Izquierdo,Galatasaray,Süper Lig,17,3,"18.000.000,00 €"
Turquía,TUR,2,Lateral derecho,Zeki Çelik,17/02/1997,"1,80 m",Derecho,AS Roma,Serie A,59,3,"12.000.000,00 €"
Turquía,TUR,17,Extremo derecho,İrfan Can Kahveci,15/07/1995,"1,80 m",Izquierdo,Kasimpasa,Süper Lig,45,6,"3.500.000,00 €"
Turquía,TUR,16,Pivote,İsmail Yüksek,26/01/1999,"1,83 m",Derecho,Fenerbahce,Süper Lig,31,1,"15.000.000,00 €"
Suecia,SWE,11,Extremo derecho,Anthony Elanga,27/04/2002,"1,78 m",Derecho,Newcastle,Premier League,28,6,"40.000.000,00 €"
Suecia,SWE,10,Extremo derecho,Benjamin Nygren,08/07/2001,"1,88 m",Izquierdo,Celtic FC,Premiership,9,3,"10.000.000,00 €"
Suecia,SWE,21,Mediocentro,Besfort Zeneli,21/11/2002,"1,87 m",Derecho,Union SG,Jupiler Pro League,6,0,"4.500.000,00 €"
Suecia,SWE,6,Defensa central,Carl Starfelt,01/06/1995,"1,87 m",Derecho,RC Celta,LaLiga,17,0,"5.000.000,00 €"
Suecia,SWE,8,Lateral izquierdo,Daniel Svensson,12/02/2002,"1,83 m",Izquierdo,Dortmund,Bundesliga,11,0,"22.000.000,00 €"
Suecia,SWE,25,Interior izquierdo,Elliot Stroud,22/06/2002,"1,85 m",Izquierdo,Mjällby AIF,Allsvenskan,0,0,"3.000.000,00 €"
Suecia,SWE,14,Defensa central,Eric Smith,08/01/1997,"1,92 m",Derecho,St. Pauli,Bundesliga,0,0,"5.000.000,00 €"
Suecia,SWE,5,Lateral izquierdo,Gabriel Gudmundsson,29/04/1999,"1,80 m",Izquierdo,Leeds,Premier League,23,0,"20.000.000,00 €"
Suecia,SWE,2,Defensa central,Gustaf Lagerbielke,10/04/2000,"1,93 m",Derecho,SC Braga,Liga Portugal,9,2,"5.000.000,00 €"
Suecia,SWE,9,Delantero centro,Gustaf Nilsson,23/05/1997,"1,96 m",Derecho,Club Brujas,Jupiler Pro League,8,3,"2.000.000,00 €"
Suecia,SWE,13,Extremo derecho,Gustav Lundgren,18/04/1995,"1,90 m",Izquierdo,GAIS,Allsvenskan,2,1,"1.300.000,00 €"
Suecia,SWE,26,Interior derecho,Herman Johansson,16/10/1997,"1,90 m",Derecho,Dallas,MLS,0,0,"1.800.000,00 €"
Suecia,SWE,20,Mediocentro,Hugo Larsson,27/06/2004,"1,87 m",Derecho,Eintracht,Bundesliga,12,0,"32.000.000,00 €"
Suecia,SWE,4,Defensa central,Isak Hien,13/01/1999,"1,91 m",Derecho,Atalanta,Serie A,27,0,"22.000.000,00 €"
Suecia,SWE,16,Pivote,Jesper Karlström,21/06/1995,"1,85 m",Derecho,Udinese,Serie A,23,0,"4.000.000,00 €"
Suecia,SWE,23,Portero,Kristoffer Nordfeldt,23/06/1989,"1,90 m",Derecho,AIK,Allsvenskan,20,0,"175.000,00 €"
Suecia,SWE,7,Mediocentro,Lucas Bergvall,02/02/2006,"1,87 m",Derecho,Tottenham,Premier League,8,0,"40.000.000,00 €"
Suecia,SWE,15,Mediocentro,Mattias Svanberg,05/01/1999,"1,85 m",Derecho,VfL Wolfsburgo,Bundesliga,38,2,"9.000.000,00 €"
Suecia,SWE,1,Portero,Melker Ellborg,22/05/2003,"1,91 m",Derecho,Sunderland,Premier League,0,0,"3.000.000,00 €"
Suecia,SWE,12,Portero,Noel Törnqvist,01/02/2002,"1,95 m",Izquierdo,Como,Serie A,0,0,"2.000.000,00 €"
Suecia,SWE,19,Extremo derecho,Roony Bardghji,15/11/2005,"1,73 m",Izquierdo,FC Barcelona,LaLiga,3,0,"15.000.000,00 €"
Suecia,SWE,24,Extremo izquierdo,Taha Ali,01/07/1998,"1,74 m",Derecho,Malmoe FF,Allsvenskan,1,0,"1.200.000,00 €"
Suecia,SWE,3,Defensa central,Victor Lindelöf,17/07/1994,"1,87 m",Derecho,Aston Villa,Premier League,75,3,"6.000.000,00 €"
Suecia,SWE,17,Delantero centro,Viktor Gyökeres,04/06/1998,"1,89 m",Derecho,Arsenal,Premier League,32,19,"65.000.000,00 €"
Suecia,SWE,22,Extremo izquierdo,Williot Swedberg,01/02/2004,"1,87 m",Derecho,RC Celta,LaLiga,1,0,"15.000.000,00 €"
Suecia,SWE,18,Mediocentro,Yasin Ayari,06/10/2003,"1,72 m",Derecho,Brighton,Premier League,19,3,"30.000.000,00 €"
Irak,IRQ,22,Portero,Ahmed Basil Fadhil,19/08/1996,"1,86 m",Ambidiestro,Al-Shorta,Iraq Stars League,13,0,"450.000,00 €"
Irak,IRQ,,Lateral izquierdo,Ahmed Hasan,24/09/2001,"1,83 m",Izquierdo,Al-Karma,Iraq Stars League,5,0,"400.000,00 €"
Irak,IRQ,20,Mediocentro,Aimar Sher,20/12/2002,"1,80 m",Derecho,Sarpsborg 08,Eliteserien,5,0,"1.300.000,00 €"
Irak,IRQ,5,Defensa central,Akam Hashem,16/08/1998,"1,86 m",Izquierdo,Al-Zawraa SC,Iraq Stars League,11,1,"600.000,00 €"
Irak,IRQ,9,Delantero centro,Ali Al-Hamadi,01/03/2002,"1,87 m",Derecho,Luton,League One,17,5,"2.000.000,00 €"
Irak,IRQ,17,Extremo izquierdo,Ali Jasim,20/01/2004,"1,78 m",Derecho,Al-Najma,Saudi Pro League,35,2,"550.000,00 €"
Irak,IRQ,13,Delantero centro,Ali Yousif,19/01/1996,"1,92 m",Derecho,Al-Talaba SC,Iraq Stars League,5,0,"125.000,00 €"
Irak,IRQ,16,Pivote,Amir Al-Ammari,27/07/1997,"1,84 m",Izquierdo,Cracovia,Ekstraklasa,48,3,"850.000,00 €"
Irak,IRQ,18,Delantero centro,Aymen Hussein,22/03/1996,"1,89 m",Derecho,Al-Karma,Iraq Stars League,89,32,"450.000,00 €"
Irak,IRQ,1,Portero,Fahad Talib,21/10/1994,"1,93 m",,Al-Talaba SC,Iraq Stars League,19,0,"400.000,00 €"
Irak,IRQ,6,Defensa central,Frans Putros,14/07/1993,"1,81 m",Derecho,PERSIB,Super League,25,0,"350.000,00 €"
Irak,IRQ,11,Extremo derecho,Hasan Abdulkareem,01/01/1999,"1,66 m",Izquierdo,Al-Zawraa SC,Iraq Stars League,21,1,"700.000,00 €"
Irak,IRQ,3,Lateral derecho,Hussein Ali,01/03/2002,"1,83 m",Derecho,Pogon Szczecin,Ekstraklasa,25,1,"300.000,00 €"
Irak,IRQ,8,Mediocentro ofensivo,Ibrahim Bayesh,01/05/2000,"1,77 m",Derecho,Al-Dhafra FC,UAE Pro League,72,8,"900.000,00 €"
Irak,IRQ,,Mediocentro ofensivo,Karar Nabeel,16/01/1998,"1,60 m",,Al-Zawraa SC,Iraq Stars League,8,0,"300.000,00 €"
Irak,IRQ,19,Mediocentro,Kevin Yakob,10/10/2000,"1,84 m",Derecho,Aarhus GF,Superliga,6,0,"600.000,00 €"
Irak,IRQ,12,Portero,Kumel Al-Rekabe,19/08/2004,"1,93 m",,Erbil SC,Iraq Stars League,0,0,"250.000,00 €"
Irak,IRQ,,Defensa central,Manaf Younis,16/11/1996,"1,90 m",Derecho,Al-Shorta,Iraq Stars League,30,1,"350.000,00 €"
Irak,IRQ,21,Extremo izquierdo,Marko Farji,16/03/2004,"1,84 m",Derecho,Venezia,Serie B,9,0,"1.800.000,00 €"
Irak,IRQ,,Defensa central,Maytham Jabbar,10/11/2000,"1,88 m",Derecho,Al-Zawraa SC,Iraq Stars League,20,0,"400.000,00 €"
Irak,IRQ,23,Lateral izquierdo,Merchas Doski,07/12/1999,"1,73 m",Izquierdo,Viktoria Plzen,Chance Liga,30,0,"1.000.000,00 €"
Irak,IRQ,10,Delantero centro,Mohanad Ali,20/06/2000,"1,83 m",Derecho,Dibba SCC,UAE Pro League,68,26,"1.400.000,00 €"
Irak,IRQ,,Extremo derecho,Peter Gwargis,04/09/2000,"1,81 m",Izquierdo,Duhok SC,Iraq Stars League,3,0,"500.000,00 €"
Irak,IRQ,2,Defensa central,Rebin Sulaka,12/04/1992,"1,92 m",Derecho,Port FC,Thai League,52,1,"100.000,00 €"
Irak,IRQ,7,Extremo izquierdo,Youssef Amyn,21/08/2003,"1,75 m",Derecho,AEK Larnaca,Cyprus League,25,2,"600.000,00 €"
Irak,IRQ,15,Pivote,Zaid Ismail,03/01/2002,"1,85 m",,Al-Talaba SC,Iraq Stars League,4,0,"400.000,00 €"
Irak,IRQ,4,Defensa central,Zaid Tahseen,29/01/2001,"1,87 m",,Pakhtakor,Superliga,24,1,"600.000,00 €"
Irak,IRQ,14,Mediocentro,Zidane Iqbal,27/04/2003,"1,81 m",Derecho,FC Utrecht,Eredivisie,22,2,"1.500.000,00 €"
RD Congo,COD,,Lateral derecho,Aaron Wan-Bissaka,26/11/1997,"1,83 m",Derecho,West Ham,Premier League,10,0,"22.000.000,00 €"
RD Congo,COD,,Lateral izquierdo,Arthur Masuaku,07/11/1993,"1,79 m",Izquierdo,Lens,Ligue 1,43,4,"2.500.000,00 €"
RD Congo,COD,,Defensa central,Axel Tuanzebe,14/11/1997,"1,85 m",Derecho,Burnley,Premier League,11,1,"5.000.000,00 €"
RD Congo,COD,,Extremo izquierdo,Brian Cipenga,11/03/1998,"1,72 m",Derecho,CD Castellón,2ª División,7,0,"2.000.000,00 €"
RD Congo,COD,,Defensa central,Chancel Mbemba,08/08/1994,"1,82 m",Derecho,Lille,Ligue 1,104,7,"2.500.000,00 €"
RD Congo,COD,,Pivote,Charles Pickel,15/05/1997,"1,87 m",Derecho,RCD Espanyol,LaLiga,33,1,"2.500.000,00 €"
RD Congo,COD,,Delantero centro,Cédric Bakambu,11/04/1991,"1,82 m",Derecho,Real Betis,LaLiga,67,21,"1.400.000,00 €"
RD Congo,COD,,Defensa central,Dylan Batubinsika,15/02/1996,"1,88 m",Derecho,AE Larisa,Super League 1,15,1,"700.000,00 €"
RD Congo,COD,,Mediocentro,Edo Kayembe,03/06/1998,"1,83 m",Izquierdo,Watford,Championship,40,2,"4.000.000,00 €"
RD Congo,COD,,Delantero centro,Fiston Mayele,24/06/1994,"1,85 m",Derecho,Pyramids FC,Premier League,36,5,"1.800.000,00 €"
RD Congo,COD,,Extremo derecho,Grady Diangana,19/04/1998,"1,80 m",Izquierdo,Elche CF,LaLiga,8,0,"2.500.000,00 €"
RD Congo,COD,,Lateral derecho,Jeremy Ngakia,07/09/2000,"1,84 m",Derecho,Watford,Championship,0,0,"2.000.000,00 €"
RD Congo,COD,,Lateral izquierdo,Joris Kayembe,08/08/1994,"1,81 m",Izquierdo,KRC Genk,Jupiler Pro League,24,0,"2.500.000,00 €"
RD Congo,COD,,Portero,Lionel Mpasi-Nzau,01/08/1994,"1,82 m",Derecho,Le Havre,Ligue 1,26,0,"400.000,00 €"
RD Congo,COD,,Portero,Matthieu Epolo,15/01/2005,"1,89 m",Derecho,Standard Lieja,Jupiler Pro League,1,0,"5.000.000,00 €"
RD Congo,COD,,Mediocentro ofensivo,Meschack Elia,06/08/1997,"1,73 m",Derecho,Alanyaspor,Süper Lig,65,12,"2.000.000,00 €"
RD Congo,COD,,Extremo izquierdo,Nathanaël Mbuku,16/03/2002,"1,70 m",Izquierdo,Montpellier,Ligue 2,17,2,"2.000.000,00 €"
RD Congo,COD,,Pivote,Ngal'ayel Mukau,03/11/2004,"1,86 m",Izquierdo,Lille,Ligue 1,12,0,"12.000.000,00 €"
RD Congo,COD,,Mediocentro,Noah Sadiki,17/12/2004,"1,73 m",Derecho,Sunderland,Premier League,18,0,"30.000.000,00 €"
RD Congo,COD,,Defensa central,Rocky Bushiri,30/11/1999,"1,87 m",Derecho,Hibernian FC,Premiership,7,1,"900.000,00 €"
RD Congo,COD,,Mediocentro,Samuel Moutoussamy,12/08/1996,"1,76 m",Izquierdo,Atromitos FC,Super League 1,56,0,"1.200.000,00 €"
RD Congo,COD,,Delantero centro,Simon Banza,13/08/1996,"1,89 m",Derecho,Al-Jazira,UAE Pro League,14,2,"11.000.000,00 €"
RD Congo,COD,,Defensa central,Steve Kapuadi,30/04/1998,"1,96 m",Izquierdo,Widzew,Ekstraklasa,2,0,"2.500.000,00 €"
RD Congo,COD,,Extremo derecho,Théo Bongonda,20/11/1995,"1,75 m",Izquierdo,Spartak Moscú,Premier Liga,37,7,"4.000.000,00 €"
RD Congo,COD,,Portero,Timothy Fayulu,24/07/1999,"1,92 m",Derecho,FC Noah,Premier League,3,0,"1.000.000,00 €"
RD Congo,COD,,Delantero centro,Yoane Wissa,03/09/1996,"1,76 m",Derecho,Newcastle,Premier League,36,8,"30.000.000,00 €"