date,home_team,away_team,home_score,away_score,tournament,city,country,neutral
02/01/18,Iraq,United Arab Emirates,0,0,Gulf Cup,Kuwait City,Kuwait,TRUE
02/01/18,Oman,Bahrain,1,0,Gulf Cup,Kuwait City,Kuwait,TRUE
05/01/18,Oman,United Arab Emirates,0,0,Gulf Cup,Kuwait City,Kuwait,TRUE
07/01/18,Estonia,Sweden,1,1,Friendly,Abu Dhabi,United Arab Emirates,TRUE
11/01/18,Denmark,Sweden,0,1,Friendly,Abu Dhabi,United Arab Emirates,TRUE
11/01/18,Indonesia,Iceland,0,6,Friendly,Sleman,Indonesia,FALSE
11/01/18,Jordan,Finland,1,2,Friendly,Abu Dhabi,United Arab Emirates,TRUE
14/01/18,Indonesia,Iceland,1,4,Friendly,Jakarta,Indonesia,FALSE
27/01/18,Moldova,South Korea,0,1,Friendly,Antalya,Turkey,TRUE
28/01/18,United States,Bosnia and Herzegovina,0,0,Friendly,Carson,United States,FALSE
28/01/18,Yorkshire,Ellan Vannin,1,1,Friendly,Fitzwilliam,England,FALSE
30/01/18,Azerbaijan,Moldova,0,0,Friendly,Antalya,Turkey,TRUE
30/01/18,Jamaica,South Korea,2,2,Friendly,Antalya,Turkey,TRUE
31/01/18,Mexico,Bosnia and Herzegovina,1,0,Friendly,San Antonio,United States,TRUE
03/02/18,Latvia,South Korea,0,1,Friendly,Antalya,Turkey,TRUE
26/02/18,Saudi Arabia,Moldova,3,0,Friendly,Jeddah,Saudi Arabia,FALSE
28/02/18,Iraq,Saudi Arabia,4,1,Friendly,Basra,Iraq,FALSE
17/03/18,Iran,Sierra Leone,4,0,Friendly,Tehran,Iran,FALSE
21/03/18,Andorra,Liechtenstein,1,0,Friendly,La L√≠nea de la Concepci√≥n,Spain,TRUE
21/03/18,Antigua and Barbuda,Bermuda,3,2,Friendly,St. John's,Antigua and Barbuda,FALSE
21/03/18,Iraq,Qatar,2,3,Friendly,Basra,Iraq,FALSE
21/03/18,Jordan,Kuwait,1,0,Friendly,Amman,Jordan,FALSE
21/03/18,Laos,Cambodia,0,1,Friendly,Vientiane,Laos,FALSE
21/03/18,Madagascar,Togo,0,0,Friendly,Saint-Leu-la-For√™t,France,TRUE
21/03/18,South Africa,Angola,1,1,Friendly,Ndola,Zambia,TRUE
21/03/18,Tahiti,New Caledonia,0,0,Friendly,Pirae,Tahiti,FALSE
21/03/18,Zambia,Zimbabwe,2,2,Friendly,Ndola,Zambia,FALSE
22/03/18,Algeria,Tanzania,4,1,Friendly,Algiers,Algeria,FALSE
22/03/18,Bahrain,Palestine,0,0,Friendly,Riffa,Bahrain,FALSE
22/03/18,Belize,Grenada,4,2,Friendly,Belmopan,Belize,FALSE
22/03/18,Burkina Faso,Guinea-Bissau,2,0,Friendly,Limeil-Br√©vannes,France,TRUE
22/03/18,China PR,Wales,0,6,Friendly,Nanning,China PR,FALSE
22/03/18,Denmark,Panama,1,0,Friendly,Br√∏ndby,Denmark,FALSE
22/03/18,Dominican Republic,Turks and Caicos Islands,4,0,Friendly,Santo Domingo,Dominican Republic,FALSE
22/03/18,Faroe Islands,Latvia,1,1,Friendly,San Pedro Alc√°ntara,Spain,TRUE
22/03/18,Kyrgyzstan,Myanmar,5,1,AFC Asian Cup qualification,Incheon,South Korea,TRUE
22/03/18,Macau,Mauritius,0,1,Friendly,Macau,Macau,FALSE
22/03/18,Malaysia,Mongolia,2,2,Friendly,Kuala Lumpur,Malaysia,FALSE
22/03/18,Malta,Luxembourg,0,1,Friendly,Attard,Malta,FALSE
22/03/18,Nicaragua,Cuba,3,1,Friendly,Managua,Nicaragua,FALSE
22/03/18,Philippines,Fiji,3,2,Friendly,Manila,Philippines,FALSE
22/03/18,Slovakia,United Arab Emirates,2,1,Friendly,Bangkok,Thailand,TRUE
22/03/18,Thailand,Gabon,0,0,Friendly,Bangkok,Thailand,FALSE
23/03/18,Austria,Slovenia,3,0,Friendly,Klagenfurt,Austria,FALSE
23/03/18,Azerbaijan,Belarus,0,1,Friendly,Baku,Azerbaijan,FALSE
23/03/18,Bulgaria,Bosnia and Herzegovina,0,1,Friendly,Razgrad,Bulgaria,FALSE
23/03/18,Cura√ßao,Bolivia,1,1,Friendly,Willemstad,Cura√ßao,FALSE
23/03/18,Cyprus,Montenegro,0,0,Friendly,Nicosia,Cyprus,FALSE
23/03/18,Finland,North Macedonia,0,0,Friendly,Belek,Turkey,TRUE
23/03/18,France,Colombia,2,3,Friendly,Saint-Denis,France,FALSE
23/03/18,Gambia,Central African Republic,1,1,Friendly,Bakau,Gambia,FALSE
23/03/18,Germany,Spain,1,1,Friendly,D√ºsseldorf,Germany,FALSE
23/03/18,Greece,Switzerland,0,1,Friendly,Athens,Greece,FALSE
23/03/18,Guadeloupe,Trinidad and Tobago,0,1,Friendly,Les Abymes,Guadeloupe,FALSE
23/03/18,Hungary,Kazakhstan,2,3,Friendly,Budapest,Hungary,FALSE
23/03/18,Italy,Argentina,0,2,Friendly,Manchester,England,TRUE
23/03/18,Japan,Mali,1,1,Friendly,Li√®ge,Belgium,TRUE
23/03/18,Mexico,Iceland,3,0,Friendly,Santa Clara,United States,TRUE
23/03/18,Netherlands,England,0,1,Friendly,Amsterdam,Netherlands,FALSE
23/03/18,Norway,Australia,4,1,Friendly,Oslo,Norway,FALSE
23/03/18,Peru,Croatia,2,0,Friendly,Miami Gardens,United States,TRUE
23/03/18,Poland,Nigeria,0,1,Friendly,Wroc≈Çaw,Poland,FALSE
23/03/18,Portugal,Egypt,2,1,Friendly,Z√ºrich,Switzerland,TRUE
23/03/18,Russia,Brazil,0,3,Friendly,Moscow,Russia,FALSE
23/03/18,Scotland,Costa Rica,0,1,Friendly,Glasgow,Scotland,FALSE
23/03/18,Senegal,Uzbekistan,1,1,Friendly,Casablanca,Morocco,TRUE
23/03/18,Serbia,Morocco,1,2,Friendly,Turin,Italy,TRUE
23/03/18,Singapore,Maldives,3,2,Friendly,Kallang,Singapore,FALSE
23/03/18,Tunisia,Iran,1,0,Friendly,Rad√®s,Tunisia,FALSE
23/03/18,Turkey,Republic of Ireland,1,0,Friendly,Antalya,Turkey,FALSE
23/03/18,Ukraine,Saudi Arabia,1,1,Friendly,Marbella,Spain,TRUE
23/03/18,Uruguay,Czech Republic,2,0,Friendly,Nanning,China PR,TRUE
24/03/18,Angola,Zimbabwe,2,2,Friendly,Ndola,Zambia,TRUE
24/03/18,Armenia,Estonia,0,0,Friendly,Yerevan,Armenia,FALSE
24/03/18,Botswana,Lesotho,1,0,Friendly,Gaborone,Botswana,FALSE
24/03/18,Canada,New Zealand,1,0,Friendly,San Pedro del Pinatar,Spain,TRUE
24/03/18,Comoros,Kenya,2,2,Friendly,Marrakech,Morocco,TRUE
24/03/18,Georgia,Lithuania,4,0,Friendly,Tbilisi,Georgia,FALSE
24/03/18,Israel,Romania,1,2,Friendly,Netanya,Israel,FALSE
24/03/18,Ivory Coast,Togo,2,2,Friendly,Beauvais,France,TRUE
24/03/18,Kosovo,Madagascar,1,0,Friendly,Franconville,France,TRUE
24/03/18,Mauritania,Guinea,2,0,Friendly,Nouakchott,Mauritania,FALSE
24/03/18,Northern Ireland,South Korea,2,1,Friendly,Belfast,Northern Ireland,FALSE
24/03/18,Qatar,Syria,2,2,Friendly,Basra,Iraq,TRUE
24/03/18,Sweden,Chile,1,2,Friendly,Solna,Sweden,FALSE
24/03/18,Tahiti,New Caledonia,4,3,Friendly,Pirae,Tahiti,FALSE
24/03/18,Uganda,S√£o Tom√© and Pr√≠ncipe,3,1,Friendly,Kampala,Uganda,FALSE
24/03/18,Zambia,South Africa,0,2,Friendly,Ndola,Zambia,FALSE
24/03/18,Alderney,Guernsey,0,2,Muratti Vase,Alderney,Alderney,FALSE
25/03/18,Barbados,Bermuda,0,0,Friendly,Bridgetown,Barbados,FALSE
25/03/18,Dominican Republic,Saint Kitts and Nevis,2,1,Friendly,Santiago,Dominican Republic,FALSE
25/03/18,Faroe Islands,Liechtenstein,3,0,Friendly,Marbella,Spain,TRUE
25/03/18,Gibraltar,Latvia,1,0,Friendly,Gibraltar,Gibraltar,FALSE
25/03/18,Jamaica,Antigua and Barbuda,1,1,Friendly,Kingston,Jamaica,FALSE
25/03/18,Kuwait,Cameroon,1,3,Friendly,Kuwait City,Kuwait,FALSE
25/03/18,Martinique,Trinidad and Tobago,0,0,Friendly,Fort-de-France,Martinique,FALSE
25/03/18,Nicaragua,Cuba,3,3,Friendly,Managua,Nicaragua,FALSE
25/03/18,Thailand,Slovakia,2,3,Friendly,Bangkok,Thailand,FALSE
25/03/18,Yorkshire,Chagos Islands,6,0,Friendly,Fitzwilliam,England,FALSE
26/03/18,Albania,Norway,0,1,Friendly,Elbasan,Albania,FALSE
26/03/18,Bulgaria,Kazakhstan,2,1,Friendly,Felcs√∫t,Hungary,TRUE
26/03/18,China PR,Czech Republic,1,4,Friendly,Nanning,China PR,FALSE
26/03/18,Cura√ßao,Bolivia,1,0,Friendly,Willemstad,Cura√ßao,FALSE
26/03/18,Finland,Malta,5,0,Friendly,Belek,Turkey,TRUE
26/03/18,Portugal,Netherlands,0,3,Friendly,Geneva,Switzerland,TRUE
26/03/18,Wales,Uruguay,0,1,Friendly,Nanning,China PR,TRUE
27/03/18,Afghanistan,Cambodia,2,1,AFC Asian Cup qualification,Dushanbe,Tajikistan,TRUE
27/03/18,Algeria,Iran,1,2,Friendly,Graz,Austria,TRUE
27/03/18,Armenia,Lithuania,0,1,Friendly,Yerevan,Armenia,FALSE
27/03/18,Australia,Colombia,0,0,Friendly,London,England,TRUE
27/03/18,Azerbaijan,North Macedonia,1,1,Friendly,Antalya,Turkey,TRUE
27/03/18,Bahrain,Turkmenistan,4,0,AFC Asian Cup qualification,Riffa,Bahrain,FALSE
27/03/18,Belgium,Saudi Arabia,4,0,Friendly,Brussels,Belgium,FALSE
27/03/18,Bosnia and Herzegovina,Senegal,0,0,Friendly,Le Havre,France,TRUE
27/03/18,Myanmar,Macau,1,0,AFC Asian Cup qualification,Yangon,Myanmar,FALSE
27/03/18,Central African Republic,Kenya,3,2,Friendly,Marrakech,Morocco,TRUE
27/03/18,Denmark,Chile,0,0,Friendly,Aalborg,Denmark,FALSE
27/03/18,England,Italy,1,1,Friendly,London,England,FALSE
27/03/18,Georgia,Estonia,2,0,Friendly,Tbilisi,Georgia,FALSE
27/03/18,Germany,Brazil,0,1,Friendly,Berlin,Germany,FALSE
27/03/18,Greece,Egypt,1,0,Friendly,Z√ºrich,Switzerland,TRUE
27/03/18,Hungary,Scotland,0,1,Friendly,Budapest,Hungary,FALSE
27/03/18,Iraq,Syria,1,1,Friendly,Basra,Iraq,FALSE
27/03/18,Jordan,Vietnam,1,1,AFC Asian Cup qualification,Amman,Jordan,FALSE
27/03/18,North Korea,Hong Kong,2,0,AFC Asian Cup qualification,Pyongyang,North Korea,FALSE
27/03/18,Kosovo,Burkina Faso,2,0,Friendly,Franconville,France,TRUE
27/03/18,Kyrgyzstan,India,2,1,AFC Asian Cup qualification,Bishkek,Kyrgyzstan,FALSE
27/03/18,Laos,Bangladesh,2,2,Friendly,Vientiane,Laos,FALSE
27/03/18,Lebanon,Malaysia,2,1,AFC Asian Cup qualification,Beirut,Lebanon,FALSE
27/03/18,Luxembourg,Austria,0,4,Friendly,Luxembourg,Luxembourg,FALSE
27/03/18,Maldives,Bhutan,7,0,AFC Asian Cup qualification,Mal√©,Maldives,FALSE
27/03/18,Mexico,Croatia,0,1,Friendly,Arlington,United States,TRUE
27/03/18,Moldova,Ivory Coast,1,2,Friendly,Beauvais,France,TRUE
27/03/18,Mongolia,Mauritius,0,2,Friendly,Ulan Bator,Mongolia,FALSE
27/03/18,Montenegro,Turkey,2,2,Friendly,Podgorica,Montenegro,FALSE
27/03/18,Morocco,Uzbekistan,2,0,Friendly,Casablanca,Morocco,FALSE
27/03/18,Namibia,Lesotho,2,1,Friendly,Windhoek,Namibia,FALSE
27/03/18,Oman,Palestine,1,0,AFC Asian Cup qualification,Muscat,Oman,FALSE
27/03/18,Peru,Iceland,3,1,Friendly,Harrison,United States,TRUE
27/03/18,Philippines,Tajikistan,2,1,AFC Asian Cup qualification,Manila,Philippines,FALSE
27/03/18,Poland,South Korea,3,2,Friendly,Chorz√≥w,Poland,FALSE
27/03/18,Romania,Sweden,1,0,Friendly,Craiova,Romania,FALSE
27/03/18,Russia,France,1,3,Friendly,Saint Petersburg,Russia,FALSE
27/03/18,Serbia,Nigeria,2,0,Friendly,London,England,TRUE
27/03/18,Seychelles,Eswatini,0,0,Friendly,Victoria,Seychelles,FALSE
27/03/18,Slovenia,Belarus,0,2,Friendly,Ljubljana,Slovenia,FALSE
27/03/18,Spain,Argentina,6,1,Friendly,Madrid,Spain,FALSE
27/03/18,Switzerland,Panama,6,0,Friendly,Lucerne,Switzerland,FALSE
27/03/18,Taiwan,Singapore,1,0,AFC Asian Cup qualification,Taipei,Taiwan,FALSE
27/03/18,Tanzania,DR Congo,2,0,Friendly,Dar es Salaam,Tanzania,FALSE
27/03/18,Tunisia,Costa Rica,1,0,Friendly,Nice,France,TRUE
27/03/18,Uganda,Malawi,0,0,Friendly,Kampala,Uganda,FALSE
27/03/18,Ukraine,Japan,2,1,Friendly,Li√®ge,Belgium,TRUE
27/03/18,United States,Paraguay,1,0,Friendly,Cary,United States,FALSE
27/03/18,Yemen,Nepal,2,1,AFC Asian Cup qualification,Doha,Qatar,TRUE
01/04/18,Malaysia,Bhutan,7,0,Friendly,Kuala Lumpur,Malaysia,FALSE
08/04/18,Barawa,Chagos Islands,4,1,Friendly,London,England,FALSE
15/04/18,Barawa,Yorkshire,2,7,Friendly,London,England,FALSE
18/04/18,Trinidad and Tobago,Panama,0,1,Friendly,Couva,Trinidad and Tobago,FALSE
18/04/18,Zimbabwe,Botswana,0,1,Friendly,Harare,Zimbabwe,FALSE
26/04/18,Saint Kitts and Nevis,Jamaica,1,3,Friendly,Basseterre,Saint Kitts and Nevis,FALSE
29/04/18,Ellan Vannin,Panjab,2,1,Friendly,Sandbach,England,TRUE
29/04/18,Saint Barth√©lemy,Saint Martin,3,2,Friendly,Saint-Jean,Saint Barth√©lemy,FALSE
30/04/18,Antigua and Barbuda,Jamaica,0,2,Friendly,St. John's,Antigua and Barbuda,FALSE
06/05/18,Barawa,Surrey,1,3,Friendly,London,England,FALSE
08/05/18,Iraq,Palestine,0,0,Friendly,Basra,Iraq,FALSE
09/05/18,Algeria,Saudi Arabia,0,2,Friendly,C√°diz,Spain,TRUE
11/05/18,Kuwait,Palestine,2,0,Friendly,Kuwait City,Kuwait,FALSE
12/05/18,Jersey,Guernsey,1,0,Muratti Vase,Jersey,Jersey,FALSE
15/05/18,Saudi Arabia,Greece,2,0,Friendly,Seville,Spain,TRUE
19/05/18,Iran,Uzbekistan,1,0,Friendly,Tehran,Iran,FALSE
20/05/18,Jordan,Cyprus,3,0,Friendly,Amman,Jordan,FALSE
25/05/18,Kuwait,Egypt,1,1,Friendly,Kuwait City,Kuwait,FALSE
25/05/18,Kenya,Eswatini,0,1,Friendly,Machakos,Kenya,FALSE
26/05/18,China PR,Myanmar,1,0,Friendly,Nanjing,China PR,FALSE
26/05/18,Saint Barth√©lemy,Sint Maarten,5,3,Friendly,Saint-Jean,Saint Barth√©lemy,FALSE
27/05/18,Cameroon,Burkina Faso,0,1,Friendly,Beauvais,France,TRUE
27/05/18,Niger,Central African Republic,3,3,Friendly,Niamey,Niger,FALSE
27/05/18,Madagascar,Mozambique,2,1,COSAFA Cup,Polokwane,South Africa,TRUE
27/05/18,Comoros,Seychelles,1,1,COSAFA Cup,Polokwane,South Africa,TRUE
28/05/18,United States,Bolivia,3,0,Friendly,Chester,United States,FALSE
28/05/18,Nigeria,DR Congo,1,1,Friendly,Port Harcourt,Nigeria,FALSE
28/05/18,Kenya,Equatorial Guinea,1,0,Friendly,Machakos,Kenya,FALSE
28/05/18,Portugal,Tunisia,2,2,Friendly,Braga,Portugal,FALSE
28/05/18,Italy,Saudi Arabia,2,1,Friendly,St. Gallen,Switzerland,TRUE
28/05/18,France,Republic of Ireland,2,0,Friendly,Saint-Denis,France,FALSE
28/05/18,Mexico,Wales,0,0,Friendly,Pasadena,United States,TRUE
28/05/18,Turkey,Iran,2,1,Friendly,Istanbul,Turkey,FALSE
28/05/18,South Korea,Honduras,2,0,Friendly,Daegu,South Korea,FALSE
28/05/18,Bosnia and Herzegovina,Montenegro,0,0,Friendly,Zenica,Bosnia and Herzegovina,FALSE
28/05/18,Malawi,Mauritius,0,1,COSAFA Cup,Polokwane,South Africa,TRUE
28/05/18,Angola,Botswana,1,2,COSAFA Cup,Polokwane,South Africa,TRUE
29/05/18,Argentina,Haiti,4,0,Friendly,Buenos Aires,Argentina,FALSE
29/05/18,Albania,Kosovo,0,3,Friendly,Z√ºrich,Switzerland,TRUE
29/05/18,Armenia,Malta,1,1,Friendly,Wattens,Austria,TRUE
29/05/18,Azerbaijan,Kyrgyzstan,3,0,Friendly,Baku,Azerbaijan,FALSE
29/05/18,Peru,Scotland,2,0,Friendly,Lima,Peru,FALSE
29/05/18,Panama,Northern Ireland,0,0,Friendly,Panama City,Panama,FALSE
29/05/18,Madagascar,Seychelles,1,1,COSAFA Cup,Polokwane,South Africa,TRUE
29/05/18,Comoros,Mozambique,0,3,COSAFA Cup,Polokwane,South Africa,TRUE
30/05/18,Japan,Ghana,0,2,Friendly,Yokohama,Japan,FALSE
30/05/18,Central African Republic,Uganda,1,0,Friendly,Niamey,Niger,TRUE
30/05/18,Austria,Russia,1,0,Friendly,Innsbruck,Austria,FALSE
30/05/18,Malawi,Botswana,1,1,COSAFA Cup,Polokwane,South Africa,TRUE
30/05/18,Angola,Mauritius,1,0,COSAFA Cup,Polokwane,South Africa,TRUE
30/05/18,Estonia,Lithuania,2,0,Baltic Cup,Rakvere,Estonia,FALSE
31/05/18,Ukraine,Morocco,0,0,Friendly,Geneva,Switzerland,TRUE
31/05/18,Romania,Chile,3,2,Friendly,Graz,Austria,TRUE
31/05/18,Luxembourg,Senegal,0,0,Friendly,Luxembourg,Luxembourg,FALSE
31/05/18,Mozambique,Seychelles,2,1,COSAFA Cup,Polokwane,South Africa,TRUE
31/05/18,Comoros,Madagascar,0,1,COSAFA Cup,Polokwane,South Africa,TRUE
31/05/18,Slovakia,Netherlands,1,1,Friendly,Trnava,Slovakia,FALSE
31/05/18,Ellan Vannin,Cascadia,4,1,CONIFA World Football Cup,Sutton,England,TRUE
31/05/18,Barawa,Tamil Eelam,4,0,CONIFA World Football Cup,Bromley,England,FALSE
31/05/18,Abkhazia,Tibet,3,0,CONIFA World Football Cup,Enfield,England,TRUE
31/05/18,Northern Cyprus,K√°rp√°talja,1,1,CONIFA World Football Cup,Enfield,England,TRUE
31/05/18,Sz√©kely Land,Tuvalu,4,0,CONIFA World Football Cup,Haringey,England,TRUE
31/05/18,Padania,Matabeleland,6,1,CONIFA World Football Cup,Sutton,England,TRUE
31/05/18,United Koreans in Japan,Western Armenia,0,0,CONIFA World Football Cup,Carshalton,England,TRUE
31/05/18,Panjab,Kabylia,8,0,CONIFA World Football Cup,Slough,England,TRUE
01/06/18,France,Italy,3,1,Friendly,Nice,France,FALSE
01/06/18,Turkey,Tunisia,2,2,Friendly,Geneva,Switzerland,TRUE
01/06/18,South Korea,Bosnia and Herzegovina,1,3,Friendly,Jeonju,South Korea,FALSE
01/06/18,Czech Republic,Australia,0,4,Friendly,Sankt P√∂lten,Austria,TRUE
01/06/18,Algeria,Cape Verde,2,3,Friendly,Algiers,Algeria,FALSE
01/06/18,Colombia,Egypt,0,0,Friendly,Bergamo,Italy,TRUE
01/06/18,Malta,Georgia,0,1,Friendly,Schwaz,Austria,TRUE
01/06/18,Botswana,Mauritius,6,0,COSAFA Cup,Polokwane,South Africa,TRUE
01/06/18,Angola,Malawi,0,0,COSAFA Cup,Polokwane,South Africa,TRUE
01/06/18,India,Taiwan,5,0,Intercontinental Cup,Mumbai,India,FALSE
02/06/18,El Salvador,Honduras,1,0,Friendly,Houston,United States,TRUE
02/06/18,Thailand,China PR,0,2,Friendly,Bangkok,Thailand,FALSE
02/06/18,England,Nigeria,2,1,Friendly,London,England,FALSE
02/06/18,Montenegro,Slovenia,0,2,Friendly,Podgorica,Montenegro,FALSE
02/06/18,Mexico,Scotland,1,0,Friendly,Mexico City,Mexico,FALSE
02/06/18,Sweden,Denmark,0,0,Friendly,Solna,Sweden,FALSE
02/06/18,Republic of Ireland,United States,2,1,Friendly,Dublin,Republic of Ireland,FALSE
02/06/18,Belgium,Portugal,0,0,Friendly,Brussels,Belgium,FALSE
02/06/18,Austria,Germany,2,1,Friendly,Klagenfurt,Austria,FALSE
02/06/18,Niger,Uganda,2,1,Friendly,Niamey,Niger,FALSE
02/06/18,Iceland,Norway,2,3,Friendly,Reykjav√≠k,Iceland,FALSE
02/06/18,Zambia,Namibia,0,0,COSAFA Cup,Polokwane,South Africa,TRUE
02/06/18,Lesotho,Eswatini,1,0,COSAFA Cup,Polokwane,South Africa,TRUE
02/06/18,Latvia,Estonia,1,0,Baltic Cup,Riga,Latvia,FALSE
02/06/18,Kenya,New Zealand,2,1,Intercontinental Cup,Mumbai,India,TRUE
02/06/18,Ellan Vannin,Tamil Eelam,2,0,CONIFA World Football Cup,Carshalton,England,TRUE
02/06/18,Barawa,Cascadia,1,2,CONIFA World Football Cup,Carshalton,England,FALSE
02/06/18,Abkhazia,K√°rp√°talja,0,2,CONIFA World Football Cup,Enfield,England,TRUE
02/06/18,Northern Cyprus,Tibet,3,1,CONIFA World Football Cup,Enfield,England,TRUE
02/06/18,Sz√©kely Land,Matabeleland,5,0,CONIFA World Football Cup,Haringey,England,TRUE
02/06/18,Padania,Tuvalu,8,0,CONIFA World Football Cup,Haringey,England,TRUE
02/06/18,United Koreans in Japan,Kabylia,0,0,CONIFA World Football Cup,Bracknell,England,TRUE
02/06/18,Panjab,Western Armenia,0,1,CONIFA World Football Cup,Slough,England,TRUE
03/06/18,Albania,Ukraine,1,4,Friendly,√âvian-les-Bains,France,TRUE
03/06/18,Saudi Arabia,Peru,0,3,Friendly,St. Gallen,Switzerland,TRUE
03/06/18,Spain,Switzerland,1,1,Friendly,Vila-real,Spain,FALSE
03/06/18,Croatia,Brazil,0,2,Friendly,Liverpool,England,TRUE
03/06/18,Costa Rica,Northern Ireland,3,0,Friendly,San Jos√©,Costa Rica,FALSE
03/06/18,Barbados,Belize,0,0,Friendly,Bridgetown,Barbados,FALSE
03/06/18,Andorra,Cape Verde,0,0,Friendly,Almada,Portugal,TRUE
03/06/18,South Africa,Madagascar,0,0,COSAFA Cup,Polokwane,South Africa,FALSE
03/06/18,Zimbabwe,Botswana,1,1,COSAFA Cup,Polokwane,South Africa,TRUE
03/06/18,Tamil Eelam,Cascadia,0,6,CONIFA World Football Cup,Haringey,England,TRUE
03/06/18,Barawa,Ellan Vannin,2,0,CONIFA World Football Cup,Rotherhithe,England,FALSE
03/06/18,Abkhazia,Northern Cyprus,2,2,CONIFA World Football Cup,Enfield,England,TRUE
03/06/18,K√°rp√°talja,Tibet,5,1,CONIFA World Football Cup,Bracknell,England,TRUE
03/06/18,Padania,Sz√©kely Land,3,1,CONIFA World Football Cup,Bedfont,England,TRUE
03/06/18,Tuvalu,Matabeleland,1,3,CONIFA World Football Cup,Haringey,England,TRUE
03/06/18,Panjab,United Koreans in Japan,1,1,CONIFA World Football Cup,Slough,England,TRUE
03/06/18,Western Armenia,Kabylia,4,0,CONIFA World Football Cup,Enfield,England,TRUE
04/06/18,Italy,Netherlands,1,1,Friendly,Turin,Italy,FALSE
04/06/18,Serbia,Chile,0,1,Friendly,Graz,Austria,TRUE
04/06/18,Slovakia,Morocco,1,2,Friendly,Geneva,Switzerland,TRUE
04/06/18,Armenia,Moldova,0,0,Friendly,Kematen,Austria,TRUE
04/06/18,India,Kenya,3,0,Intercontinental Cup,Mumbai,India,FALSE
05/06/18,Russia,Turkey,1,1,Friendly,Moscow,Russia,FALSE
05/06/18,Romania,Finland,2,0,Friendly,Ploie»ôti,Romania,FALSE
05/06/18,Luxembourg,Georgia,1,0,Friendly,Luxembourg,Luxembourg,FALSE
05/06/18,Kazakhstan,Azerbaijan,3,0,Friendly,Astana,Kazakhstan,FALSE
05/06/18,Martinique,French Guiana,3,0,Friendly,Fort-de-France,Martinique,FALSE
05/06/18,Lithuania,Latvia,1,1,Baltic Cup,Vilnius,Lithuania,FALSE
05/06/18,Taiwan,New Zealand,0,1,Intercontinental Cup,Mumbai,India,TRUE
05/06/18,South Africa,Namibia,4,1,COSAFA Cup,Polokwane,South Africa,FALSE
05/06/18,Eswatini,Botswana,0,2,COSAFA Cup,Polokwane,South Africa,TRUE
05/06/18,Matabeleland,Kabylia,0,0,CONIFA World Football Cup,Enfield,England,TRUE
05/06/18,Abkhazia,Tamil Eelam,6,0,CONIFA World Football Cup,Aveley,England,TRUE
05/06/18,United Koreans in Japan,Tuvalu,5,0,CONIFA World Football Cup,Bracknell,England,TRUE
05/06/18,Barawa,Northern Cyprus,0,8,CONIFA World Football Cup,Sutton,England,FALSE
05/06/18,Padania,Panjab,2,0,CONIFA World Football Cup,Bracknell,England,TRUE
05/06/18,K√°rp√°talja,Cascadia,3,1,CONIFA World Football Cup,Sutton,England,TRUE
05/06/18,Western Armenia,Sz√©kely Land,0,4,CONIFA World Football Cup,Bromley,England,TRUE
06/06/18,Norway,Panama,1,0,Friendly,Oslo,Norway,FALSE
06/06/18,Czech Republic,Nigeria,1,0,Friendly,Schwechat,Austria,TRUE
06/06/18,Belgium,Egypt,3,0,Friendly,Brussels,Belgium,FALSE
06/06/18,Belarus,Hungary,1,1,Friendly,Brest,Belarus,FALSE
06/06/18,Zambia,Madagascar,1,0,COSAFA Cup,Polokwane,South Africa,TRUE
06/06/18,Lesotho,Zimbabwe,0,0,COSAFA Cup,Polokwane,South Africa,TRUE
07/06/18,England,Costa Rica,2,0,Friendly,Leeds,England,FALSE
07/06/18,Uruguay,Uzbekistan,3,0,Friendly,Montevideo,Uruguay,FALSE
07/06/18,Portugal,Algeria,3,0,Friendly,Lisbon,Portugal,FALSE
07/06/18,South Korea,Bolivia,0,0,Friendly,Innsbruck,Austria,TRUE
07/06/18,Iceland,Ghana,2,2,Friendly,Reykjav√≠k,Iceland,FALSE
07/06/18,Guadeloupe,French Guiana,0,2,Friendly,Fort-de-France,Martinique,TRUE
07/06/18,India,New Zealand,1,2,Intercontinental Cup,Mumbai,India,FALSE
07/06/18,Tamil Eelam,Tuvalu,4,3,CONIFA World Football Cup,Sutton,England,TRUE
07/06/18,Tibet,Kabylia,1,8,CONIFA World Football Cup,Enfield,England,TRUE
07/06/18,Abkhazia,United Koreans in Japan,2,0,CONIFA World Football Cup,Bromley,England,TRUE
07/06/18,Barawa,Panjab,0,5,CONIFA World Football Cup,Sutton,England,FALSE
07/06/18,Cascadia,Western Armenia,4,0,CONIFA World Football Cup,Bromley,England,TRUE
07/06/18,Northern Cyprus,Padania,3,2,CONIFA World Football Cup,Carshalton,England,TRUE
07/06/18,K√°rp√°talja,Sz√©kely Land,4,2,CONIFA World Football Cup,Carshalton,England,TRUE
08/06/18,Germany,Saudi Arabia,2,1,Friendly,Leverkusen,Germany,FALSE
08/06/18,Croatia,Senegal,2,1,Friendly,Osijek,Croatia,FALSE
08/06/18,Switzerland,Japan,2,0,Friendly,Lugano,Switzerland,FALSE
08/06/18,Lithuania,Iran,0,1,Friendly,Moscow,Russia,TRUE
08/06/18,Poland,Chile,2,2,Friendly,Pozna≈Ñ,Poland,FALSE
08/06/18,Taiwan,Kenya,0,4,Intercontinental Cup,Mumbai,India,TRUE
08/06/18,South Africa,Botswana,3,0,COSAFA Cup,Polokwane,South Africa,FALSE
08/06/18,Madagascar,Lesotho,0,1,COSAFA Cup,Polokwane,South Africa,TRUE
09/06/18,Zambia,Zimbabwe,2,4,COSAFA Cup,Polokwane,South Africa,TRUE
09/06/18,Serbia,Bolivia,5,1,Friendly,Graz,Austria,TRUE
09/06/18,Denmark,Mexico,2,0,Friendly,Br√∏ndby,Denmark,FALSE
09/06/18,Sweden,Peru,0,0,Friendly,Gothenburg,Sweden,FALSE
09/06/18,Hungary,Australia,1,2,Friendly,Budapest,Hungary,FALSE
09/06/18,Estonia,Morocco,1,3,Friendly,Tallinn,Estonia,FALSE
09/06/18,Latvia,Azerbaijan,1,3,Friendly,Riga,Latvia,FALSE
09/06/18,Finland,Belarus,2,0,Friendly,Tampere,Finland,FALSE
09/06/18,Tunisia,Spain,0,1,Friendly,Krasnodar,Russia,TRUE
09/06/18,France,United States,1,1,Friendly,Lyon,France,FALSE
09/06/18,Matabeleland,Tamil Eelam,1,0,CONIFA World Football Cup,Aveley,England,TRUE
09/06/18,Tibet,United Koreans in Japan,1,1,CONIFA World Football Cup,Rotherhithe,England,TRUE
09/06/18,Kabylia,Abkhazia,0,2,CONIFA World Football Cup,Aveley,England,TRUE
09/06/18,Barawa,Western Armenia,0,7,CONIFA World Football Cup,Haringey,England,FALSE
09/06/18,Panjab,Cascadia,3,3,CONIFA World Football Cup,Rotherhithe,England,TRUE
09/06/18,Padania,Sz√©kely Land,0,0,CONIFA World Football Cup,Enfield,England,TRUE
09/06/18,Northern Cyprus,K√°rp√°talja,0,0,CONIFA World Football Cup,Enfield,England,TRUE
10/06/18,Austria,Brazil,0,3,Friendly,Vienna,Austria,FALSE
10/06/18,India,Kenya,2,0,Intercontinental Cup,Mumbai,India,FALSE
11/06/18,South Korea,Senegal,0,2,Friendly,Gr√∂dig,Austria,TRUE
11/06/18,Belgium,Costa Rica,4,1,Friendly,Brussels,Belgium,FALSE
12/06/18,Japan,Paraguay,4,2,Friendly,Innsbruck,Austria,TRUE
12/06/18,Poland,Lithuania,4,0,Friendly,Warsaw,Poland,FALSE
14/06/18,Russia,Saudi Arabia,5,0,FIFA World Cup,Moscow,Russia,FALSE
15/06/18,Egypt,Uruguay,0,1,FIFA World Cup,Ekaterinburg,Russia,TRUE
15/06/18,Morocco,Iran,0,1,FIFA World Cup,Saint Petersburg,Russia,TRUE
15/06/18,Portugal,Spain,3,3,FIFA World Cup,Sochi,Russia,TRUE
16/06/18,France,Australia,2,1,FIFA World Cup,Kazan,Russia,TRUE
16/06/18,Argentina,Iceland,1,1,FIFA World Cup,Moscow,Russia,TRUE
16/06/18,Peru,Denmark,0,1,FIFA World Cup,Saransk,Russia,TRUE
16/06/18,Croatia,Nigeria,2,0,FIFA World Cup,Kaliningrad,Russia,TRUE
17/06/18,Costa Rica,Serbia,0,1,FIFA World Cup,Samara,Russia,TRUE
17/06/18,Germany,Mexico,0,1,FIFA World Cup,Moscow,Russia,TRUE
17/06/18,Brazil,Switzerland,1,1,FIFA World Cup,Rostov-on-Don,Russia,TRUE
18/06/18,Sweden,South Korea,1,0,FIFA World Cup,Nizhny Novgorod,Russia,TRUE
18/06/18,Belgium,Panama,3,0,FIFA World Cup,Sochi,Russia,TRUE
18/06/18,Tunisia,England,1,2,FIFA World Cup,Volgograd,Russia,TRUE
19/06/18,Colombia,Japan,1,2,FIFA World Cup,Saransk,Russia,TRUE
19/06/18,Poland,Senegal,1,2,FIFA World Cup,Moscow,Russia,TRUE
19/06/18,Russia,Egypt,3,1,FIFA World Cup,Saint Petersburg,Russia,FALSE
20/06/18,Portugal,Morocco,1,0,FIFA World Cup,Moscow,Russia,TRUE
20/06/18,Uruguay,Saudi Arabia,1,0,FIFA World Cup,Rostov-on-Don,Russia,TRUE
20/06/18,Iran,Spain,0,1,FIFA World Cup,Kazan,Russia,TRUE
21/06/18,Denmark,Australia,1,1,FIFA World Cup,Samara,Russia,TRUE
21/06/18,France,Peru,1,0,FIFA World Cup,Ekaterinburg,Russia,TRUE
21/06/18,Argentina,Croatia,0,3,FIFA World Cup,Nizhny Novgorod,Russia,TRUE
22/06/18,Brazil,Costa Rica,2,0,FIFA World Cup,Saint Petersburg,Russia,TRUE
22/06/18,Nigeria,Iceland,2,0,FIFA World Cup,Volgograd,Russia,TRUE
22/06/18,Serbia,Switzerland,1,2,FIFA World Cup,Kaliningrad,Russia,TRUE
23/06/18,Belgium,Tunisia,5,2,FIFA World Cup,Moscow,Russia,TRUE
23/06/18,South Korea,Mexico,1,2,FIFA World Cup,Rostov-on-Don,Russia,TRUE
23/06/18,Germany,Sweden,2,1,FIFA World Cup,Sochi,Russia,TRUE
24/06/18,England,Panama,6,1,FIFA World Cup,Nizhny Novgorod,Russia,TRUE
24/06/18,Japan,Senegal,2,2,FIFA World Cup,Ekaterinburg,Russia,TRUE
24/06/18,Poland,Colombia,0,3,FIFA World Cup,Kazan,Russia,TRUE
25/06/18,Russia,Uruguay,0,3,FIFA World Cup,Samara,Russia,FALSE
25/06/18,Saudi Arabia,Egypt,2,1,FIFA World Cup,Volgograd,Russia,TRUE
25/06/18,Spain,Morocco,2,2,FIFA World Cup,Kaliningrad,Russia,TRUE
25/06/18,Iran,Portugal,1,1,FIFA World Cup,Saransk,Russia,TRUE
26/06/18,Australia,Peru,0,2,FIFA World Cup,Sochi,Russia,TRUE
26/06/18,Denmark,France,0,0,FIFA World Cup,Moscow,Russia,TRUE
26/06/18,Nigeria,Argentina,1,2,FIFA World Cup,Saint Petersburg,Russia,TRUE
26/06/18,Iceland,Croatia,1,2,FIFA World Cup,Rostov-on-Don,Russia,TRUE
27/06/18,South Korea,Germany,2,0,FIFA World Cup,Kazan,Russia,TRUE
27/06/18,Mexico,Sweden,0,3,FIFA World Cup,Ekaterinburg,Russia,TRUE
27/06/18,Serbia,Brazil,0,2,FIFA World Cup,Moscow,Russia,TRUE
27/06/18,Switzerland,Costa Rica,2,2,FIFA World Cup,Nizhny Novgorod,Russia,TRUE
28/06/18,Japan,Poland,0,1,FIFA World Cup,Volgograd,Russia,TRUE
28/06/18,Senegal,Colombia,0,1,FIFA World Cup,Samara,Russia,TRUE
28/06/18,Panama,Tunisia,1,2,FIFA World Cup,Saransk,Russia,TRUE
28/06/18,England,Belgium,0,1,FIFA World Cup,Kaliningrad,Russia,TRUE
30/06/18,France,Argentina,4,3,FIFA World Cup,Kazan,Russia,TRUE
30/06/18,Uruguay,Portugal,2,1,FIFA World Cup,Sochi,Russia,TRUE
01/07/18,Russia,Spain,1,1,FIFA World Cup,Moscow,Russia,FALSE
01/07/18,Croatia,Denmark,1,1,FIFA World Cup,Nizhny Novgorod,Russia,TRUE
02/07/18,Brazil,Mexico,2,0,FIFA World Cup,Samara,Russia,TRUE
02/07/18,Belgium,Japan,3,2,FIFA World Cup,Rostov-on-Don,Russia,TRUE
03/07/18,Sweden,Switzerland,1,0,FIFA World Cup,Saint Petersburg,Russia,TRUE
03/07/18,Colombia,England,1,1,FIFA World Cup,Moscow,Russia,TRUE
05/07/18,Malaysia,Fiji,1,0,Friendly,Kuala Lumpur,Malaysia,FALSE
06/07/18,Uruguay,France,0,2,FIFA World Cup,Nizhny Novgorod,Russia,TRUE
06/07/18,Brazil,Belgium,1,2,FIFA World Cup,Kazan,Russia,TRUE
07/07/18,Sweden,England,0,2,FIFA World Cup,Samara,Russia,TRUE
07/07/18,Russia,Croatia,2,2,FIFA World Cup,Sochi,Russia,FALSE
10/07/18,France,Belgium,1,0,FIFA World Cup,Saint Petersburg,Russia,TRUE
11/07/18,Croatia,England,2,1,FIFA World Cup,Moscow,Russia,TRUE
14/07/18,Belgium,England,2,0,FIFA World Cup,Saint Petersburg,Russia,TRUE
15/07/18,France,Croatia,4,2,FIFA World Cup,Moscow,Russia,TRUE
22/07/18,Liberia,Sierra Leone,0,0,Friendly,Monrovia,Liberia,FALSE
27/07/18,Saint Barth√©lemy,Anguilla,1,2,Friendly,Saint-Jean,Saint Barth√©lemy,FALSE
28/07/18,Saint Barth√©lemy,British Virgin Islands,3,4,Friendly,Saint-Jean,Saint Barth√©lemy,FALSE
04/08/18,Belize,Barbados,1,0,Friendly,San Pedro,Belize,FALSE
04/08/18,Palestine,Iraq,0,3,Friendly,Al-Ram,Palestine,FALSE
15/08/18,Guatemala,Cuba,3,0,Friendly,Guatemala City,Guatemala,FALSE
18/08/18,Andorra,United Arab Emirates,0,0,Friendly,Gr√∂dig,Austria,TRUE
18/08/18,Grenada,Jamaica,1,5,Friendly,St. George's,Grenada,FALSE
18/08/18,Guatemala,Cuba,1,0,Friendly,Quetzaltenango,Guatemala,FALSE
20/08/18,Barbados,Jamaica,2,2,Friendly,Bridgetown,Barbados,FALSE
22/08/18,Sint Maarten,Anguilla,1,1,Friendly,Philipsburg,Sint Maarten,FALSE
25/08/18,Anguilla,Saint Martin,1,2,Friendly,The Valley,Anguilla,FALSE
26/08/18,Barbados,Cuba,0,0,Friendly,Bridgetown,Barbados,FALSE
29/08/18,Bangladesh,Sri Lanka,0,1,Friendly,Nilphamari Sadar,Bangladesh,FALSE
29/08/18,Barbados,Cuba,0,2,Friendly,Bridgetown,Barbados,FALSE
29/08/18,Macau,Solomon Islands,1,4,Friendly,Taipa,Macau,FALSE
01/09/18,Timor-Leste,Brunei,3,1,AFF Championship qualification,Kuala Lumpur,Malaysia,TRUE
02/09/18,Ethiopia,Burundi,1,1,Friendly,Hawassa,Ethiopia,FALSE
02/09/18,Guam,Northern Mariana Islands,4,0,EAFF Championship,Ulaanbaatar,Mongolia,TRUE
02/09/18,Mongolia,Macau,4,1,EAFF Championship,Ulaanbaatar,Mongolia,FALSE
04/09/18,Macau,Guam,2,0,EAFF Championship,Ulaanbaatar,Mongolia,TRUE
04/09/18,Mongolia,Northern Mariana Islands,9,0,EAFF Championship,Ulaanbaatar,Mongolia,FALSE
04/09/18,Nepal,Pakistan,1,2,SAFF Cup,Dhaka,Bangladesh,TRUE
04/09/18,Bangladesh,Bhutan,2,0,SAFF Cup,Dhaka,Bangladesh,FALSE
05/09/18,Fiji,Solomon Islands,1,1,Friendly,Suva,Fiji,FALSE
05/09/18,Slovakia,Denmark,3,0,Friendly,Trnava,Slovakia,FALSE
05/09/18,India,Sri Lanka,2,0,SAFF Cup,Dhaka,Bangladesh,TRUE
06/09/18,Germany,France,0,0,UEFA Nations League,Munich,Germany,FALSE
06/09/18,Czech Republic,Ukraine,1,2,UEFA Nations League,Uhersk√© Hradi≈°tƒõ,Czech Republic,FALSE
06/09/18,Wales,Republic of Ireland,4,1,UEFA Nations League,Cardiff,Wales,FALSE
06/09/18,Norway,Cyprus,2,0,UEFA Nations League,Oslo,Norway,FALSE
06/09/18,Slovenia,Bulgaria,1,2,UEFA Nations League,Ljubljana,Slovenia,FALSE
06/09/18,Kazakhstan,Georgia,0,2,UEFA Nations League,Astana,Kazakhstan,FALSE
06/09/18,Latvia,Andorra,0,0,UEFA Nations League,Riga,Latvia,FALSE
06/09/18,Armenia,Liechtenstein,2,1,UEFA Nations League,Yerevan,Armenia,FALSE
06/09/18,Gibraltar,North Macedonia,0,2,UEFA Nations League,Gibraltar,Gibraltar,FALSE
06/09/18,Austria,Sweden,2,0,Friendly,Vienna,Austria,FALSE
06/09/18,Bahrain,Philippines,1,1,Friendly,East Riffa,Bahrain,FALSE
06/09/18,Jordan,Lebanon,0,1,Friendly,Amman,Jordan,FALSE
06/09/18,Kyrgyzstan,Palestine,1,1,Friendly,Bishkek,Kyrgyzstan,FALSE
06/09/18,Netherlands,Peru,2,1,Friendly,Amsterdam,Netherlands,FALSE
06/09/18,Portugal,Croatia,1,1,Friendly,Faro-Loul√©,Portugal,FALSE
06/09/18,Trinidad and Tobago,United Arab Emirates,2,0,Friendly,Llagostera,Trinidad and Tobago,FALSE
06/09/18,Uzbekistan,Syria,1,1,Friendly,Tashkent,Uzbekistan,FALSE
06/09/18,Northern Mariana Islands,Macau,1,1,EAFF Championship,Ulaanbaatar,Mongolia,TRUE
06/09/18,Mongolia,Guam,1,1,EAFF Championship,Ulaanbaatar,Mongolia,FALSE
06/09/18,Nepal,Bhutan,4,0,SAFF Cup,Dhaka,Bangladesh,TRUE
06/09/18,Bangladesh,Pakistan,1,0,SAFF Cup,Dhaka,Bangladesh,FALSE
06/09/18,Dominica,Suriname,0,0,CONCACAF Nations League qualification,Les Abymes,Guadeloupe,TRUE
06/09/18,Guyana,Barbados,3,0,CONCACAF Nations League qualification,Leonora,Guyana,FALSE
07/09/18,Italy,Poland,1,1,UEFA Nations League,Bologna,Italy,FALSE
07/09/18,Turkey,Russia,1,2,UEFA Nations League,Trabzon,Turkey,FALSE
07/09/18,Albania,Israel,1,0,UEFA Nations League,Elbasan,Albania,FALSE
07/09/18,Lithuania,Serbia,0,1,UEFA Nations League,Vilnius,Lithuania,FALSE
07/09/18,Romania,Montenegro,0,0,UEFA Nations League,Ploie»ôti,Romania,FALSE
07/09/18,Faroe Islands,Malta,3,1,UEFA Nations League,T√≥rshavn,Faroe Islands,FALSE
07/09/18,Azerbaijan,Kosovo,0,0,UEFA Nations League,Baku,Azerbaijan,FALSE
07/09/18,Argentina,Guatemala,3,0,Friendly,Los Angeles,United States,TRUE
07/09/18,Taiwan,Malaysia,2,0,Friendly,Taipei,Taiwan,FALSE
07/09/18,Ecuador,Jamaica,2,0,Friendly,Harrison,United States,TRUE
07/09/18,South Korea,Costa Rica,2,0,Friendly,Goyang,South Korea,FALSE
07/09/18,Mexico,Uruguay,1,4,Friendly,Houston,United States,TRUE
07/09/18,Qatar,China PR,1,0,Friendly,Doha,Qatar,FALSE
07/09/18,Scotland,Belgium,0,4,Friendly,Glasgow,Scotland,FALSE
07/09/18,Singapore,Mauritius,1,1,Friendly,Bishan,Singapore,FALSE
07/09/18,United States,Brazil,0,2,Friendly,East Rutherford,United States,FALSE
07/09/18,Venezuela,Colombia,1,2,Friendly,Miami Gardens,United States,TRUE
07/09/18,Maldives,Sri Lanka,0,0,SAFF Cup,Dhaka,Bangladesh,TRUE
07/09/18,Anguilla,French Guiana,0,5,CONCACAF Nations League qualification,The Valley,Anguilla,FALSE
07/09/18,Antigua and Barbuda,Saint Lucia,0,3,CONCACAF Nations League qualification,North Sound,Antigua and Barbuda,FALSE
07/09/18,Belize,Bahamas,4,0,CONCACAF Nations League qualification,Belmopan,Belize,FALSE
08/09/18,Switzerland,Iceland,6,0,UEFA Nations League,St. Gallen,Switzerland,FALSE
08/09/18,England,Spain,1,2,UEFA Nations League,London,England,FALSE
08/09/18,Northern Ireland,Bosnia and Herzegovina,1,2,UEFA Nations League,Belfast,Northern Ireland,FALSE
08/09/18,Finland,Hungary,1,0,UEFA Nations League,Tampere,Finland,FALSE
08/09/18,Estonia,Greece,0,1,UEFA Nations League,Tallinn,Estonia,FALSE
08/09/18,Belarus,San Marino,5,0,UEFA Nations League,Minsk,Belarus,FALSE
08/09/18,Luxembourg,Moldova,4,0,UEFA Nations League,Luxembourg,Luxembourg,FALSE
08/09/18,Brunei,Timor-Leste,1,0,AFF Championship qualification,Bandar Seri Begawan,Brunei,FALSE
08/09/18,Equatorial Guinea,Sudan,1,0,African Cup of Nations qualification,Bata,Equatorial Guinea,FALSE
08/09/18,Comoros,Cameroon,1,1,African Cup of Nations qualification,Mitsamiouli,Comoros,FALSE
08/09/18,Gabon,Burundi,1,1,African Cup of Nations qualification,Libreville,Gabon,FALSE
08/09/18,Gambia,Algeria,1,1,African Cup of Nations qualification,Bakau,Gambia,FALSE
08/09/18,South Africa,Libya,0,0,African Cup of Nations qualification,Durban,South Africa,FALSE
08/09/18,Mauritania,Burkina Faso,2,0,African Cup of Nations qualification,Nouakchott,Mauritania,FALSE
08/09/18,Egypt,Niger,6,0,African Cup of Nations qualification,Alexandria,Egypt,FALSE
08/09/18,Namibia,Zambia,1,1,African Cup of Nations qualification,Windhoek,Namibia,FALSE
08/09/18,Uganda,Tanzania,0,0,African Cup of Nations qualification,Kira,Uganda,FALSE
08/09/18,Pakistan,Bhutan,3,0,SAFF Cup,Dhaka,Bangladesh,TRUE
08/09/18,Bangladesh,Nepal,0,2,SAFF Cup,Dhaka,Bangladesh,FALSE
08/09/18,Saint Vincent and the Grenadines,Nicaragua,0,2,CONCACAF Nations League qualification,Kingstown,Saint Vincent and the Grenadines,FALSE
08/09/18,Cuba,Turks and Caicos Islands,11,0,CONCACAF Nations League qualification,Havana,Cuba,FALSE
08/09/18,Montserrat,El Salvador,1,2,CONCACAF Nations League qualification,Lookout,Montserrat,FALSE
08/09/18,Morocco,Malawi,3,0,African Cup of Nations qualification,Casablanca,Morocco,FALSE
08/09/18,Seychelles,Nigeria,0,3,African Cup of Nations qualification,Victoria,Seychelles,FALSE
08/09/18,Kenya,Ghana,1,0,African Cup of Nations qualification,Nairobi,Kenya,FALSE
08/09/18,Mozambique,Guinea-Bissau,2,2,African Cup of Nations qualification,Maputo,Mozambique,FALSE
09/09/18,France,Netherlands,2,1,UEFA Nations League,Paris,France,FALSE
09/09/18,Ukraine,Slovakia,1,0,UEFA Nations League,Lviv,Ukraine,FALSE
09/09/18,Denmark,Wales,2,0,UEFA Nations League,Aarhus,Denmark,FALSE
09/09/18,Bulgaria,Norway,1,0,UEFA Nations League,Sofia,Bulgaria,FALSE
09/09/18,Cyprus,Slovenia,2,1,UEFA Nations League,Nicosia,Cyprus,FALSE
09/09/18,Georgia,Latvia,1,0,UEFA Nations League,Tbilisi,Georgia,FALSE
09/09/18,North Macedonia,Armenia,2,0,UEFA Nations League,Skopje,North Macedonia,FALSE
09/09/18,Liechtenstein,Gibraltar,2,0,UEFA Nations League,Vaduz,Liechtenstein,FALSE
09/09/18,Germany,Peru,2,1,Friendly,Sinsheim,Germany,FALSE
09/09/18,Lebanon,Oman,0,0,Friendly,Amman,Jordan,TRUE
09/09/18,Congo,Zimbabwe,1,1,African Cup of Nations qualification,Brazzaville,Congo,FALSE
09/09/18,Rwanda,Ivory Coast,1,2,African Cup of Nations qualification,Kigali,Rwanda,FALSE
09/09/18,India,Maldives,2,0,SAFF Cup,Dhaka,Bangladesh,TRUE
09/09/18,Bonaire,Dominican Republic,0,5,CONCACAF Nations League qualification,Willemstad,Cura√ßao,TRUE
09/09/18,United States Virgin Islands,Canada,0,8,CONCACAF Nations League qualification,Bradenton,United States,TRUE
09/09/18,Aruba,Bermuda,3,1,CONCACAF Nations League qualification,Willemstad,Cura√ßao,TRUE
09/09/18,Jamaica,Cayman Islands,4,0,CONCACAF Nations League qualification,Kingston,Jamaica,FALSE
09/09/18,Saint Kitts and Nevis,Puerto Rico,1,0,CONCACAF Nations League qualification,Basseterre,Saint Kitts and Nevis,FALSE
09/09/18,Madagascar,Senegal,2,2,African Cup of Nations qualification,Antananarivo,Madagascar,FALSE
09/09/18,South Sudan,Mali,0,3,African Cup of Nations qualification,Juba,South Sudan,FALSE
09/09/18,Togo,Benin,0,0,African Cup of Nations qualification,Lom√©,Togo,FALSE
09/09/18,Guinea,Central African Republic,1,0,African Cup of Nations qualification,Conakry,Guinea,FALSE
09/09/18,Angola,Botswana,1,0,African Cup of Nations qualification,Luanda,Angola,FALSE
09/09/18,Eswatini,Tunisia,0,2,African Cup of Nations qualification,Manzini,Eswatini,FALSE
09/09/18,Lesotho,Cape Verde,1,1,African Cup of Nations qualification,Maseru,Lesotho,FALSE
09/09/18,Liberia,DR Congo,1,1,African Cup of Nations qualification,Monrovia,Liberia,FALSE
10/09/18,Portugal,Italy,1,0,UEFA Nations League,Lisbon,Portugal,FALSE
10/09/18,Sweden,Turkey,2,3,UEFA Nations League,Stockholm,Sweden,FALSE
10/09/18,Scotland,Albania,2,0,UEFA Nations League,Glasgow,Scotland,FALSE
10/09/18,Montenegro,Lithuania,2,0,UEFA Nations League,Podgorica,Montenegro,FALSE
10/09/18,Serbia,Romania,2,2,UEFA Nations League,Belgrade,Serbia,FALSE
10/09/18,Andorra,Kazakhstan,1,1,UEFA Nations League,Andorra la Vella,Andorra,FALSE
10/09/18,Kosovo,Faroe Islands,2,0,UEFA Nations League,Pristina,Kosovo,FALSE
10/09/18,Malta,Azerbaijan,1,1,UEFA Nations League,Attard,Malta,FALSE
10/09/18,Bahrain,China PR,0,0,Friendly,East Riffa,Bahrain,FALSE
10/09/18,Cambodia,Malaysia,1,3,Friendly,Phnom Penh,Cambodia,FALSE
10/09/18,Kuwait,Iraq,2,2,Friendly,Al Farwaniyah,Kuwait,FALSE
10/09/18,Kyrgyzstan,Syria,2,1,Friendly,Bishkek,Kyrgyzstan,FALSE
10/09/18,Russia,Czech Republic,5,1,Friendly,Rostov-on-Don,Russia,FALSE
10/09/18,Saudi Arabia,Bolivia,2,2,Friendly,Riyadh,Saudi Arabia,FALSE
10/09/18,Haiti,Sint Maarten,13,0,CONCACAF Nations League qualification,Port-au-Prince,Haiti,FALSE
10/09/18,Cura√ßao,Grenada,10,0,CONCACAF Nations League qualification,Willemstad,Cura√ßao,FALSE
11/09/18,Iceland,Belgium,0,3,UEFA Nations League,Reykjav√≠k,Iceland,FALSE
11/09/18,Spain,Croatia,6,0,UEFA Nations League,Elche,Spain,FALSE
11/09/18,Bosnia and Herzegovina,Austria,1,0,UEFA Nations League,Zenica,Bosnia and Herzegovina,FALSE
11/09/18,Hungary,Greece,2,1,UEFA Nations League,Budapest,Hungary,FALSE
11/09/18,Finland,Estonia,1,0,UEFA Nations League,Turku,Finland,FALSE
11/09/18,San Marino,Luxembourg,0,3,UEFA Nations League,Serravalle,San Marino,FALSE
11/09/18,Moldova,Belarus,0,0,UEFA Nations League,Chi»ôinƒÉu,Moldova,FALSE
11/09/18,Colombia,Argentina,0,0,Friendly,East Rutherford,United States,TRUE
11/09/18,Ecuador,Guatemala,2,0,Friendly,Bridgeview,United States,TRUE
11/09/18,England,Switzerland,1,0,Friendly,London,England,FALSE
11/09/18,Gabon,Zambia,0,1,Friendly,Libreville,Gabon,FALSE
11/09/18,Indonesia,Mauritius,1,0,Friendly,Cikarang,Indonesia,FALSE
11/09/18,Japan,Costa Rica,3,0,Kirin Challenge Cup,Suita,Japan,FALSE
11/09/18,Jordan,Oman,0,0,Friendly,Amman,Jordan,FALSE
11/09/18,Kenya,Malawi,1,0,Friendly,Nairobi,Kenya,FALSE
11/09/18,South Korea,Chile,0,0,Friendly,Suwon,South Korea,FALSE
11/09/18,Laos,United Arab Emirates,0,3,Friendly,Llagostera,Laos,FALSE
11/09/18,Liberia,Nigeria,1,2,Friendly,Monrovia,Liberia,FALSE
11/09/18,Northern Ireland,Israel,3,0,Friendly,Belfast,Northern Ireland,FALSE
11/09/18,Panama,Venezuela,0,2,Friendly,Panama City,Panama,FALSE
11/09/18,Poland,Republic of Ireland,1,1,Friendly,Wroc≈Çaw,Poland,FALSE
11/09/18,Qatar,Palestine,3,0,Friendly,Doha,Qatar,FALSE
11/09/18,Singapore,Fiji,2,0,Friendly,Bishan,Singapore,FALSE
11/09/18,United States,Mexico,1,0,Friendly,Nashville,United States,FALSE
11/09/18,Uzbekistan,Iran,0,1,Friendly,Tashkent,Uzbekistan,FALSE
11/09/18,Saint Martin,Guadeloupe,0,3,CONCACAF Nations League qualification,The Valley,Anguilla,TRUE
12/09/18,Brazil,El Salvador,5,0,Friendly,Landover,United States,TRUE
12/09/18,India,Pakistan,3,1,SAFF Cup,Dhaka,Bangladesh,TRUE
12/09/18,Nepal,Maldives,0,3,SAFF Cup,Dhaka,Bangladesh,TRUE
15/09/18,Maldives,India,2,1,SAFF Cup,Dhaka,Bangladesh,TRUE
30/09/18,Botswana,Namibia,1,0,Friendly,Gaborone,Botswana,FALSE
30/09/18,Saint Vincent and the Grenadines,Barbados,1,1,Friendly,Georgetown,Saint Vincent and the Grenadines,FALSE
10/10/18,Albania,Jordan,0,0,Friendly,Elbasan,Albania,FALSE
10/10/18,Indonesia,Myanmar,3,0,Friendly,Cikarang,Indonesia,FALSE
10/10/18,Italy,Ukraine,1,1,Friendly,Genoa,Italy,FALSE
10/10/18,Ethiopia,Kenya,0,0,African Cup of Nations qualification,Bahir Dar,Ethiopia,FALSE
10/10/18,Zambia,Guinea-Bissau,2,1,African Cup of Nations qualification,Lusaka,Zambia,FALSE
11/10/18,Poland,Portugal,2,3,UEFA Nations League,Chorz√≥w,Poland,FALSE
11/10/18,Russia,Sweden,0,0,UEFA Nations League,Kaliningrad,Russia,FALSE
11/10/18,Israel,Scotland,2,1,UEFA Nations League,Haifa,Israel,FALSE
11/10/18,Montenegro,Serbia,0,2,UEFA Nations League,Podgorica,Montenegro,FALSE
11/10/18,Lithuania,Romania,1,2,UEFA Nations League,Vilnius,Lithuania,FALSE
11/10/18,Faroe Islands,Azerbaijan,0,3,UEFA Nations League,T√≥rshavn,Faroe Islands,FALSE
11/10/18,Kosovo,Malta,3,1,UEFA Nations League,Pristina,Kosovo,FALSE
11/10/18,Argentina,Iraq,4,0,Friendly,Riyadh,Saudi Arabia,TRUE
11/10/18,Bahrain,Syria,0,1,Friendly,East Riffa,Bahrain,FALSE
11/10/18,France,Iceland,2,2,Friendly,Guingamp,France,FALSE
11/10/18,Honduras,United Arab Emirates,1,1,Friendly,Barcelona,Spain,TRUE
11/10/18,Hong Kong,Thailand,0,1,Friendly,Hong Kong,Hong Kong,FALSE
11/10/18,Kuwait,Lebanon,1,0,Friendly,Kuwait City,Kuwait,FALSE
11/10/18,Mexico,Costa Rica,3,2,Friendly,San Nicol√°s de los Garza,Mexico,FALSE
11/10/18,Turkey,Bosnia and Herzegovina,0,0,Friendly,Rize,Turkey,FALSE
11/10/18,United States,Colombia,2,4,Friendly,Tampa,United States,FALSE
11/10/18,Wales,Spain,1,4,Friendly,Cardiff,Wales,FALSE
11/10/18,Congo,Liberia,3,1,African Cup of Nations qualification,Brazzaville,Congo,FALSE
11/10/18,French Guiana,Saint Vincent and the Grenadines,0,1,CONCACAF Nations League qualification,Cayenne,French Guiana,FALSE
12/10/18,Belgium,Switzerland,2,1,UEFA Nations League,Brussels,Belgium,FALSE
12/10/18,Croatia,England,0,0,UEFA Nations League,Rijeka,Croatia,FALSE
12/10/18,Austria,Northern Ireland,1,0,UEFA Nations League,Vienna,Austria,FALSE
12/10/18,Estonia,Finland,0,1,UEFA Nations League,Tallinn,Estonia,FALSE
12/10/18,Greece,Hungary,1,0,UEFA Nations League,Athens,Greece,FALSE
12/10/18,Belarus,Luxembourg,1,0,UEFA Nations League,Minsk,Belarus,FALSE
12/10/18,Moldova,San Marino,2,0,UEFA Nations League,Chi»ôinƒÉu,Moldova,FALSE
12/10/18,Cambodia,Timor-Leste,2,2,Friendly,Phnom Penh,Cambodia,FALSE
12/10/18,Japan,Panama,3,0,Kirin Challenge Cup,Niigata,Japan,FALSE
12/10/18,South Korea,Uruguay,2,1,Friendly,Seoul,South Korea,FALSE
12/10/18,Peru,Chile,3,0,Friendly,Miami Gardens,United States,TRUE
12/10/18,Qatar,Ecuador,4,3,Friendly,Doha,Qatar,FALSE
12/10/18,Saudi Arabia,Brazil,0,2,Friendly,Riyadh,Saudi Arabia,FALSE
12/10/18,Singapore,Mongolia,2,0,Friendly,Bishan,Singapore,FALSE
12/10/18,Sri Lanka,Malaysia,1,4,Friendly,Colombo,Sri Lanka,FALSE
12/10/18,Cameroon,Malawi,1,0,African Cup of Nations qualification,Yaound√©,Cameroon,FALSE
12/10/18,Gabon,South Sudan,3,0,African Cup of Nations qualification,Libreville,Gabon,FALSE
12/10/18,Togo,Gambia,1,1,African Cup of Nations qualification,Lom√©,Togo,FALSE
12/10/18,Ivory Coast,Central African Republic,4,0,African Cup of Nations qualification,Bouak√©,Ivory Coast,FALSE
12/10/18,Angola,Mauritania,4,1,African Cup of Nations qualification,Luanda,Angola,FALSE
12/10/18,Egypt,Eswatini,4,1,African Cup of Nations qualification,Cairo,Egypt,FALSE
12/10/18,Cape Verde,Tanzania,3,0,African Cup of Nations qualification,Praia,Cape Verde,FALSE
12/10/18,Basque Country,Venezuela,4,2,Friendly,Vitoria-Gasteiz,Spain,FALSE
12/10/18,United States Virgin Islands,Cura√ßao,0,5,CONCACAF Nations League qualification,Bradenton,United States,TRUE
12/10/18,Bahamas,Antigua and Barbuda,0,6,CONCACAF Nations League qualification,Nassau,Bahamas,FALSE
12/10/18,Dominican Republic,Cayman Islands,3,0,CONCACAF Nations League qualification,Santiago de los Caballeros,Dominican Republic,FALSE
12/10/18,Bermuda,Sint Maarten,12,0,CONCACAF Nations League qualification,Hamilton,Bermuda,FALSE
12/10/18,Grenada,Cuba,0,2,CONCACAF Nations League qualification,St. George's,Grenada,FALSE
12/10/18,Mali,Burundi,0,0,African Cup of Nations qualification,Bamako,Mali,FALSE
12/10/18,Algeria,Benin,2,0,African Cup of Nations qualification,Blida,Algeria,FALSE
12/10/18,Guinea,Rwanda,2,0,African Cup of Nations qualification,Conakry,Guinea,FALSE
13/10/18,Netherlands,Germany,3,0,UEFA Nations League,Amsterdam,Netherlands,FALSE
13/10/18,Slovakia,Czech Republic,1,2,UEFA Nations League,Trnava,Slovakia,FALSE
13/10/18,Republic of Ireland,Denmark,0,0,UEFA Nations League,Dublin,Republic of Ireland,FALSE
13/10/18,Norway,Slovenia,1,0,UEFA Nations League,Oslo,Norway,FALSE
13/10/18,Bulgaria,Cyprus,2,1,UEFA Nations League,Sofia,Bulgaria,FALSE
13/10/18,Latvia,Kazakhstan,1,1,UEFA Nations League,Riga,Latvia,FALSE
13/10/18,Georgia,Andorra,3,0,UEFA Nations League,Tbilisi,Georgia,FALSE
13/10/18,Armenia,Gibraltar,0,1,UEFA Nations League,Yerevan,Armenia,FALSE
13/10/18,North Macedonia,Liechtenstein,4,1,UEFA Nations League,Skopje,North Macedonia,FALSE
13/10/18,China PR,India,0,0,Friendly,Suzhou,China PR,FALSE
13/10/18,Myanmar,Bolivia,0,3,Friendly,Yangon,Myanmar,FALSE
13/10/18,Oman,Philippines,1,1,Friendly,Al Rayyan,Qatar,TRUE
13/10/18,Uzbekistan,North Korea,2,0,Friendly,Tashkent,Uzbekistan,FALSE
13/10/18,Equatorial Guinea,Madagascar,0,1,African Cup of Nations qualification,Bata,Equatorial Guinea,FALSE
13/10/18,Nigeria,Libya,4,0,African Cup of Nations qualification,Uyo,Nigeria,FALSE
13/10/18,Puerto Rico,Martinique,0,1,CONCACAF Nations League qualification,Bayam√≥n,Puerto Rico,FALSE
13/10/18,Turks and Caicos Islands,Guyana,0,8,CONCACAF Nations League qualification,Providenciales,Turks and Caicos Islands,FALSE
13/10/18,Suriname,British Virgin Islands,5,0,CONCACAF Nations League qualification,Paramaribo,Suriname,FALSE
13/10/18,El Salvador,Barbados,3,0,CONCACAF Nations League qualification,San Salvador,El Salvador,FALSE
13/10/18,Senegal,Sudan,3,0,African Cup of Nations qualification,Dakar,Senegal,FALSE
13/10/18,Morocco,Comoros,1,0,African Cup of Nations qualification,Casablanca,Morocco,FALSE
13/10/18,South Africa,Seychelles,6,0,African Cup of Nations qualification,Johannesburg,South Africa,FALSE
13/10/18,DR Congo,Zimbabwe,1,2,African Cup of Nations qualification,Kinshasa,DR Congo,FALSE
13/10/18,Burkina Faso,Botswana,3,0,African Cup of Nations qualification,Ouagadougou,Burkina Faso,FALSE
13/10/18,Tunisia,Niger,1,0,African Cup of Nations qualification,Rad√®s,Tunisia,FALSE
13/10/18,Mozambique,Namibia,1,2,African Cup of Nations qualification,Maputo,Mozambique,FALSE
13/10/18,Uganda,Lesotho,3,0,African Cup of Nations qualification,Kira,Uganda,FALSE
14/10/18,Poland,Italy,0,1,UEFA Nations League,Chorz√≥w,Poland,FALSE
14/10/18,Russia,Turkey,2,0,UEFA Nations League,Sochi,Russia,FALSE
14/10/18,Israel,Albania,2,0,UEFA Nations League,Beer Sheva,Israel,FALSE
14/10/18,Romania,Serbia,0,0,UEFA Nations League,Bucharest,Romania,FALSE
14/10/18,Lithuania,Montenegro,1,4,UEFA Nations League,Vilnius,Lithuania,FALSE
14/10/18,Faroe Islands,Kosovo,1,1,UEFA Nations League,T√≥rshavn,Faroe Islands,FALSE
14/10/18,Azerbaijan,Malta,1,1,UEFA Nations League,Baku,Azerbaijan,FALSE
14/10/18,Scotland,Portugal,1,3,Friendly,Glasgow,Scotland,FALSE
14/10/18,Thailand,Trinidad and Tobago,1,0,Friendly,Suphan Buri,Thailand,FALSE
14/10/18,Guinea-Bissau,Zambia,2,1,African Cup of Nations qualification,Bissau,Guinea-Bissau,FALSE
14/10/18,Saint Martin,Saint Kitts and Nevis,0,10,CONCACAF Nations League qualification,The Valley,Anguilla,TRUE
14/10/18,Bonaire,Jamaica,0,6,CONCACAF Nations League qualification,Willemstad,Cura√ßao,TRUE
14/10/18,Montserrat,Belize,1,0,CONCACAF Nations League qualification,Lookout,Montserrat,FALSE
14/10/18,Nicaragua,Anguilla,6,0,CONCACAF Nations League qualification,Heredia,Costa Rica,TRUE
14/10/18,Kenya,Ethiopia,3,0,African Cup of Nations qualification,Nairobi,Kenya,FALSE
15/10/18,Iceland,Switzerland,1,2,UEFA Nations League,Reykjav√≠k,Iceland,FALSE
15/10/18,Spain,England,2,3,UEFA Nations League,Seville,Spain,FALSE
15/10/18,Bosnia and Herzegovina,Northern Ireland,2,0,UEFA Nations League,Sarajevo,Bosnia and Herzegovina,FALSE
15/10/18,Estonia,Hungary,3,3,UEFA Nations League,Tallinn,Estonia,FALSE
15/10/18,Finland,Greece,2,0,UEFA Nations League,Tampere,Finland,FALSE
15/10/18,Luxembourg,San Marino,3,0,UEFA Nations League,Luxembourg,Luxembourg,FALSE
15/10/18,Belarus,Moldova,0,0,UEFA Nations League,Minsk,Belarus,FALSE
15/10/18,Croatia,Jordan,2,1,Friendly,Rijeka,Croatia,FALSE
15/10/18,Kuwait,Australia,0,4,Friendly,Kuwait City,Kuwait,FALSE
15/10/18,Saudi Arabia,Iraq,1,1,Friendly,Riyadh,Saudi Arabia,FALSE
16/10/18,France,Germany,2,1,UEFA Nations League,Paris,France,FALSE
16/10/18,Ukraine,Czech Republic,1,0,UEFA Nations League,Kharkiv,Ukraine,FALSE
16/10/18,Republic of Ireland,Wales,0,1,UEFA Nations League,Dublin,Republic of Ireland,FALSE
16/10/18,Norway,Bulgaria,1,0,UEFA Nations League,Oslo,Norway,FALSE
16/10/18,Slovenia,Cyprus,1,1,UEFA Nations League,Ljubljana,Slovenia,FALSE
16/10/18,Kazakhstan,Andorra,4,0,UEFA Nations League,Astana,Kazakhstan,FALSE
16/10/18,Latvia,Georgia,0,3,UEFA Nations League,Riga,Latvia,FALSE
16/10/18,Armenia,North Macedonia,4,0,UEFA Nations League,Yerevan,Armenia,FALSE
16/10/18,Gibraltar,Liechtenstein,2,1,UEFA Nations League,Gibraltar,Gibraltar,FALSE
16/10/18,Bahrain,Myanmar,4,1,Friendly,East Riffa,Bahrain,FALSE
16/10/18,Belgium,Netherlands,1,1,Friendly,Brussels,Belgium,FALSE
16/10/18,Cambodia,Singapore,1,2,Friendly,Phnom Penh,Cambodia,FALSE
16/10/18,China PR,Syria,2,0,Friendly,Nanjing,China PR,FALSE
16/10/18,Colombia,Costa Rica,3,1,Friendly,Harrison,United States,TRUE
16/10/18,Denmark,Austria,2,0,Friendly,Herning,Denmark,FALSE
16/10/18,Indonesia,Hong Kong,1,1,Friendly,Cikarang,Indonesia,FALSE
16/10/18,Iran,Bolivia,2,1,Friendly,Tehran,Iran,FALSE
16/10/18,Japan,Uruguay,4,3,Kirin Challenge Cup,Saitama,Japan,FALSE
16/10/18,South Korea,Panama,2,2,Friendly,Cheonan,South Korea,FALSE
16/10/18,Laos,Mongolia,1,4,Friendly,Vientiane,Laos,FALSE
16/10/18,Malaysia,Kyrgyzstan,0,1,Friendly,Malacca City,Malaysia,FALSE
16/10/18,Mexico,Chile,0,1,Friendly,Quer√©taro,Mexico,FALSE
16/10/18,Oman,Ecuador,0,0,Friendly,Doha,Qatar,TRUE
16/10/18,Sweden,Slovakia,1,1,Friendly,Stockholm,Sweden,FALSE
16/10/18,United Arab Emirates,Venezuela,0,2,Friendly,Barcelona,Spain,TRUE
16/10/18,United States,Peru,1,1,Friendly,East Hartford,United States,FALSE
16/10/18,Uzbekistan,Qatar,2,0,Friendly,Tashkent,Uzbekistan,FALSE
16/10/18,Madagascar,Equatorial Guinea,1,0,African Cup of Nations qualification,Antananarivo,Madagascar,FALSE
16/10/18,Malawi,Cameroon,0,0,African Cup of Nations qualification,Blantyre,Malawi,FALSE
16/10/18,Burundi,Mali,1,1,African Cup of Nations qualification,Bujumbura,Burundi,FALSE
16/10/18,Benin,Algeria,1,0,African Cup of Nations qualification,Cotonou,Benin,FALSE
16/10/18,Seychelles,South Africa,0,0,African Cup of Nations qualification,Victoria,Seychelles,FALSE
16/10/18,Liberia,Congo,2,1,African Cup of Nations qualification,Monrovia,Liberia,FALSE
16/10/18,Central African Republic,Ivory Coast,0,0,African Cup of Nations qualification,Bangui,Central African Republic,FALSE
16/10/18,Mauritania,Angola,1,0,African Cup of Nations qualification,Nouakchott,Mauritania,FALSE
16/10/18,Eswatini,Egypt,0,2,African Cup of Nations qualification,Manzini,Eswatini,FALSE
16/10/18,Tanzania,Cape Verde,2,0,African Cup of Nations qualification,Dar es Salaam,Tanzania,FALSE
16/10/18,Argentina,Brazil,0,1,Supercl√°sico de las Am√©ricas,Jeddah,Saudi Arabia,TRUE
16/10/18,Martinique,British Virgin Islands,4,0,CONCACAF Nations League qualification,Fort-de-France,Martinique,FALSE
16/10/18,Canada,Dominica,5,0,CONCACAF Nations League qualification,Toronto,Canada,FALSE
16/10/18,Guadeloupe,Aruba,0,0,CONCACAF Nations League qualification,Les Abymes,Guadeloupe,FALSE
16/10/18,Saint Lucia,Haiti,1,2,CONCACAF Nations League qualification,Fort-de-France,Martinique,TRUE
16/10/18,Sudan,Senegal,0,1,African Cup of Nations qualification,Khartoum,Sudan,FALSE
16/10/18,Comoros,Morocco,2,2,African Cup of Nations qualification,Mitsamiouli,Comoros,FALSE
16/10/18,South Sudan,Gabon,0,1,African Cup of Nations qualification,Juba,South Sudan,FALSE
16/10/18,Gambia,Togo,0,1,African Cup of Nations qualification,Bakau,Gambia,FALSE
16/10/18,Libya,Nigeria,2,3,African Cup of Nations qualification,Sfax,Tunisia,TRUE
16/10/18,Rwanda,Guinea,1,1,African Cup of Nations qualification,Kigali,Rwanda,FALSE
16/10/18,Zimbabwe,DR Congo,1,1,African Cup of Nations qualification,Harare,Zimbabwe,FALSE
16/10/18,Botswana,Burkina Faso,0,0,African Cup of Nations qualification,Francistown,Botswana,FALSE
16/10/18,Niger,Tunisia,1,2,African Cup of Nations qualification,Niamey,Niger,FALSE
16/10/18,Namibia,Mozambique,1,0,African Cup of Nations qualification,Windhoek,Namibia,FALSE
16/10/18,Lesotho,Uganda,0,2,African Cup of Nations qualification,Maseru,Lesotho,FALSE
21/10/18,Parishes of Jersey,Yorkshire,2,1,Friendly,St. Peter,Jersey,FALSE
03/11/18,Malaysia,Maldives,3,0,Friendly,Kuala Lumpur,Malaysia,FALSE
08/11/18,Cambodia,Malaysia,0,1,AFF Championship,Phnom Penh,Cambodia,FALSE
08/11/18,Laos,Vietnam,0,3,AFF Championship,Vientiane,Laos,FALSE
09/11/18,Singapore,Indonesia,1,0,AFF Championship,Kallang,Singapore,FALSE
09/11/18,Thailand,Timor-Leste,7,0,AFF Championship,Bangkok,Thailand,FALSE
11/11/18,North Korea,Mongolia,4,1,EAFF Championship,Taipei,Taiwan,TRUE
11/11/18,Taiwan,Hong Kong,1,2,EAFF Championship,Taipei,Taiwan,FALSE
12/11/18,Myanmar,Cambodia,4,1,AFF Championship,Mandalay,Myanmar,FALSE
12/11/18,Malaysia,Laos,3,1,AFF Championship,Kuala Lumpur,Malaysia,FALSE
13/11/18,Indonesia,Timor-Leste,3,1,AFF Championship,Jakarta,Indonesia,FALSE
13/11/18,Philippines,Singapore,1,0,AFF Championship,Bacolod,Philippines,FALSE
13/11/18,Taiwan,Mongolia,2,1,EAFF Championship,Taipei,Taiwan,FALSE
13/11/18,Hong Kong,North Korea,0,0,EAFF Championship,Taipei,Taiwan,TRUE
14/11/18,Switzerland,Qatar,0,1,Friendly,Lugano,Switzerland,FALSE
14/11/18,Vanuatu,New Caledonia,0,1,Friendly,Port Vila,Vanuatu,FALSE
15/11/18,Belgium,Iceland,2,0,UEFA Nations League,Brussels,Belgium,FALSE
15/11/18,Croatia,Spain,3,2,UEFA Nations League,Zagreb,Croatia,FALSE
15/11/18,Austria,Bosnia and Herzegovina,0,0,UEFA Nations League,Vienna,Austria,FALSE
15/11/18,Hungary,Estonia,2,0,UEFA Nations League,Budapest,Hungary,FALSE
15/11/18,Greece,Finland,1,0,UEFA Nations League,Athens,Greece,FALSE
15/11/18,Andorra,Georgia,1,1,UEFA Nations League,Andorra la Vella,Andorra,FALSE
15/11/18,Kazakhstan,Latvia,1,1,UEFA Nations League,Astana,Kazakhstan,FALSE
15/11/18,Luxembourg,Belarus,0,2,UEFA Nations League,Luxembourg,Luxembourg,FALSE
15/11/18,San Marino,Moldova,0,1,UEFA Nations League,Serravalle,San Marino,FALSE
15/11/18,England,United States,3,0,Friendly,London,England,FALSE
15/11/18,Germany,Russia,3,0,Friendly,Leipzig,Germany,FALSE
15/11/18,Iran,Trinidad and Tobago,1,0,Friendly,Tehran,Iran,FALSE
15/11/18,Israel,Guatemala,7,0,Friendly,Netanya,Israel,FALSE
15/11/18,Peru,Ecuador,0,2,Friendly,Lima,Peru,FALSE
15/11/18,Poland,Czech Republic,0,1,Friendly,Gda≈Ñsk,Poland,FALSE
15/11/18,Republic of Ireland,Northern Ireland,0,0,Friendly,Dublin,Republic of Ireland,FALSE
15/11/18,Uzbekistan,Lebanon,0,0,Friendly,Robina,Australia,TRUE
16/11/18,Netherlands,France,2,0,UEFA Nations League,Rotterdam,Netherlands,FALSE
16/11/18,Slovakia,Ukraine,4,1,UEFA Nations League,Trnava,Slovakia,FALSE
16/11/18,Wales,Denmark,1,2,UEFA Nations League,Cardiff,Wales,FALSE
16/11/18,Slovenia,Norway,1,1,UEFA Nations League,Ljubljana,Slovenia,FALSE
16/11/18,Cyprus,Bulgaria,1,1,UEFA Nations League,Nicosia,Cyprus,FALSE
16/11/18,Gibraltar,Armenia,2,6,UEFA Nations League,Gibraltar,Gibraltar,FALSE
16/11/18,Liechtenstein,North Macedonia,0,2,UEFA Nations League,Vaduz,Liechtenstein,FALSE
16/11/18,Argentina,Mexico,2,0,Friendly,C√≥rdoba,Argentina,FALSE
16/11/18,Brazil,Uruguay,1,0,Friendly,London,England,TRUE
16/11/18,Chile,Costa Rica,2,3,Friendly,Rancagua,Chile,FALSE
16/11/18,Honduras,Panama,1,0,Friendly,Tegucigalpa,Honduras,FALSE
16/11/18,Japan,Venezuela,1,1,Kirin Challenge Cup,≈åita,Japan,FALSE
16/11/18,Oman,Syria,1,1,Friendly,Muscat,Oman,FALSE
16/11/18,Palestine,Pakistan,2,1,Friendly,Al-Ram,Palestine,FALSE
16/11/18,Saudi Arabia,Yemen,1,0,Friendly,Dammam,Saudi Arabia,FALSE
16/11/18,United Arab Emirates,Bolivia,0,0,Friendly,Dubai,United Arab Emirates,FALSE
16/11/18,Laos,Myanmar,1,3,AFF Championship,Vientiane,Laos,FALSE
16/11/18,Vietnam,Malaysia,2,0,AFF Championship,Hanoi,Vietnam,FALSE
16/11/18,Morocco,Cameroon,2,0,African Cup of Nations qualification,Casablanca,Morocco,FALSE
16/11/18,South Sudan,Burundi,2,5,African Cup of Nations qualification,Juba,South Sudan,FALSE
16/11/18,Egypt,Tunisia,3,2,African Cup of Nations qualification,Alexandria,Egypt,FALSE
16/11/18,Taiwan,North Korea,0,2,EAFF Championship,Taipei,Taiwan,FALSE
16/11/18,Mongolia,Hong Kong,1,5,EAFF Championship,Taipei,Taiwan,TRUE
16/11/18,Grenada,Saint Martin,5,2,CONCACAF Nations League qualification,St. George's,Grenada,FALSE
16/11/18,Bermuda,El Salvador,1,0,CONCACAF Nations League qualification,Hamilton,Bermuda,FALSE
16/11/18,Aruba,Montserrat,0,2,CONCACAF Nations League qualification,Willemstad,Cura√ßao,TRUE
16/11/18,Belize,Puerto Rico,1,0,CONCACAF Nations League qualification,Belmopan,Belize,FALSE
17/11/18,Italy,Portugal,0,0,UEFA Nations League,Milan,Italy,FALSE
17/11/18,Turkey,Sweden,0,1,UEFA Nations League,Konya,Turkey,FALSE
17/11/18,Albania,Scotland,0,4,UEFA Nations League,Shkod√´r,Albania,FALSE
17/11/18,Serbia,Montenegro,2,1,UEFA Nations League,Belgrade,Serbia,FALSE
17/11/18,Romania,Lithuania,3,0,UEFA Nations League,Ploie»ôti,Romania,FALSE
17/11/18,Malta,Kosovo,0,5,UEFA Nations League,Attard,Malta,FALSE
17/11/18,Azerbaijan,Faroe Islands,2,0,UEFA Nations League,Baku,Azerbaijan,FALSE
17/11/18,Australia,South Korea,1,1,Friendly,Brisbane,Australia,FALSE
17/11/18,Jordan,India,2,1,Friendly,Amman,Jordan,FALSE
17/11/18,Vanuatu,New Caledonia,2,2,Friendly,Port Vila,Vanuatu,FALSE
17/11/18,Thailand,Indonesia,4,2,AFF Championship,Bangkok,Thailand,FALSE
17/11/18,Timor-Leste,Philippines,2,3,AFF Championship,Kuala Lumpur,Malaysia,TRUE
17/11/18,Equatorial Guinea,Senegal,0,1,African Cup of Nations qualification,Bata,Equatorial Guinea,FALSE
17/11/18,Gambia,Benin,3,1,African Cup of Nations qualification,Bakau,Gambia,FALSE
17/11/18,Seychelles,Libya,1,8,African Cup of Nations qualification,Victoria,Seychelles,FALSE
17/11/18,Namibia,Guinea-Bissau,0,0,African Cup of Nations qualification,Windhoek,Namibia,FALSE
17/11/18,Uganda,Cape Verde,1,0,African Cup of Nations qualification,Kira,Uganda,FALSE
17/11/18,Cuba,Dominican Republic,1,0,CONCACAF Nations League qualification,Havana,Cuba,FALSE
17/11/18,Jamaica,Suriname,2,1,CONCACAF Nations League qualification,Kingston,Jamaica,FALSE
17/11/18,Cayman Islands,Saint Lucia,0,0,CONCACAF Nations League qualification,George Town,Cayman Islands,FALSE
17/11/18,Nicaragua,Haiti,0,2,CONCACAF Nations League qualification,Managua,Nicaragua,FALSE
17/11/18,Comoros,Malawi,2,1,African Cup of Nations qualification,Moroni,Comoros,FALSE
17/11/18,Gabon,Mali,0,1,African Cup of Nations qualification,Libreville,Gabon,FALSE
17/11/18,South Africa,Nigeria,1,1,African Cup of Nations qualification,Johannesburg,South Africa,FALSE
18/11/18,Switzerland,Belgium,5,2,UEFA Nations League,Lucerne,Switzerland,FALSE
18/11/18,England,Croatia,2,1,UEFA Nations League,London,England,FALSE
18/11/18,Northern Ireland,Austria,1,2,UEFA Nations League,Belfast,Northern Ireland,FALSE
18/11/18,Greece,Estonia,0,1,UEFA Nations League,Athens,Greece,FALSE
18/11/18,Hungary,Finland,2,0,UEFA Nations League,Budapest,Hungary,FALSE
18/11/18,San Marino,Belarus,0,2,UEFA Nations League,Serravalle,San Marino,FALSE
18/11/18,Moldova,Luxembourg,1,1,UEFA Nations League,Chi»ôinƒÉu,Moldova,FALSE
18/11/18,Spain,Bosnia and Herzegovina,1,0,Friendly,Las Palmas,Spain,FALSE
18/11/18,Ethiopia,Ghana,0,2,African Cup of Nations qualification,Addis Ababa,Ethiopia,FALSE
18/11/18,Congo,DR Congo,1,1,African Cup of Nations qualification,Brazzaville,Congo,FALSE
18/11/18,Guinea,Ivory Coast,1,1,African Cup of Nations qualification,Conakry,Guinea,FALSE
18/11/18,Angola,Burkina Faso,2,1,African Cup of Nations qualification,Luanda,Angola,FALSE
18/11/18,Yorkshire,Panjab,5,4,Friendly,Ossett,England,FALSE
18/11/18,Turks and Caicos Islands,Saint Vincent and the Grenadines,3,2,CONCACAF Nations League qualification,Providenciales,Turks and Caicos Islands,FALSE
18/11/18,Bahamas,Anguilla,1,1,CONCACAF Nations League qualification,Nassau,Bahamas,FALSE
18/11/18,Barbados,United States Virgin Islands,3,0,CONCACAF Nations League qualification,Bridgetown,Barbados,FALSE
18/11/18,Saint Kitts and Nevis,Canada,0,1,CONCACAF Nations League qualification,Basseterre,Saint Kitts and Nevis,FALSE
18/11/18,Madagascar,Sudan,1,3,African Cup of Nations qualification,Antananarivo,Madagascar,FALSE
18/11/18,Togo,Algeria,1,4,African Cup of Nations qualification,Lom√©,Togo,FALSE
18/11/18,Liberia,Zimbabwe,1,0,African Cup of Nations qualification,Monrovia,Liberia,FALSE
18/11/18,Rwanda,Central African Republic,2,2,African Cup of Nations qualification,Butare,Rwanda,FALSE
18/11/18,Mauritania,Botswana,2,1,African Cup of Nations qualification,Nouakchott,Mauritania,FALSE
18/11/18,Eswatini,Niger,1,2,African Cup of Nations qualification,Manzini,Eswatini,FALSE
18/11/18,Mozambique,Zambia,1,0,African Cup of Nations qualification,Maputo,Mozambique,FALSE
18/11/18,Lesotho,Tanzania,1,0,African Cup of Nations qualification,Maseru,Lesotho,FALSE
19/11/18,Germany,Netherlands,2,2,UEFA Nations League,Gelsenkirchen,Germany,FALSE
19/11/18,Czech Republic,Slovakia,1,0,UEFA Nations League,Prague,Czech Republic,FALSE
19/11/18,Denmark,Republic of Ireland,0,0,UEFA Nations League,Aarhus,Denmark,FALSE
19/11/18,Bulgaria,Slovenia,1,1,UEFA Nations League,Sofia,Bulgaria,FALSE
19/11/18,Cyprus,Norway,0,2,UEFA Nations League,Nicosia,Cyprus,FALSE
19/11/18,Andorra,Latvia,0,0,UEFA Nations League,Andorra la Vella,Andorra,FALSE
19/11/18,Georgia,Kazakhstan,2,1,UEFA Nations League,Tbilisi,Georgia,FALSE
19/11/18,North Macedonia,Gibraltar,4,0,UEFA Nations League,Skopje,North Macedonia,FALSE
19/11/18,Liechtenstein,Armenia,2,2,UEFA Nations League,Vaduz,Liechtenstein,FALSE
19/11/18,Iceland,Qatar,2,2,Friendly,Eupen,Belgium,TRUE
19/11/18,Oman,Bahrain,2,1,Friendly,Muscat,Oman,FALSE
19/11/18,Cura√ßao,Guadeloupe,6,0,CONCACAF Nations League qualification,Willemstad,Cura√ßao,FALSE
19/11/18,Martinique,Antigua and Barbuda,4,2,CONCACAF Nations League qualification,Fort-de-France,Martinique,FALSE
20/11/18,Portugal,Poland,1,1,UEFA Nations League,Guimar√£es,Portugal,FALSE
20/11/18,Sweden,Russia,2,0,UEFA Nations League,Stockholm,Sweden,FALSE
20/11/18,Scotland,Israel,3,2,UEFA Nations League,Glasgow,Scotland,FALSE
20/11/18,Montenegro,Romania,0,1,UEFA Nations League,Podgorica,Montenegro,FALSE
20/11/18,Serbia,Lithuania,4,1,UEFA Nations League,Belgrade,Serbia,FALSE
20/11/18,Kosovo,Azerbaijan,4,0,UEFA Nations League,Pristina,Kosovo,FALSE
20/11/18,Malta,Faroe Islands,1,1,UEFA Nations League,Attard,Malta,FALSE
20/11/18,Albania,Wales,1,0,Friendly,Elbasan,Albania,FALSE
20/11/18,Argentina,Mexico,2,0,Friendly,Mendoza,Argentina,FALSE
20/11/18,Australia,Lebanon,3,0,Friendly,Sydney,Australia,FALSE
20/11/18,Brazil,Cameroon,1,0,Friendly,London,England,TRUE
20/11/18,Chile,Honduras,4,1,Friendly,Temuco,Chile,FALSE
20/11/18,China PR,Palestine,1,1,Friendly,Wuhan,China PR,FALSE
20/11/18,El Salvador,Haiti,1,0,Friendly,San Salvador,El Salvador,FALSE
20/11/18,France,Uruguay,1,0,Friendly,Paris,France,FALSE
20/11/18,Iran,Venezuela,1,1,Friendly,Doha,Qatar,TRUE
20/11/18,Iraq,Bolivia,0,0,Friendly,Al-Ain,Iraq,FALSE
20/11/18,Italy,United States,1,0,Friendly,Genk,Belgium,TRUE
20/11/18,Japan,Kyrgyzstan,4,0,Kirin Challenge Cup,Toyota,Japan,FALSE
20/11/18,Jordan,Saudi Arabia,1,1,Friendly,Amman,Jordan,FALSE
20/11/18,South Korea,Uzbekistan,4,0,Friendly,Brisbane,Australia,TRUE
20/11/18,Kuwait,Syria,1,2,Friendly,Al Farwaniyah,Kuwait,FALSE
20/11/18,Nigeria,Uganda,0,0,Friendly,Asaba,Nigeria,FALSE
20/11/18,Panama,Ecuador,1,2,Friendly,Panama City,Panama,FALSE
20/11/18,Peru,Costa Rica,2,3,Friendly,Arequipa,Peru,FALSE
20/11/18,South Africa,Paraguay,1,1,Friendly,Durban,South Africa,FALSE
20/11/18,Tunisia,Morocco,0,1,Friendly,Rad√®s,Tunisia,FALSE
20/11/18,Turkey,Ukraine,0,0,Friendly,Antalya,Turkey,FALSE
20/11/18,United Arab Emirates,Yemen,2,0,Friendly,Dubai,United Arab Emirates,FALSE
20/11/18,Myanmar,Vietnam,0,0,AFF Championship,Yangon,Myanmar,FALSE
20/11/18,Cambodia,Laos,3,1,AFF Championship,Phnom Penh,Cambodia,FALSE
20/11/18,Sint Maarten,Dominica,0,2,CONCACAF Nations League qualification,The Valley,Anguilla,TRUE
20/11/18,French Guiana,Guyana,2,1,CONCACAF Nations League qualification,Cayenne,French Guiana,FALSE
21/11/18,Philippines,Thailand,1,1,AFF Championship,Bacolod,Philippines,FALSE
21/11/18,Singapore,Timor-Leste,6,1,AFF Championship,Kallang,Singapore,FALSE
24/11/18,Vietnam,Cambodia,3,0,AFF Championship,Hanoi,Vietnam,FALSE
24/11/18,Malaysia,Myanmar,3,0,AFF Championship,Kuala Lumpur,Malaysia,FALSE
25/11/18,Indonesia,Philippines,0,0,AFF Championship,Jakarta,Indonesia,FALSE
25/11/18,Thailand,Singapore,3,0,AFF Championship,Bangkok,Thailand,FALSE
01/12/18,Malaysia,Thailand,0,0,AFF Championship,Kuala Lumpur,Malaysia,FALSE
02/12/18,Philippines,Vietnam,1,2,AFF Championship,Bacolod,Philippines,FALSE
05/12/18,Thailand,Malaysia,2,2,AFF Championship,Bangkok,Thailand,FALSE
06/12/18,Vietnam,Philippines,2,1,AFF Championship,Hanoi,Vietnam,FALSE
11/12/18,Malaysia,Vietnam,2,2,AFF Championship,Kuala Lumpur,Malaysia,FALSE
13/12/18,Oman,Tajikistan,2,1,Friendly,Muscat,Oman,FALSE
15/12/18,Vietnam,Malaysia,1,0,AFF Championship,Hanoi,Vietnam,FALSE
16/12/18,Oman,Tajikistan,1,0,Friendly,Muscat,Oman,FALSE
16/12/18,Palestine,Pakistan,2,0,Friendly,Doha,Qatar,TRUE
20/12/18,Bahrain,Tajikistan,5,0,Friendly,Isa Town,Bahrain,FALSE
20/12/18,Jordan,Kyrgyzstan,0,1,Friendly,Doha,Qatar,TRUE
23/12/18,Qatar,Jordan,2,0,Friendly,Doha,Qatar,FALSE
24/12/18,Iraq,China PR,2,1,Friendly,Doha,Qatar,TRUE
24/12/18,Palestine,Iran,1,1,Friendly,Doha,Qatar,TRUE
25/12/18,Afghanistan,Turkmenistan,0,2,Friendly,Antalya,Turkey,TRUE
25/12/18,Qatar,Kyrgyzstan,1,0,Friendly,Doha,Qatar,FALSE
25/12/18,Vietnam,North Korea,1,1,Friendly,Hanoi,Vietnam,FALSE
27/12/18,Bahrain,Lebanon,1,0,Friendly,East Riffa,Bahrain,FALSE
27/12/18,India,Oman,0,0,Friendly,Abu Dhabi,United Arab Emirates,TRUE
27/12/18,Qatar,Algeria,0,1,Friendly,Doha,Qatar,FALSE
28/12/18,China PR,Jordan,1,1,Friendly,Doha,Qatar,TRUE
28/12/18,Iraq,Palestine,1,0,Friendly,Doha,Qatar,TRUE
28/12/18,United Arab Emirates,Kuwait,0,2,Friendly,Dubai,United Arab Emirates,FALSE
29/12/18,Bahrain,North Korea,4,0,Friendly,Isa Town,Bahrain,FALSE
30/12/18,Australia,Oman,5,0,Friendly,Dubai,United Arab Emirates,TRUE
30/12/18,Yemen,Syria,0,1,Friendly,Abu Dhabi,United Arab Emirates,TRUE
31/12/18,South Korea,Saudi Arabia,0,0,Friendly,Abu Dhabi,United Arab Emirates,TRUE
31/12/18,Kyrgyzstan,Palestine,2,1,Friendly,Doha,Qatar,TRUE
31/12/18,Philippines,Vietnam,2,4,Friendly,Doha,Qatar,TRUE
31/12/18,Qatar,Iran,1,2,Friendly,Doha,Qatar,FALSE
02/01/19,Oman,Thailand,2,0,Friendly,Abu Dhabi,United Arab Emirates,TRUE
05/01/19,United Arab Emirates,Bahrain,1,1,AFC Asian Cup,Abu Dhabi,United Arab Emirates,FALSE
06/01/19,Thailand,India,1,4,AFC Asian Cup,Abu Dhabi,United Arab Emirates,TRUE
06/01/19,Australia,Jordan,0,1,AFC Asian Cup,Al Ain,United Arab Emirates,TRUE
06/01/19,Syria,Palestine,0,0,AFC Asian Cup,Sharjah,United Arab Emirates,TRUE
07/01/19,China PR,Kyrgyzstan,2,1,AFC Asian Cup,Al Ain,United Arab Emirates,TRUE
07/01/19,South Korea,Philippines,1,0,AFC Asian Cup,Dubai,United Arab Emirates,TRUE
07/01/19,Iran,Yemen,5,0,AFC Asian Cup,Abu Dhabi,United Arab Emirates,TRUE
08/01/19,Finland,Sweden,1,0,Friendly,Doha,Qatar,TRUE
08/01/19,Iraq,Vietnam,3,2,AFC Asian Cup,Abu Dhabi,United Arab Emirates,TRUE
08/01/19,Saudi Arabia,North Korea,4,0,AFC Asian Cup,Dubai,United Arab Emirates,TRUE
09/01/19,Qatar,Lebanon,2,0,AFC Asian Cup,Al Ain,United Arab Emirates,TRUE
09/01/19,Japan,Turkmenistan,3,2,AFC Asian Cup,Abu Dhabi,United Arab Emirates,TRUE
09/01/19,Uzbekistan,Oman,2,1,AFC Asian Cup,Sharjah,United Arab Emirates,TRUE
10/01/19,Bahrain,Thailand,0,1,AFC Asian Cup,Dubai,United Arab Emirates,TRUE
10/01/19,Jordan,Syria,2,0,AFC Asian Cup,Al Ain,United Arab Emirates,TRUE
10/01/19,United Arab Emirates,India,2,0,AFC Asian Cup,Abu Dhabi,United Arab Emirates,FALSE
11/01/19,Estonia,Finland,2,1,Friendly,Doha,Qatar,TRUE
11/01/19,Iceland,Sweden,2,2,Friendly,Doha,Qatar,TRUE
11/01/19,Palestine,Australia,0,3,AFC Asian Cup,Dubai,United Arab Emirates,TRUE
11/01/19,Philippines,China PR,0,3,AFC Asian Cup,Abu Dhabi,United Arab Emirates,TRUE
11/01/19,Kyrgyzstan,South Korea,0,1,AFC Asian Cup,Al Ain,United Arab Emirates,TRUE
12/01/19,Vietnam,Iran,0,2,AFC Asian Cup,Abu Dhabi,United Arab Emirates,TRUE
12/01/19,Yemen,Iraq,0,3,AFC Asian Cup,Sharjah,United Arab Emirates,TRUE
12/01/19,Lebanon,Saudi Arabia,0,2,AFC Asian Cup,Dubai,United Arab Emirates,TRUE
13/01/19,North Korea,Qatar,0,6,AFC Asian Cup,Al Ain,United Arab Emirates,TRUE
13/01/19,Oman,Japan,0,1,AFC Asian Cup,Abu Dhabi,United Arab Emirates,TRUE
13/01/19,Turkmenistan,Uzbekistan,0,4,AFC Asian Cup,Dubai,United Arab Emirates,TRUE
14/01/19,India,Bahrain,0,1,AFC Asian Cup,Sharjah,United Arab Emirates,TRUE
14/01/19,United Arab Emirates,Thailand,1,1,AFC Asian Cup,Al Ain,United Arab Emirates,FALSE
15/01/19,Estonia,Iceland,0,0,Friendly,Doha,Qatar,TRUE
15/01/19,Australia,Syria,3,2,AFC Asian Cup,Al Ain,United Arab Emirates,TRUE
15/01/19,Palestine,Jordan,0,0,AFC Asian Cup,Abu Dhabi,United Arab Emirates,TRUE
16/01/19,South Korea,China PR,2,0,AFC Asian Cup,Abu Dhabi,United Arab Emirates,TRUE
16/01/19,Kyrgyzstan,Philippines,3,1,AFC Asian Cup,Dubai,United Arab Emirates,TRUE
16/01/19,Iran,Iraq,0,0,AFC Asian Cup,Dubai,United Arab Emirates,TRUE
16/01/19,Vietnam,Yemen,2,0,AFC Asian Cup,Al Ain,United Arab Emirates,TRUE
17/01/19,Lebanon,North Korea,4,1,AFC Asian Cup,Sharjah,United Arab Emirates,TRUE
17/01/19,Saudi Arabia,Qatar,0,2,AFC Asian Cup,Abu Dhabi,United Arab Emirates,TRUE
17/01/19,Japan,Uzbekistan,2,1,AFC Asian Cup,Al Ain,United Arab Emirates,TRUE
17/01/19,Oman,Turkmenistan,3,1,AFC Asian Cup,Abu Dhabi,United Arab Emirates,TRUE
20/01/19,Iran,Oman,2,0,AFC Asian Cup,Abu Dhabi,United Arab Emirates,TRUE
20/01/19,Jordan,Vietnam,1,1,AFC Asian Cup,Dubai,United Arab Emirates,TRUE
20/01/19,Thailand,China PR,1,2,AFC Asian Cup,Al Ain,United Arab Emirates,TRUE
21/01/19,Australia,Uzbekistan,0,0,AFC Asian Cup,Al Ain,United Arab Emirates,TRUE
21/01/19,Japan,Saudi Arabia,1,0,AFC Asian Cup,Sharjah,United Arab Emirates,TRUE
21/01/19,United Arab Emirates,Kyrgyzstan,3,2,AFC Asian Cup,Abu Dhabi,United Arab Emirates,FALSE
22/01/19,South Korea,Bahrain,2,1,AFC Asian Cup,Dubai,United Arab Emirates,TRUE
22/01/19,Qatar,Iraq,1,0,AFC Asian Cup,Abu Dhabi,United Arab Emirates,TRUE
24/01/19,China PR,Iran,0,3,AFC Asian Cup,Abu Dhabi,United Arab Emirates,TRUE
24/01/19,Vietnam,Japan,0,1,AFC Asian Cup,Dubai,United Arab Emirates,TRUE
25/01/19,South Korea,Qatar,0,1,AFC Asian Cup,Abu Dhabi,United Arab Emirates,TRUE
25/01/19,United Arab Emirates,Australia,1,0,AFC Asian Cup,Al Ain,United Arab Emirates,FALSE
27/01/19,United States,Panama,3,0,Friendly,Glendale,United States,FALSE
28/01/19,Iran,Japan,0,3,AFC Asian Cup,Al Ain,United Arab Emirates,TRUE
29/01/19,United Arab Emirates,Qatar,0,4,AFC Asian Cup,Abu Dhabi,United Arab Emirates,FALSE
01/02/19,Japan,Qatar,1,3,AFC Asian Cup,Abu Dhabi,United Arab Emirates,TRUE
02/02/19,United States,Costa Rica,2,0,Friendly,San Jose,United States,FALSE
21/02/19,Kazakhstan,Moldova,1,0,Friendly,Belek,Turkey,TRUE
23/02/19,Sint Maarten,Saint Barth√©lemy,1,1,Friendly,Philipsburg,Sint Maarten,FALSE
27/02/19,Cuba,Bermuda,5,0,Friendly,Havana,Cuba,FALSE
03/03/19,Bolivia,Nicaragua,2,2,Friendly,Villa Tunari,Bolivia,FALSE
04/03/19,Barbados,Grenada,3,0,Friendly,Kingstown,Saint Vincent and the Grenadines,TRUE
06/03/19,El Salvador,Guatemala,3,1,Friendly,Los Angeles,United States,TRUE
09/03/19,Cambodia,Bangladesh,0,1,Friendly,Phnom Penh,Cambodia,FALSE
16/03/19,Bahamas,Turks and Caicos Islands,6,1,Friendly,Nassau,Bahamas,FALSE
17/03/19,Saint Barth√©lemy,Saint Martin,4,3,Friendly,Saint-Jean,Saint Barth√©lemy,FALSE
18/03/19,Fiji,New Caledonia,3,0,Friendly,Suva,Fiji,FALSE
18/03/19,Solomon Islands,Vanuatu,3,1,Friendly,Honiara,Solomon Islands,FALSE
19/03/19,Myanmar,Taiwan,0,0,Friendly,Mandalay,Myanmar,FALSE
20/03/19,Germany,Serbia,1,1,Friendly,Wolfsburg,Germany,FALSE
20/03/19,Wales,Trinidad and Tobago,1,0,Friendly,Wrexham,Wales,FALSE
21/03/19,Kosovo,Denmark,2,2,Friendly,Pristina,Kosovo,FALSE
21/03/19,Kuwait,Nepal,0,0,Friendly,Al Ahmadi,Kuwait,FALSE
21/03/19,Mauritius,New Caledonia,3,1,Friendly,Lautoka,Fiji,TRUE
21/03/19,United Arab Emirates,Saudi Arabia,2,1,Friendly,Abu Dhabi,United Arab Emirates,FALSE
21/03/19,United States,Ecuador,1,0,Friendly,Orlando,United States,FALSE
21/03/19,Northern Ireland,Estonia,2,0,UEFA Euro qualification,Belfast,Northern Ireland,FALSE
21/03/19,Netherlands,Belarus,4,0,UEFA Euro qualification,Rotterdam,Netherlands,FALSE
21/03/19,Croatia,Azerbaijan,2,1,UEFA Euro qualification,Zagreb,Croatia,FALSE
21/03/19,Slovakia,Hungary,2,0,UEFA Euro qualification,Trnava,Slovakia,FALSE
21/03/19,Austria,Poland,0,1,UEFA Euro qualification,Vienna,Austria,FALSE
21/03/19,North Macedonia,Latvia,3,1,UEFA Euro qualification,Skopje,North Macedonia,FALSE
21/03/19,Israel,Slovenia,1,1,UEFA Euro qualification,Haifa,Israel,FALSE
21/03/19,Cyprus,San Marino,5,0,UEFA Euro qualification,Nicosia,Cyprus,FALSE
21/03/19,Belgium,Russia,3,1,UEFA Euro qualification,Brussels,Belgium,FALSE
21/03/19,Kazakhstan,Scotland,3,0,UEFA Euro qualification,Nur-Sultan,Kazakhstan,FALSE
21/03/19,British Virgin Islands,Turks and Caicos Islands,2,2,CONCACAF Nations League qualification,The Valley,Anguilla,TRUE
22/03/19,Argentina,Venezuela,1,3,Friendly,Madrid,Spain,TRUE
22/03/19,Guatemala,Costa Rica,1,0,Friendly,Guatemala City,Guatemala,FALSE
22/03/19,Japan,Colombia,0,1,Kirin Challenge Cup,Yokohama,Japan,FALSE
22/03/19,South Korea,Bolivia,1,0,Friendly,Ulsan,South Korea,FALSE
22/03/19,Mexico,Chile,3,1,Friendly,San Diego,United States,TRUE
22/03/19,Peru,Paraguay,1,0,Friendly,Harrison,United States,TRUE
22/03/19,Bulgaria,Montenegro,1,1,UEFA Euro qualification,Sofia,Bulgaria,FALSE
22/03/19,England,Czech Republic,5,0,UEFA Euro qualification,London,England,FALSE
22/03/19,Portugal,Ukraine,0,0,UEFA Euro qualification,Lisbon,Portugal,FALSE
22/03/19,Luxembourg,Lithuania,2,1,UEFA Euro qualification,Luxembourg,Luxembourg,FALSE
22/03/19,Albania,Turkey,0,2,UEFA Euro qualification,Shkod√´r,Albania,FALSE
22/03/19,Andorra,Iceland,0,2,UEFA Euro qualification,Andorra la Vella,Andorra,FALSE
22/03/19,Moldova,France,1,4,UEFA Euro qualification,Chi»ôinƒÉu,Moldova,FALSE
22/03/19,Botswana,Angola,0,1,African Cup of Nations qualification,Francistown,Botswana,FALSE
22/03/19,Anguilla,United States Virgin Islands,0,3,CONCACAF Nations League qualification,The Valley,Anguilla,FALSE
22/03/19,Saint Vincent and the Grenadines,Bonaire,2,1,CONCACAF Nations League qualification,Arnos Vale,Saint Vincent and the Grenadines,FALSE
22/03/19,Cayman Islands,Montserrat,1,2,CONCACAF Nations League qualification,West Bay,Cayman Islands,FALSE
22/03/19,Saint Lucia,Aruba,3,2,CONCACAF Nations League qualification,North Sound,Antigua and Barbuda,TRUE
22/03/19,Sudan,Equatorial Guinea,1,4,African Cup of Nations qualification,Omdurman,Sudan,FALSE
22/03/19,Malawi,Morocco,0,0,African Cup of Nations qualification,Blantyre,Malawi,FALSE
22/03/19,Algeria,Gambia,1,1,African Cup of Nations qualification,Blida,Algeria,FALSE
22/03/19,Nigeria,Seychelles,3,1,African Cup of Nations qualification,Asaba,Nigeria,FALSE
22/03/19,Burkina Faso,Mauritania,1,0,African Cup of Nations qualification,Ouagadougou,Burkina Faso,FALSE
22/03/19,Tunisia,Eswatini,4,0,African Cup of Nations qualification,Rad√®s,Tunisia,FALSE
23/03/19,Brazil,Panama,1,1,Friendly,Porto,Portugal,TRUE
23/03/19,Malaysia,Afghanistan,2,1,Friendly,Kuala Lumpur,Malaysia,FALSE
23/03/19,Oman,Singapore,1,1,Friendly,Kuala Lumpur,Malaysia,TRUE
23/03/19,Georgia,Switzerland,0,2,UEFA Euro qualification,Tbilisi,Georgia,FALSE
23/03/19,Gibraltar,Republic of Ireland,0,1,UEFA Euro qualification,Gibraltar,Gibraltar,FALSE
23/03/19,Malta,Faroe Islands,2,1,UEFA Euro qualification,Attard,Malta,FALSE
23/03/19,Sweden,Romania,2,1,UEFA Euro qualification,Stockholm,Sweden,FALSE
23/03/19,Spain,Norway,2,1,UEFA Euro qualification,Valencia,Spain,FALSE
23/03/19,Bosnia and Herzegovina,Armenia,2,1,UEFA Euro qualification,Sarajevo,Bosnia and Herzegovina,FALSE
23/03/19,Italy,Finland,2,0,UEFA Euro qualification,Udine,Italy,FALSE
23/03/19,Liechtenstein,Greece,0,2,UEFA Euro qualification,Vaduz,Liechtenstein,FALSE
23/03/19,Senegal,Madagascar,2,0,African Cup of Nations qualification,Thi√®s,Senegal,FALSE
23/03/19,Cameroon,Comoros,3,0,African Cup of Nations qualification,Yaound√©,Cameroon,FALSE
23/03/19,Mali,South Sudan,3,0,African Cup of Nations qualification,Bamako,Mali,FALSE
23/03/19,Ghana,Kenya,1,0,African Cup of Nations qualification,Accra,Ghana,FALSE
23/03/19,Niger,Egypt,1,1,African Cup of Nations qualification,Niamey,Niger,FALSE
23/03/19,Zambia,Namibia,4,1,African Cup of Nations qualification,Lusaka,Zambia,FALSE
23/03/19,Dominica,Bahamas,4,0,CONCACAF Nations League qualification,Roseau,Dominica,FALSE
23/03/19,Sint Maarten,Saint Martin,4,3,CONCACAF Nations League qualification,The Valley,Anguilla,TRUE
23/03/19,Antigua and Barbuda,Cura√ßao,2,1,CONCACAF Nations League qualification,North Sound,Antigua and Barbuda,FALSE
23/03/19,Guyana,Belize,2,1,CONCACAF Nations League qualification,Leonora,Guyana,FALSE
23/03/19,Suriname,Saint Kitts and Nevis,2,0,CONCACAF Nations League qualification,Paramaribo,Suriname,FALSE
23/03/19,Guadeloupe,Martinique,0,1,CONCACAF Nations League qualification,Les Abymes,Guadeloupe,FALSE
23/03/19,Burundi,Gabon,1,1,African Cup of Nations qualification,Bujumbura,Burundi,FALSE
23/03/19,Ivory Coast,Rwanda,3,0,African Cup of Nations qualification,Abidjan,Ivory Coast,FALSE
23/03/19,Guinea-Bissau,Mozambique,2,2,African Cup of Nations qualification,Bissau,Guinea-Bissau,FALSE
23/03/19,Vatican City,Raetia,2,2,Friendly,Rome,Italy,FALSE
23/03/19,Alderney,Jersey,0,2,Muratti Vase,Alderney,Alderney,FALSE
24/03/19,Taiwan,Solomon Islands,0,1,Friendly,Taipei,Taiwan,FALSE
24/03/19,Fiji,Mauritius,1,0,Friendly,Lautoka,Fiji,FALSE
24/03/19,Northern Ireland,Belarus,2,1,UEFA Euro qualification,Belfast,Northern Ireland,FALSE
24/03/19,Netherlands,Germany,2,3,UEFA Euro qualification,Amsterdam,Netherlands,FALSE
24/03/19,Wales,Slovakia,1,0,UEFA Euro qualification,Cardiff,Wales,FALSE
24/03/19,Hungary,Croatia,2,1,UEFA Euro qualification,Budapest,Hungary,FALSE
24/03/19,Israel,Austria,4,2,UEFA Euro qualification,Haifa,Israel,FALSE
24/03/19,Poland,Latvia,2,0,UEFA Euro qualification,Warsaw,Poland,FALSE
24/03/19,Slovenia,North Macedonia,1,1,UEFA Euro qualification,Ljubljana,Slovenia,FALSE
24/03/19,San Marino,Scotland,0,2,UEFA Euro qualification,Serravalle,San Marino,FALSE
24/03/19,Kazakhstan,Russia,0,4,UEFA Euro qualification,Nur-Sultan,Kazakhstan,FALSE
24/03/19,Cyprus,Belgium,0,2,UEFA Euro qualification,Nicosia,Cyprus,FALSE
24/03/19,Benin,Togo,2,1,African Cup of Nations qualification,Cotonou,Benin,FALSE
24/03/19,Libya,South Africa,1,2,African Cup of Nations qualification,Sfax,Tunisia,TRUE
24/03/19,Zimbabwe,Congo,2,0,African Cup of Nations qualification,Harare,Zimbabwe,FALSE
24/03/19,Central African Republic,Guinea,0,0,African Cup of Nations qualification,Bangui,Central African Republic,FALSE
24/03/19,Tanzania,Uganda,3,0,African Cup of Nations qualification,Dar es Salaam,Tanzania,FALSE
24/03/19,British Virgin Islands,Bonaire,1,2,CONCACAF Nations League qualification,The Valley,Anguilla,TRUE
24/03/19,Puerto Rico,Grenada,0,2,CONCACAF Nations League qualification,Bayam√≥n,Puerto Rico,FALSE
24/03/19,Canada,French Guiana,4,1,CONCACAF Nations League qualification,Vancouver,Canada,FALSE
24/03/19,Dominican Republic,Bermuda,1,3,CONCACAF Nations League qualification,Santiago de los Caballeros,Dominican Republic,FALSE
24/03/19,Haiti,Cuba,2,1,CONCACAF Nations League qualification,Port-au-Prince,Haiti,FALSE
24/03/19,Barbados,Nicaragua,0,1,CONCACAF Nations League qualification,Bridgetown,Barbados,FALSE
24/03/19,El Salvador,Jamaica,2,0,CONCACAF Nations League qualification,San Salvador,El Salvador,FALSE
24/03/19,DR Congo,Liberia,1,0,African Cup of Nations qualification,Kinshasa,DR Congo,FALSE
24/03/19,Cape Verde,Lesotho,0,0,African Cup of Nations qualification,Praia,Cape Verde,FALSE
25/03/19,Catalonia,Venezuela,2,1,Friendly,Girona,Spain,FALSE
25/03/19,Azerbaijan,Lithuania,0,0,Friendly,Baku,Azerbaijan,FALSE
25/03/19,Kuwait,Nepal,1,0,Friendly,Al Ahmadi,Kuwait,FALSE
25/03/19,Myanmar,Indonesia,0,2,Friendly,Mandalay,Myanmar,FALSE
25/03/19,Saudi Arabia,Equatorial Guinea,3,2,Friendly,Riyadh,Saudi Arabia,FALSE
25/03/19,Kosovo,Bulgaria,1,1,UEFA Euro qualification,Pristina,Kosovo,FALSE
25/03/19,Montenegro,England,1,5,UEFA Euro qualification,Podgorica,Montenegro,FALSE
25/03/19,Portugal,Serbia,1,1,UEFA Euro qualification,Lisbon,Portugal,FALSE
25/03/19,Luxembourg,Ukraine,1,2,UEFA Euro qualification,Luxembourg,Luxembourg,FALSE
25/03/19,Turkey,Moldova,4,0,UEFA Euro qualification,Eski≈üehir,Turkey,FALSE
25/03/19,Andorra,Albania,0,3,UEFA Euro qualification,Andorra la Vella,Andorra,FALSE
25/03/19,France,Iceland,4,0,UEFA Euro qualification,Paris,France,FALSE
26/03/19,Algeria,Tunisia,1,0,Friendly,Blida,Algeria,FALSE
26/03/19,Costa Rica,Jamaica,1,0,Friendly,San Jos√©,Costa Rica,FALSE
26/03/19,Czech Republic,Brazil,1,3,Friendly,Prague,Czech Republic,FALSE
26/03/19,Ghana,Mauritania,3,1,Friendly,Accra,Ghana,FALSE
26/03/19,Gibraltar,Estonia,0,1,Friendly,Gibraltar,Gibraltar,FALSE
26/03/19,Honduras,Ecuador,0,0,Friendly,Harrison,United States,TRUE
26/03/19,Ivory Coast,Liberia,1,0,Friendly,Abidjan,Ivory Coast,FALSE
26/03/19,Japan,Bolivia,1,0,Kirin Challenge Cup,Kobe,Japan,FALSE
26/03/19,South Korea,Colombia,2,1,Friendly,Seoul,South Korea,FALSE
26/03/19,Morocco,Argentina,0,1,Friendly,Tangier,Morocco,FALSE
26/03/19,Nicaragua,Guatemala,0,1,Friendly,Managua,Nicaragua,FALSE
26/03/19,Nigeria,Egypt,1,0,Friendly,Asaba,Nigeria,FALSE
26/03/19,Paraguay,Mexico,2,4,Friendly,Santa Clara,United States,TRUE
26/03/19,Peru,El Salvador,0,2,Friendly,"Washington, D.C.",United States,TRUE
26/03/19,Senegal,Mali,2,1,Friendly,Dakar,Senegal,FALSE
26/03/19,United Arab Emirates,Syria,0,0,Friendly,Abu Dhabi,United Arab Emirates,FALSE
26/03/19,United States,Chile,1,1,Friendly,Houston,United States,FALSE
26/03/19,Republic of Ireland,Georgia,1,0,UEFA Euro qualification,Dublin,Republic of Ireland,FALSE
26/03/19,Switzerland,Denmark,3,3,UEFA Euro qualification,Basel,Switzerland,FALSE
26/03/19,Malta,Spain,0,2,UEFA Euro qualification,Attard,Malta,FALSE
26/03/19,Norway,Sweden,3,3,UEFA Euro qualification,Oslo,Norway,FALSE
26/03/19,Romania,Faroe Islands,4,1,UEFA Euro qualification,Cluj-Napoca,Romania,FALSE
26/03/19,Bosnia and Herzegovina,Greece,2,2,UEFA Euro qualification,Zenica,Bosnia and Herzegovina,FALSE
26/03/19,Italy,Liechtenstein,6,0,UEFA Euro qualification,Parma,Italy,FALSE
26/03/19,Armenia,Finland,0,2,UEFA Euro qualification,Yerevan,Armenia,FALSE
04/05/19,Yorkshire,Somaliland,6,2,Friendly,Athersley,England,FALSE
11/05/19,Guernsey,Jersey,0,0,Muratti Vase,Guernsey,Guernsey,FALSE
25/05/19,Eswatini,Mauritius,2,2,COSAFA Cup,Durban,South Africa,TRUE
25/05/19,Kernow,Barawa,5,0,Friendly,Bodmin,England,FALSE
25/05/19,Cascadia,Chagos Islands,6,3,Friendly,Kent,United States,FALSE
26/05/19,Mozambique,Namibia,1,2,COSAFA Cup,Durban,South Africa,TRUE
26/05/19,Malawi,Seychelles,3,0,COSAFA Cup,Durban,South Africa,TRUE
27/05/19,Eswatini,Comoros,2,2,COSAFA Cup,Durban,South Africa,TRUE
28/05/19,Seychelles,Mozambique,0,0,COSAFA Cup,Durban,South Africa,TRUE
28/05/19,Namibia,Malawi,1,2,COSAFA Cup,Durban,South Africa,TRUE
28/05/19,Laos,Sri Lanka,2,1,Friendly,Vientiane,Laos,FALSE
29/05/19,Comoros,Mauritius,2,1,COSAFA Cup,Durban,South Africa,TRUE
29/05/19,Panama,Basque Country,0,0,Friendly,Panama City,Panama,FALSE
30/05/19,Mozambique,Malawi,1,1,COSAFA Cup,Durban,South Africa,TRUE
30/05/19,Namibia,Seychelles,3,0,COSAFA Cup,Durban,South Africa,TRUE
30/05/19,Turkey,Greece,2,1,Friendly,Antalya,Turkey,FALSE
31/05/19,Laos,Sri Lanka,2,2,Friendly,Vientiane,Laos,FALSE
01/06/19,Lesotho,Uganda,0,0,COSAFA Cup,Durban,South Africa,TRUE
01/06/19,Zimbabwe,Comoros,2,0,COSAFA Cup,Durban,South Africa,TRUE
01/06/19,Venezuela,Ecuador,1,1,Friendly,Miami Gardens,United States,TRUE
01/06/19,Yorkshire,Parishes of Jersey,1,0,Atlantic Heritage Cup,Ossett,England,FALSE
02/06/19,South Africa,Botswana,2,2,COSAFA Cup,Durban,South Africa,FALSE
02/06/19,Zambia,Malawi,2,2,COSAFA Cup,Durban,South Africa,TRUE
02/06/19,El Salvador,Haiti,1,0,Friendly,"Washington, D.C.",United States,TRUE
02/06/19,France,Bolivia,2,0,Friendly,Nantes,France,FALSE
02/06/19,Luxembourg,Madagascar,3,3,Friendly,Luxembourg,Luxembourg,FALSE
02/06/19,Malaysia,Nepal,2,0,Friendly,Kuala Lumpur,Malaysia,FALSE
02/06/19,Turkey,Uzbekistan,2,0,Friendly,Alanya,Turkey,FALSE
02/06/19,Abkhazia,Chameria,3,1,CONIFA European Football Cup,Askeran,Azerbaijan,TRUE
02/06/19,Artsakh,S√°pmi,3,2,CONIFA European Football Cup,Stepanakert,Azerbaijan,FALSE
02/06/19,Padania,Sz√©kely Land,4,0,CONIFA European Football Cup,Martakert,Azerbaijan,TRUE
02/06/19,Western Armenia,South Ossetia,1,2,CONIFA European Football Cup,Martuni,Azerbaijan,TRUE
02/06/19,Parishes of Jersey,Chagos Islands,9,2,Atlantic Heritage Cup,Harrogate,England,FALSE
03/06/19,Colombia,Panama,3,0,Friendly,Bogot√°,Colombia,FALSE
03/06/19,Vanuatu,Tahiti,2,0,Friendly,Port Vila,Vanuatu,FALSE
03/06/19,Artsakh,Chameria,1,4,CONIFA European Football Cup,Martuni,Azerbaijan,FALSE
03/06/19,S√°pmi,Abkhazia,0,1,CONIFA European Football Cup,Martakert,Azerbaijan,TRUE
03/06/19,Sz√©kely Land,Western Armenia,0,5,CONIFA European Football Cup,Askeran,Azerbaijan,TRUE
03/06/19,South Ossetia,Padania,2,1,CONIFA European Football Cup,Stepanakert,Azerbaijan,TRUE
04/06/19,Comoros,Malawi,1,2,COSAFA Cup,Durban,South Africa,TRUE
04/06/19,Artsakh,Abkhazia,1,1,CONIFA European Football Cup,Martuni,Azerbaijan,FALSE
04/06/19,Chameria,S√°pmi,4,0,CONIFA European Football Cup,Martakert,Azerbaijan,TRUE
04/06/19,South Ossetia,Sz√©kely Land,2,2,CONIFA European Football Cup,Askeran,Azerbaijan,TRUE
04/06/19,Padania,Western Armenia,1,1,CONIFA European Football Cup,Stepanakert,Azerbaijan,TRUE
04/06/19,South Africa,Uganda,1,1,COSAFA Cup,Durban,South Africa,FALSE
05/06/19,Lesotho,Botswana,1,2,COSAFA Cup,Durban,South Africa,TRUE
05/06/19,Zimbabwe,Zambia,0,0,COSAFA Cup,Durban,South Africa,TRUE
05/06/19,Brazil,Qatar,2,0,Friendly,Bras√≠lia,Brazil,FALSE
05/06/19,Japan,Trinidad and Tobago,0,0,Kirin Challenge Cup,Toyota,Japan,FALSE
05/06/19,Mexico,Venezuela,3,1,Friendly,Atlanta,United States,TRUE
05/06/19,Paraguay,Honduras,1,1,Friendly,Ciudad del Este,Paraguay,FALSE
05/06/19,Peru,Costa Rica,1,0,Friendly,Lima,Peru,FALSE
05/06/19,United States,Jamaica,0,1,Friendly,"Washington, D.C.",United States,FALSE
05/06/19,Portugal,Switzerland,3,1,UEFA Nations League,Porto,Portugal,FALSE
06/06/19,Bermuda,Guyana,1,0,Friendly,Hamilton,Bermuda,FALSE
06/06/19,Chile,Haiti,2,1,Friendly,Coquimbo,Chile,FALSE
06/06/19,Taiwan,Nepal,1,1,Friendly,Kaohsiung,Taiwan,FALSE
06/06/19,Iran,Syria,5,0,Friendly,Tehran,Iran,FALSE
06/06/19,Slovakia,Jordan,5,1,Friendly,Trnava,Slovakia,FALSE
06/06/19,Tajikistan,Afghanistan,1,1,Friendly,Dushanbe,Tajikistan,FALSE
06/06/19,England,Netherlands,1,3,UEFA Nations League,Guimar√£es,Portugal,TRUE
06/06/19,Abkhazia,Western Armenia,1,1,CONIFA European Football Cup,Stepanakert,Azerbaijan,TRUE
06/06/19,South Ossetia,Chameria,0,0,CONIFA European Football Cup,Askeran,Azerbaijan,TRUE
06/06/19,Padania,S√°pmi,4,0,CONIFA European Football Cup,Martakert,Azerbaijan,TRUE
06/06/19,Artsakh,Sz√©kely Land,2,1,CONIFA European Football Cup,Martuni,Azerbaijan,FALSE
06/06/19,Bhutan,Guam,1,0,FIFA World Cup qualification,Thimphu,Bhutan,FALSE
06/06/19,Cambodia,Pakistan,2,0,FIFA World Cup qualification,Phnom Penh,Cambodia,FALSE
06/06/19,Laos,Bangladesh,0,1,FIFA World Cup qualification,Vientiane,Laos,FALSE
06/06/19,Macau,Sri Lanka,1,0,FIFA World Cup qualification,Zhuhai,Macau,FALSE
06/06/19,Mongolia,Brunei,2,0,FIFA World Cup qualification,Ulaanbaatar,Mongolia,FALSE
07/06/19,Czech Republic,Bulgaria,2,1,UEFA Euro qualification,Prague,Czech Republic,FALSE
07/06/19,Montenegro,Kosovo,1,1,UEFA Euro qualification,Podgorica,Montenegro,FALSE
07/06/19,Lithuania,Luxembourg,1,1,UEFA Euro qualification,Vilnius,Lithuania,FALSE
07/06/19,Ukraine,Serbia,5,0,UEFA Euro qualification,Lviv,Ukraine,FALSE
07/06/19,Georgia,Gibraltar,3,0,UEFA Euro qualification,Tbilisi,Georgia,FALSE
07/06/19,Denmark,Republic of Ireland,1,1,UEFA Euro qualification,Copenhagen,Denmark,FALSE
07/06/19,Faroe Islands,Spain,1,4,UEFA Euro qualification,T√≥rshavn,Faroe Islands,FALSE
07/06/19,Norway,Romania,2,2,UEFA Euro qualification,Oslo,Norway,FALSE
07/06/19,Sweden,Malta,3,0,UEFA Euro qualification,Stockholm,Sweden,FALSE
07/06/19,Austria,Slovenia,1,0,UEFA Euro qualification,Klagenfurt,Austria,FALSE
07/06/19,North Macedonia,Poland,0,1,UEFA Euro qualification,Skopje,North Macedonia,FALSE
07/06/19,Latvia,Israel,0,3,UEFA Euro qualification,Riga,Latvia,FALSE
07/06/19,Lesotho,Zimbabwe,2,2,COSAFA Cup,Durban,South Africa,TRUE
07/06/19,South Africa,Malawi,0,0,COSAFA Cup,Durban,South Africa,FALSE
07/06/19,Argentina,Nicaragua,5,1,Friendly,San Juan,Argentina,FALSE
07/06/19,China PR,Philippines,2,0,Friendly,Guangzhou,China PR,FALSE
07/06/19,Fiji,Tahiti,1,1,Friendly,Port Vila,Vanuatu,TRUE
07/06/19,Ivory Coast,Comoros,3,1,Friendly,Boulogne-Sur-Mer,Ivory Coast,FALSE
07/06/19,Kenya,Madagascar,1,0,Friendly,Bondoufle,Kenya,FALSE
07/06/19,South Korea,Australia,1,0,Friendly,Busan,South Korea,FALSE
07/06/19,Tunisia,Iraq,2,0,Friendly,Rad√®s,Tunisia,FALSE
07/06/19,Uruguay,Panama,3,0,Friendly,Montevideo,Uruguay,FALSE
07/06/19,Uzbekistan,North Korea,4,0,Friendly,Tashkent,Uzbekistan,FALSE
07/06/19,Malaysia,Timor-Leste,7,1,FIFA World Cup qualification,Kuala Lumpur,Malaysia,FALSE
08/06/19,Estonia,Northern Ireland,1,2,UEFA Euro qualification,Tallinn,Estonia,FALSE
08/06/19,Belarus,Germany,0,2,UEFA Euro qualification,Borisov,Belarus,FALSE
08/06/19,Croatia,Wales,2,1,UEFA Euro qualification,Osijek,Croatia,FALSE
08/06/19,Azerbaijan,Hungary,1,3,UEFA Euro qualification,Baku,Azerbaijan,FALSE
08/06/19,Iceland,Albania,1,0,UEFA Euro qualification,Reykjav√≠k,Iceland,FALSE
08/06/19,Moldova,Andorra,1,0,UEFA Euro qualification,Chi»ôinƒÉu,Moldova,FALSE
08/06/19,Turkey,France,2,0,UEFA Euro qualification,Konya,Turkey,FALSE
08/06/19,Russia,San Marino,9,0,UEFA Euro qualification,Saransk,Russia,FALSE
08/06/19,Scotland,Cyprus,2,1,UEFA Euro qualification,Glasgow,Scotland,FALSE
08/06/19,Belgium,Kazakhstan,3,0,UEFA Euro qualification,Brussels,Belgium,FALSE
08/06/19,Finland,Bosnia and Herzegovina,2,0,UEFA Euro qualification,Tampere,Finland,FALSE
08/06/19,Armenia,Liechtenstein,3,0,UEFA Euro qualification,Yerevan,Armenia,FALSE
08/06/19,Greece,Italy,0,3,UEFA Euro qualification,Athens,Greece,FALSE
08/06/19,Botswana,Zambia,0,1,COSAFA Cup,Durban,South Africa,TRUE
08/06/19,Angola,Guinea-Bissau,2,0,Friendly,Penafiel,Angola,FALSE
08/06/19,Nigeria,Zimbabwe,0,0,Friendly,Asaba,Nigeria,FALSE
08/06/19,Singapore,Solomon Islands,4,3,Friendly,Kallang,Singapore,FALSE
08/06/19,Abkhazia,Chameria,0,0,CONIFA European Football Cup,Stepanakert,Azerbaijan,TRUE
08/06/19,S√°pmi,Sz√©kely Land,3,2,CONIFA European Football Cup,Askeran,Azerbaijan,TRUE
08/06/19,Artsakh,Padania,2,0,CONIFA European Football Cup,Stepanakert,Azerbaijan,FALSE
09/06/19,Brazil,Honduras,7,0,Friendly,Porto Alegre,Brazil,FALSE
09/06/19,Cameroon,Zambia,2,1,Friendly,Majadahonda,Cameroon,FALSE
09/06/19,DR Congo,Burkina Faso,0,0,Friendly,Marbella,Spain,TRUE
09/06/19,Japan,El Salvador,2,0,Kirin Challenge Cup,Rifu,Japan,FALSE
09/06/19,Mexico,Ecuador,3,2,Friendly,Arlington,United States,TRUE
09/06/19,Paraguay,Guatemala,2,0,Friendly,Asunci√≥n,Paraguay,FALSE
09/06/19,Peru,Colombia,0,3,Friendly,Lima,Peru,FALSE
09/06/19,Turkmenistan,Uganda,0,0,Friendly,Abu Dhabi,United Arab Emirates,TRUE
09/06/19,United States,Venezuela,0,3,Friendly,Cincinnati,United States,FALSE
09/06/19,Switzerland,England,0,0,UEFA Nations League,Guimar√£es,Portugal,TRUE
09/06/19,Portugal,Netherlands,1,0,UEFA Nations League,Porto,Portugal,FALSE
09/06/19,Western Armenia,South Ossetia,0,1,CONIFA European Football Cup,Stepanakert,Azerbaijan,TRUE
10/06/19,Czech Republic,Montenegro,3,0,UEFA Euro qualification,Olomouc,Czech Republic,FALSE
10/06/19,Bulgaria,Kosovo,2,3,UEFA Euro qualification,Sofia,Bulgaria,FALSE
10/06/19,Serbia,Lithuania,4,1,UEFA Euro qualification,Belgrade,Serbia,FALSE
10/06/19,Ukraine,Luxembourg,1,0,UEFA Euro qualification,Lviv,Ukraine,FALSE
10/06/19,Republic of Ireland,Gibraltar,2,0,UEFA Euro qualification,Dublin,Republic of Ireland,FALSE
10/06/19,Denmark,Georgia,5,1,UEFA Euro qualification,Copenhagen,Denmark,FALSE
10/06/19,Faroe Islands,Norway,0,2,UEFA Euro qualification,T√≥rshavn,Faroe Islands,FALSE
10/06/19,Malta,Romania,0,4,UEFA Euro qualification,Attard,Malta,FALSE
10/06/19,Spain,Sweden,3,0,UEFA Euro qualification,Madrid,Spain,FALSE
10/06/19,North Macedonia,Austria,1,4,UEFA Euro qualification,Skopje,North Macedonia,FALSE
10/06/19,Poland,Israel,4,0,UEFA Euro qualification,Warsaw,Poland,FALSE
10/06/19,Latvia,Slovenia,0,5,UEFA Euro qualification,Riga,Latvia,FALSE
10/06/19,Vanuatu,Fiji,0,0,Friendly,Port Vila,Vanuatu,FALSE
11/06/19,Germany,Estonia,8,0,UEFA Euro qualification,Mainz,Germany,FALSE
11/06/19,Belarus,Northern Ireland,0,1,UEFA Euro qualification,Borisov,Belarus,FALSE
11/06/19,Azerbaijan,Slovakia,1,5,UEFA Euro qualification,Baku,Azerbaijan,FALSE
11/06/19,Hungary,Wales,1,0,UEFA Euro qualification,Budapest,Hungary,FALSE
11/06/19,Iceland,Turkey,2,1,UEFA Euro qualification,Reykjav√≠k,Iceland,FALSE
11/06/19,Albania,Moldova,2,0,UEFA Euro qualification,Elbasan,Albania,FALSE
11/06/19,Andorra,France,0,4,UEFA Euro qualification,Andorra la Vella,Andorra,FALSE
11/06/19,Kazakhstan,San Marino,4,0,UEFA Euro qualification,Nur-Sultan,Kazakhstan,FALSE
11/06/19,Belgium,Scotland,3,0,UEFA Euro qualification,Brussels,Belgium,FALSE
11/06/19,Russia,Cyprus,1,0,UEFA Euro qualification,Nizhny Novgorod,Russia,FALSE
11/06/19,Italy,Bosnia and Herzegovina,2,1,UEFA Euro qualification,Turin,Italy,FALSE
11/06/19,Liechtenstein,Finland,0,2,UEFA Euro qualification,Vaduz,Liechtenstein,FALSE
11/06/19,Greece,Armenia,2,3,UEFA Euro qualification,Athens,Greece,FALSE
11/06/19,Algeria,Burundi,1,1,Friendly,Doha,Qatar,TRUE
11/06/19,Benin,Guinea,1,0,Friendly,Marrakech,Morocco,TRUE
11/06/19,China PR,Tajikistan,1,0,Friendly,Guangzhou,China PR,FALSE
11/06/19,Croatia,Tunisia,1,2,Friendly,Vara≈ædin,Croatia,FALSE
11/06/19,Hong Kong,Taiwan,0,2,Friendly,Hong Kong,Hong Kong,FALSE
11/06/19,Jordan,Indonesia,4,1,Friendly,Amman,Jordan,FALSE
11/06/19,South Korea,Iran,1,1,Friendly,Seoul,South Korea,FALSE
11/06/19,Kyrgyzstan,Palestine,2,2,Friendly,Bishkek,Kyrgyzstan,FALSE
11/06/19,Singapore,Myanmar,1,2,Friendly,Kallang,Singapore,FALSE
11/06/19,Uzbekistan,Syria,2,0,Friendly,Tashkent,Uzbekistan,FALSE
11/06/19,Bangladesh,Laos,0,0,FIFA World Cup qualification,Dhaka,Bangladesh,FALSE
11/06/19,Brunei,Mongolia,2,1,FIFA World Cup qualification,Bandar Seri Begawan,Brunei,FALSE
11/06/19,Guam,Bhutan,5,0,FIFA World Cup qualification,Dededo,Guam,FALSE
11/06/19,Pakistan,Cambodia,1,2,FIFA World Cup qualification,Doha,Qatar,TRUE
11/06/19,Sri Lanka,Macau,3,0,FIFA World Cup qualification,Colombo,Sri Lanka,FALSE
11/06/19,Malaysia,Timor-Leste,5,1,FIFA World Cup qualification,Kuala Lumpur,Malaysia,FALSE
12/06/19,Morocco,Gambia,0,1,Friendly,Marrakech,Morocco,FALSE
12/06/19,Ynys M√¥n,Saint Helena,7,2,Friendly,Anglesey,Wales,FALSE
13/06/19,Egypt,Tanzania,1,0,Friendly,Alexandria,Egypt,FALSE
14/06/19,Cameroon,Mali,1,1,Friendly,Al Wakrah,Qatar,TRUE
14/06/19,Madagascar,Mauritania,1,3,Friendly,Marrakech,Morocco,TRUE
14/06/19,Brazil,Bolivia,3,0,Copa Am√©rica,S√£o Paulo,Brazil,FALSE
15/06/19,Venezuela,Peru,0,0,Copa Am√©rica,Porto Alegre,Brazil,TRUE
15/06/19,Argentina,Colombia,0,2,Copa Am√©rica,Salvador,Brazil,TRUE
15/06/19,Canada,Martinique,4,0,Gold Cup,Los Angeles,United States,TRUE
15/06/19,Mexico,Cuba,7,0,Gold Cup,Los Angeles,United States,TRUE
15/06/19,Ghana,South Africa,0,0,Friendly,Dubai,United Arab Emirates,TRUE
15/06/19,Indonesia,Vanuatu,6,0,Friendly,Jakarta,Indonesia,FALSE
15/06/19,Ivory Coast,Uganda,0,1,Friendly,Abu Dhabi,United Arab Emirates,TRUE
15/06/19,Kenya,DR Congo,1,1,Friendly,Madrid,Spain,TRUE
15/06/19,Tanzania,Zimbabwe,1,1,Friendly,Cairo,Egypt,TRUE
16/06/19,Jersey,Orkney,5,0,Inter Games,Anglesey,Wales,TRUE
16/06/19,Ynys M√¥n,Western Isles,2,1,Inter Games,Anglesey,Wales,FALSE
16/06/19,Alderney,Hitra,2,4,Inter Games,Anglesey,Wales,TRUE
16/06/19,Saint Helena,Shetland,1,6,Inter Games,Anglesey,Wales,TRUE
16/06/19,Paraguay,Qatar,2,2,Copa Am√©rica,Rio de Janeiro,Brazil,TRUE
16/06/19,Uruguay,Ecuador,4,0,Copa Am√©rica,Belo Horizonte,Brazil,TRUE
16/06/19,Haiti,Bermuda,2,1,Gold Cup,San Jos√©,Jamaica,TRUE
16/06/19,Costa Rica,Nicaragua,4,0,Gold Cup,San Jos√©,Jamaica,TRUE
16/06/19,Algeria,Mali,3,2,Friendly,Doha,Qatar,TRUE
16/06/19,Egypt,Guinea,3,1,Friendly,Alexandria,Egypt,FALSE
16/06/19,Morocco,Zambia,2,3,Friendly,Marrakech,Morocco,FALSE
16/06/19,Senegal,Nigeria,1,0,Friendly,Ismailia,Egypt,TRUE
17/06/19,Ynys M√¥n,Orkney,3,1,Inter Games,Anglesey,Wales,FALSE
17/06/19,Jersey,Western Isles,7,0,Inter Games,Anglesey,Wales,TRUE
17/06/19,Isle of Man,Hitra,7,1,Inter Games,Anglesey,Wales,TRUE
17/06/19,Guernsey,Shetland,2,1,Inter Games,Anglesey,Wales,TRUE
17/06/19,Japan,Chile,0,4,Copa Am√©rica,S√£o Paulo,Brazil,TRUE
17/06/19,Cura√ßao,El Salvador,0,1,Gold Cup,Kingston,Jamaica,TRUE
17/06/19,Jamaica,Honduras,3,2,Gold Cup,Kingston,Jamaica,FALSE
17/06/19,Tunisia,Burundi,2,1,Friendly,Rad√®s,Tunisia,FALSE
18/06/19,Ynys M√¥n,Jersey,1,0,Inter Games,Anglesey,Wales,FALSE
18/06/19,Western Isles,Orkney,1,2,Inter Games,Anglesey,Wales,TRUE
18/06/19,Isle of Man,Alderney,6,1,Inter Games,Anglesey,Wales,TRUE
18/06/19,Guernsey,Saint Helena,9,0,Inter Games,Anglesey,Wales,TRUE
18/06/19,Bolivia,Peru,1,3,Copa Am√©rica,Rio de Janeiro,Brazil,TRUE
18/06/19,Brazil,Venezuela,0,0,Copa Am√©rica,Salvador,Brazil,FALSE
18/06/19,Panama,Trinidad and Tobago,2,0,Gold Cup,Saint Paul,United States,TRUE
18/06/19,United States,Guyana,4,0,Gold Cup,Saint Paul,United States,FALSE
18/06/19,Benin,Mauritania,3,1,Friendly,Marrakech,Morocco,TRUE
19/06/19,Colombia,Qatar,1,0,Copa Am√©rica,S√£o Paulo,Brazil,TRUE
19/06/19,Argentina,Paraguay,1,1,Copa Am√©rica,Belo Horizonte,Brazil,TRUE
19/06/19,Cuba,Martinique,0,3,Gold Cup,Denver,United States,TRUE
19/06/19,Mexico,Canada,3,1,Gold Cup,Denver,United States,TRUE
19/06/19,Ivory Coast,Zambia,4,1,Friendly,Abu Dhabi,United Arab Emirates,TRUE
20/06/19,Western Isles,Saint Helena,2,1,Inter Games,Anglesey,Wales,TRUE
20/06/19,Orkney,Alderney,1,2,Inter Games,Anglesey,Wales,TRUE
20/06/19,Jersey,Hitra,3,1,Inter Games,Anglesey,Wales,TRUE
20/06/19,Ynys M√¥n,Shetland,2,1,Inter Games,Anglesey,Wales,FALSE
20/06/19,Isle of Man,Guernsey,2,3,Inter Games,Anglesey,Wales,TRUE
20/06/19,Uruguay,Japan,2,2,Copa Am√©rica,Porto Alegre,Brazil,TRUE
20/06/19,Nicaragua,Haiti,0,2,Gold Cup,Frisco,United States,TRUE
20/06/19,Costa Rica,Bermuda,2,1,Gold Cup,Frisco,United States,TRUE
21/06/19,Shetland,Isle of Man,0,5,Inter Games,Anglesey,Wales,TRUE
21/06/19,Ynys M√¥n,Guernsey,2,1,Inter Games,Anglesey,Wales,FALSE
21/06/19,Egypt,Zimbabwe,1,0,African Cup of Nations,Cairo,Egypt,FALSE
21/06/19,Ecuador,Chile,1,2,Copa Am√©rica,Salvador,Brazil,TRUE
21/06/19,El Salvador,Jamaica,0,0,Gold Cup,Houston,United States,TRUE
21/06/19,Honduras,Cura√ßao,0,1,Gold Cup,Houston,United States,TRUE
22/06/19,DR Congo,Uganda,0,2,African Cup of Nations,Cairo,Egypt,TRUE
22/06/19,Nigeria,Burundi,1,0,African Cup of Nations,Alexandria,Egypt,TRUE
22/06/19,Guinea,Madagascar,2,2,African Cup of Nations,Alexandria,Egypt,TRUE
22/06/19,Bolivia,Venezuela,1,3,Copa Am√©rica,Belo Horizonte,Brazil,TRUE
22/06/19,Guyana,Panama,2,4,Gold Cup,Cleveland,United States,TRUE
22/06/19,United States,Trinidad and Tobago,6,0,Gold Cup,Cleveland,United States,FALSE
22/06/19,Brazil,Peru,5,0,Copa Am√©rica,S√£o Paulo,Brazil,FALSE
23/06/19,Senegal,Tanzania,2,0,African Cup of Nations,Cairo,Egypt,TRUE
23/06/19,Algeria,Kenya,2,0,African Cup of Nations,Cairo,Egypt,TRUE
23/06/19,Morocco,Namibia,1,0,African Cup of Nations,Cairo,Egypt,TRUE
23/06/19,Colombia,Paraguay,1,0,Copa Am√©rica,Salvador,Brazil,TRUE
23/06/19,Qatar,Argentina,0,2,Copa Am√©rica,Porto Alegre,Brazil,TRUE
23/06/19,Canada,Cuba,7,0,Gold Cup,Charlotte,United States,TRUE
23/06/19,Martinique,Mexico,2,3,Gold Cup,Charlotte,United States,TRUE
24/06/19,Ivory Coast,South Africa,1,0,African Cup of Nations,Cairo,Egypt,TRUE
24/06/19,Tunisia,Angola,1,1,African Cup of Nations,Suez,Egypt,TRUE
24/06/19,Mali,Mauritania,4,1,African Cup of Nations,Suez,Egypt,TRUE
24/06/19,Chile,Uruguay,0,1,Copa Am√©rica,Rio de Janeiro,Brazil,TRUE
24/06/19,Ecuador,Japan,1,1,Copa Am√©rica,Belo Horizonte,Brazil,TRUE
24/06/19,Bermuda,Nicaragua,2,0,Gold Cup,New Jersey,United States,TRUE
24/06/19,Haiti,Costa Rica,2,1,Gold Cup,New Jersey,United States,TRUE
25/06/19,Cameroon,Guinea-Bissau,2,0,African Cup of Nations,Ismailia,Egypt,TRUE
25/06/19,Ghana,Benin,2,2,African Cup of Nations,Ismailia,Egypt,TRUE
25/06/19,Jamaica,Cura√ßao,1,1,Gold Cup,Los Angeles,United States,TRUE
25/06/19,Honduras,El Salvador,4,0,Gold Cup,Los Angeles,United States,TRUE
25/06/19,Raetia,Franconia,3,4,Friendly,Chur,Switzerland,FALSE
26/06/19,Uganda,Zimbabwe,1,1,African Cup of Nations,Cairo,Egypt,TRUE
26/06/19,Egypt,DR Congo,2,0,African Cup of Nations,Cairo,Egypt,FALSE
26/06/19,Nigeria,Guinea,1,0,African Cup of Nations,Alexandria,Egypt,TRUE
26/06/19,Trinidad and Tobago,Guyana,1,1,Gold Cup,Kansas City,United States,TRUE
26/06/19,United States,Panama,1,0,Gold Cup,Kansas City,United States,FALSE
27/06/19,Madagascar,Burundi,1,0,African Cup of Nations,Alexandria,Egypt,TRUE
27/06/19,Senegal,Algeria,0,1,African Cup of Nations,Cairo,Egypt,TRUE
27/06/19,Kenya,Tanzania,3,2,African Cup of Nations,Cairo,Egypt,TRUE
27/06/19,Brazil,Paraguay,0,0,Copa Am√©rica,Porto Alegre,Brazil,FALSE
28/06/19,Morocco,Ivory Coast,1,0,African Cup of Nations,Cairo,Egypt,TRUE
28/06/19,South Africa,Namibia,1,0,African Cup of Nations,Cairo,Egypt,TRUE
28/06/19,Tunisia,Mali,1,1,African Cup of Nations,Suez,Egypt,TRUE
28/06/19,Colombia,Chile,0,0,Copa Am√©rica,S√£o Paulo,Brazil,TRUE
28/06/19,Venezuela,Argentina,0,2,Copa Am√©rica,Rio de Janeiro,Brazil,TRUE
29/06/19,Mauritania,Angola,0,0,African Cup of Nations,Suez,Egypt,TRUE
29/06/19,Cameroon,Ghana,0,0,African Cup of Nations,Ismailia,Egypt,TRUE
29/06/19,Benin,Guinea-Bissau,0,0,African Cup of Nations,Ismailia,Egypt,TRUE
29/06/19,Uruguay,Peru,0,0,Copa Am√©rica,Salvador,Brazil,TRUE
29/06/19,Haiti,Canada,3,2,Gold Cup,Houston,United States,TRUE
29/06/19,Mexico,Costa Rica,1,1,Gold Cup,Houston,United States,TRUE
30/06/19,Egypt,Uganda,2,0,African Cup of Nations,Cairo,Egypt,FALSE
30/06/19,Zimbabwe,DR Congo,0,4,African Cup of Nations,Cairo,Egypt,TRUE
30/06/19,Burundi,Guinea,0,2,African Cup of Nations,Cairo,Egypt,TRUE
30/06/19,Madagascar,Nigeria,2,0,African Cup of Nations,Alexandria,Egypt,TRUE
30/06/19,Jamaica,Panama,1,0,Gold Cup,Philadelphia,United States,TRUE
30/06/19,United States,Cura√ßao,1,0,Gold Cup,Philadelphia,United States,FALSE
01/07/19,Kenya,Senegal,0,3,African Cup of Nations,Cairo,Egypt,TRUE
01/07/19,Tanzania,Algeria,0,3,African Cup of Nations,Cairo,Egypt,TRUE
01/07/19,Namibia,Ivory Coast,1,4,African Cup of Nations,Cairo,Egypt,TRUE
01/07/19,South Africa,Morocco,0,1,African Cup of Nations,Cairo,Egypt,TRUE
02/07/19,Angola,Mali,0,1,African Cup of Nations,Ismailia,Egypt,TRUE
02/07/19,Mauritania,Tunisia,0,0,African Cup of Nations,Suez,Egypt,TRUE
02/07/19,Benin,Cameroon,0,0,African Cup of Nations,Ismailia,Egypt,TRUE
02/07/19,Guinea-Bissau,Ghana,0,2,African Cup of Nations,Suez,Egypt,TRUE
02/07/19,Brazil,Argentina,2,0,Copa Am√©rica,Belo Horizonte,Brazil,FALSE
02/07/19,Haiti,Mexico,0,1,Gold Cup,Glendale,United States,TRUE
03/07/19,Chile,Peru,0,3,Copa Am√©rica,Porto Alegre,Brazil,TRUE
03/07/19,United States,Jamaica,3,1,Gold Cup,Nashville,United States,FALSE
05/07/19,Morocco,Benin,1,1,African Cup of Nations,Cairo,Egypt,TRUE
05/07/19,Uganda,Senegal,0,1,African Cup of Nations,Cairo,Egypt,TRUE
06/07/19,Egypt,South Africa,0,1,African Cup of Nations,Cairo,Egypt,FALSE
06/07/19,Nigeria,Cameroon,3,2,African Cup of Nations,Alexandria,Egypt,TRUE
06/07/19,Argentina,Chile,2,1,Copa Am√©rica,S√£o Paulo,Brazil,TRUE
07/07/19,Algeria,Guinea,3,0,African Cup of Nations,Cairo,Egypt,TRUE
07/07/19,Madagascar,DR Congo,2,2,African Cup of Nations,Alexandria,Egypt,TRUE
07/07/19,Brazil,Peru,3,1,Copa Am√©rica,Rio de Janeiro,Brazil,FALSE
07/07/19,United States,Mexico,0,1,Gold Cup,Chicago,United States,FALSE
07/07/19,India,Tajikistan,2,4,Intercontinental Cup,Ahmedabad,India,FALSE
08/07/19,Ghana,Tunisia,1,1,African Cup of Nations,Ismailia,Egypt,TRUE
08/07/19,Mali,Ivory Coast,0,1,African Cup of Nations,Suez,Egypt,TRUE
08/07/19,Samoa,Papua New Guinea,0,6,Pacific Games,Apia,Samoa,FALSE
08/07/19,American Samoa,New Caledonia,0,5,Pacific Games,Apia,Samoa,TRUE
08/07/19,Tuvalu,Solomon Islands,0,13,Pacific Games,Apia,Samoa,TRUE
08/07/19,Tahiti,Fiji,1,2,Pacific Games,Apia,Samoa,TRUE
08/07/19,Syria,North Korea,5,2,Intercontinental Cup,Ahmedabad,India,TRUE
10/07/19,Nigeria,South Africa,2,1,African Cup of Nations,Cairo,Egypt,TRUE
10/07/19,Senegal,Benin,1,0,African Cup of Nations,Cairo,Egypt,TRUE
10/07/19,Papua New Guinea,Vanuatu,2,0,Pacific Games,Apia,Samoa,TRUE
10/07/19,Tuvalu,Tahiti,0,7,Pacific Games,Apia,Samoa,TRUE
10/07/19,American Samoa,Fiji,0,9,Pacific Games,Apia,Samoa,TRUE
10/07/19,Solomon Islands,New Caledonia,0,2,Pacific Games,Apia,Samoa,TRUE
10/07/19,Tajikistan,Syria,2,0,Intercontinental Cup,Ahmedabad,India,TRUE
11/07/19,Ivory Coast,Algeria,1,1,African Cup of Nations,Suez,Egypt,TRUE
11/07/19,Madagascar,Tunisia,0,3,African Cup of Nations,Cairo,Egypt,TRUE
12/07/19,Samoa,Tonga,2,0,Pacific Games,Apia,Samoa,FALSE
12/07/19,American Samoa,Tuvalu,1,1,Pacific Games,Apia,Samoa,TRUE
12/07/19,Solomon Islands,Tahiti,0,3,Pacific Games,Apia,Samoa,TRUE
12/07/19,New Caledonia,Fiji,1,0,Pacific Games,Apia,Samoa,TRUE
13/07/19,India,North Korea,2,5,Intercontinental Cup,Ahmedabad,India,FALSE
14/07/19,Algeria,Nigeria,2,1,African Cup of Nations,Cairo,Egypt,TRUE
14/07/19,Senegal,Tunisia,1,0,African Cup of Nations,Cairo,Egypt,TRUE
15/07/19,Tonga,Vanuatu,0,14,Pacific Games,Apia,Samoa,TRUE
15/07/19,Fiji,Tuvalu,10,1,Pacific Games,Apia,Samoa,TRUE
15/07/19,Solomon Islands,American Samoa,13,0,Pacific Games,Apia,Samoa,TRUE
15/07/19,Tahiti,New Caledonia,0,3,Pacific Games,Apia,Samoa,TRUE
15/07/19,North Korea,Tajikistan,1,0,Intercontinental Cup,Ahmedabad,India,TRUE
16/07/19,India,Syria,1,1,Intercontinental Cup,Ahmedabad,India,FALSE
17/07/19,Tunisia,Nigeria,0,1,African Cup of Nations,Cairo,Egypt,TRUE
18/07/19,Papua New Guinea,Tonga,8,0,Pacific Games,Apia,Samoa,TRUE
18/07/19,Samoa,Vanuatu,0,11,Pacific Games,Apia,Samoa,FALSE
18/07/19,New Caledonia,Tuvalu,11,0,Pacific Games,Apia,Samoa,TRUE
18/07/19,Tahiti,American Samoa,8,1,Pacific Games,Apia,Samoa,TRUE
18/07/19,Fiji,Solomon Islands,4,4,Pacific Games,Apia,Samoa,TRUE
18/07/19,Mauritius,Seychelles,1,1,Indian Ocean Island Games,Curepipe,Mauritius,FALSE
18/07/19,R√©union,Maldives,4,0,Indian Ocean Island Games,Centre de Flacq,Mauritius,TRUE
18/07/19,Comoros,Mayotte,0,2,Indian Ocean Island Games,Centre de Flacq,Mauritius,TRUE
19/07/19,Senegal,Algeria,0,1,African Cup of Nations,Cairo,Egypt,TRUE
19/07/19,Tajikistan,North Korea,0,1,Intercontinental Cup,Ahmedabad,India,TRUE
20/07/19,Papua New Guinea,Fiji,1,1,Pacific Games,Apia,Samoa,TRUE
20/07/19,Seychelles,Madagascar,0,0,Indian Ocean Island Games,Centre de Flacq,Mauritius,TRUE
20/07/19,R√©union,Mayotte,1,0,Indian Ocean Island Games,Curepipe,Mauritius,TRUE
20/07/19,Comoros,Maldives,3,0,Indian Ocean Island Games,Curepipe,Mauritius,TRUE
21/07/19,Equatorial Guinea,Liberia,1,1,Friendly,Malabo,Equatorial Guinea,FALSE
22/07/19,Mauritius,Madagascar,1,1,Indian Ocean Island Games,Curepipe,Mauritius,FALSE
22/07/19,Mayotte,Maldives,3,1,Indian Ocean Island Games,Centre de Flacq,Mauritius,TRUE
22/07/19,R√©union,Comoros,0,1,Indian Ocean Island Games,Curepipe,Mauritius,TRUE
24/07/19,Mauritius,Mayotte,1,0,Indian Ocean Island Games,Curepipe,Mauritius,FALSE
24/07/19,R√©union,Seychelles,4,0,Indian Ocean Island Games,Centre de Flacq,Mauritius,TRUE
26/07/19,Seychelles,Mayotte,1,3,Indian Ocean Island Games,Centre de Flacq,Mauritius,TRUE
28/07/19,Mauritius,R√©union,1,1,Indian Ocean Island Games,Centre de Flacq,Mauritius,FALSE
30/07/19,Iraq,Lebanon,1,0,WAFF Championship,Karbala,Iraq,FALSE
30/07/19,Yemen,Palestine,0,1,WAFF Championship,Karbala,Iraq,TRUE
02/08/19,Iraq,Palestine,2,1,WAFF Championship,Karbala,Iraq,FALSE
02/08/19,Lebanon,Syria,2,1,WAFF Championship,Karbala,Iraq,TRUE
04/08/19,Jordan,Bahrain,0,1,WAFF Championship,Erbil,Iraq,TRUE
04/08/19,Saudi Arabia,Kuwait,1,2,WAFF Championship,Erbil,Iraq,TRUE
05/08/19,Syria,Yemen,1,1,WAFF Championship,Karbala,Iraq,TRUE
05/08/19,Lebanon,Palestine,0,0,WAFF Championship,Karbala,Iraq,TRUE
07/08/19,Bahrain,Saudi Arabia,0,0,WAFF Championship,Erbil,Iraq,TRUE
07/08/19,Kuwait,Jordan,1,1,WAFF Championship,Erbil,Iraq,TRUE
08/08/19,Yemen,Lebanon,2,1,WAFF Championship,Karbala,Iraq,TRUE
08/08/19,Iraq,Syria,0,0,WAFF Championship,Karbala,Iraq,FALSE
09/08/19,South Ossetia,Luhansk PR,2,0,Friendly,Tskhinvali,Georgia,FALSE
10/08/19,Jordan,Saudi Arabia,3,0,WAFF Championship,Erbil,Iraq,TRUE
10/08/19,Kuwait,Bahrain,0,1,WAFF Championship,Erbil,Iraq,TRUE
11/08/19,Saint Vincent and the Grenadines,Trinidad and Tobago,1,0,Friendly,Georgetown,Saint Vincent and the Grenadines,FALSE
11/08/19,Palestine,Syria,4,3,WAFF Championship,Karbala,Iraq,TRUE
11/08/19,Iraq,Yemen,2,1,WAFF Championship,Karbala,Iraq,FALSE
14/08/19,Dominican Republic,Guatemala,0,0,Friendly,Santiago de los Caballeros,Dominican Republic,FALSE
14/08/19,Iraq,Bahrain,0,1,WAFF Championship,Karbala,Iraq,FALSE
27/08/19,Saint Kitts and Nevis,Antigua and Barbuda,4,3,Friendly,Basseterre,Saint Kitts and Nevis,FALSE
28/08/19,Belize,Saint Vincent and the Grenadines,1,1,Friendly,Belmopan,Belize,FALSE
28/08/19,Taiwan,Guam,3,0,Friendly,Kaohsiung,Taiwan,FALSE
29/08/19,United Arab Emirates,Dominican Republic,4,0,Friendly,Riffa,Bahrain,TRUE
30/08/19,Belize,Saint Vincent and the Grenadines,1,0,Friendly,Belmopan,Belize,FALSE
30/08/19,China PR,Myanmar,4,1,Friendly,Xianghe,Egypt,TRUE
30/08/19,Malaysia,Jordan,0,1,Friendly,Kuala Lumpur,Malaysia,FALSE
31/08/19,United Arab Emirates,Sri Lanka,5,1,Friendly,Riffa,Bahrain,TRUE
04/09/19,Libya,Burkina Faso,0,1,Friendly,Marrakech,Morocco,TRUE
04/09/19,Burundi,Tanzania,1,1,FIFA World Cup qualification,Bujumbura,Burundi,FALSE
04/09/19,Djibouti,Eswatini,2,1,FIFA World Cup qualification,Djibouti,Djibouti,FALSE
04/09/19,Eritrea,Namibia,1,2,FIFA World Cup qualification,Asmara,Eritrea,FALSE
04/09/19,Ethiopia,Lesotho,0,0,FIFA World Cup qualification,Bahir Dar,Ethiopia,FALSE
04/09/19,Liberia,Sierra Leone,3,1,FIFA World Cup qualification,Monrovia,Liberia,FALSE
04/09/19,Mauritius,Mozambique,0,1,FIFA World Cup qualification,Belle Vue Maurel,Mauritius,FALSE
04/09/19,S√£o Tom√© and Pr√≠ncipe,Guinea-Bissau,0,1,FIFA World Cup qualification,S√£o Tom√©,S√£o Tom√© and Pr√≠ncipe,FALSE
04/09/19,South Sudan,Equatorial Guinea,1,1,FIFA World Cup qualification,Omdurman,Sudan,TRUE
05/09/19,Argentina,Chile,0,0,Friendly,Los Angeles,United States,TRUE
05/09/19,Honduras,Puerto Rico,4,0,Friendly,Tegucigalpa,Honduras,FALSE
05/09/19,South Korea,Georgia,2,2,Friendly,Istanbul,Turkey,TRUE
05/09/19,Montenegro,Hungary,2,1,Friendly,Podgorica,Montenegro,FALSE
05/09/19,Northern Ireland,Luxembourg,1,0,Friendly,Belfast,Northern Ireland,FALSE
05/09/19,Peru,Ecuador,0,1,Friendly,Harrison,United States,TRUE
05/09/19,Saudi Arabia,Mali,1,1,Friendly,Riyadh,Saudi Arabia,FALSE
05/09/19,Republic of Ireland,Switzerland,1,1,UEFA Euro qualification,Dublin,Republic of Ireland,FALSE
05/09/19,Gibraltar,Denmark,0,6,UEFA Euro qualification,Gibraltar,Gibraltar,FALSE
05/09/19,Faroe Islands,Sweden,0,4,UEFA Euro qualification,T√≥rshavn,Faroe Islands,FALSE
05/09/19,Norway,Malta,2,0,UEFA Euro qualification,Oslo,Norway,FALSE
05/09/19,Romania,Spain,1,2,UEFA Euro qualification,Bucharest,Romania,FALSE
05/09/19,Israel,North Macedonia,1,1,UEFA Euro qualification,Beer Sheva,Israel,FALSE
05/09/19,Armenia,Italy,1,3,UEFA Euro qualification,Yerevan,Armenia,FALSE
05/09/19,Bosnia and Herzegovina,Liechtenstein,5,0,UEFA Euro qualification,Zenica,Bosnia and Herzegovina,FALSE
05/09/19,Finland,Greece,1,0,UEFA Euro qualification,Tampere,Finland,FALSE
05/09/19,Japan,Paraguay,2,0,Kirin Challenge Cup,Kashima,Japan,FALSE
05/09/19,Bermuda,Panama,1,4,CONCACAF Nations League,Hamilton,Bermuda,FALSE
05/09/19,Grenada,Saint Kitts and Nevis,2,1,CONCACAF Nations League,St. George's,Grenada,FALSE
05/09/19,French Guiana,Belize,3,0,CONCACAF Nations League,Cayenne,French Guiana,FALSE
05/09/19,Dominica,Suriname,1,2,CONCACAF Nations League,Roseau,Dominica,FALSE
05/09/19,United States Virgin Islands,Cayman Islands,0,2,CONCACAF Nations League,Saint Croix,United States Virgin Islands,FALSE
05/09/19,Barbados,Saint Martin,4,0,CONCACAF Nations League,Bridgetown,Barbados,FALSE
05/09/19,Guatemala,Anguilla,10,0,CONCACAF Nations League,Guatemala City,Guatemala,FALSE
05/09/19,Guam,Maldives,0,1,FIFA World Cup qualification,Dededo,Guam,FALSE
05/09/19,Philippines,Syria,2,5,FIFA World Cup qualification,Bacolod,Philippines,FALSE
05/09/19,Taiwan,Jordan,1,2,FIFA World Cup qualification,Taipei,Taiwan,FALSE
05/09/19,Kuwait,Nepal,7,0,FIFA World Cup qualification,Kuwait City,Kuwait,FALSE
05/09/19,Cambodia,Hong Kong,1,1,FIFA World Cup qualification,Phnom Penh,Cambodia,FALSE
05/09/19,Bahrain,Iraq,1,1,FIFA World Cup qualification,Riffa,Bahrain,FALSE
05/09/19,Palestine,Uzbekistan,2,0,FIFA World Cup qualification,Al-Ram,Palestine,FALSE
05/09/19,Singapore,Yemen,2,2,FIFA World Cup qualification,Kallang,Singapore,FALSE
05/09/19,India,Oman,1,2,FIFA World Cup qualification,Guwahati,India,FALSE
05/09/19,Qatar,Afghanistan,6,0,FIFA World Cup qualification,Doha,Qatar,FALSE
05/09/19,Mongolia,Myanmar,1,0,FIFA World Cup qualification,Ulaanbaatar,Mongolia,FALSE
05/09/19,Tajikistan,Kyrgyzstan,1,0,FIFA World Cup qualification,Dushanbe,Tajikistan,FALSE
05/09/19,Thailand,Vietnam,0,0,FIFA World Cup qualification,Pathum Thani,Thailand,FALSE
05/09/19,Indonesia,Malaysia,2,3,FIFA World Cup qualification,Jakarta,Indonesia,FALSE
05/09/19,North Korea,Lebanon,2,0,FIFA World Cup qualification,Pyongyang,North Korea,FALSE
05/09/19,Sri Lanka,Turkmenistan,0,2,FIFA World Cup qualification,Colombo,Sri Lanka,FALSE
05/09/19,Chad,Sudan,1,3,FIFA World Cup qualification,N'Djamena,Chad,FALSE
05/09/19,Seychelles,Rwanda,0,3,FIFA World Cup qualification,Victoria,Seychelles,FALSE
05/09/19,Somalia,Zimbabwe,1,0,FIFA World Cup qualification,Djibouti,Djibouti,TRUE
06/09/19,Brazil,Colombia,2,2,Friendly,Miami Gardens,United States,TRUE
06/09/19,Costa Rica,Uruguay,1,2,Friendly,San Jos√©,Costa Rica,FALSE
06/09/19,Ivory Coast,Benin,1,2,Friendly,Caen,Egypt,TRUE
06/09/19,Morocco,Burkina Faso,1,1,Friendly,Marrakech,Morocco,FALSE
06/09/19,Tunisia,Mauritania,1,0,Friendly,Rad√®s,Tunisia,FALSE
06/09/19,United States,Mexico,0,3,Friendly,East Rutherford,United States,FALSE
06/09/19,Estonia,Belarus,1,2,UEFA Euro qualification,Tallinn,Estonia,FALSE
06/09/19,Germany,Netherlands,2,4,UEFA Euro qualification,Hamburg,Germany,FALSE
06/09/19,Wales,Azerbaijan,2,1,UEFA Euro qualification,Cardiff,Wales,FALSE
06/09/19,Slovakia,Croatia,0,4,UEFA Euro qualification,Trnava,Slovakia,FALSE
06/09/19,Austria,Latvia,6,0,UEFA Euro qualification,Salzburg,Austria,FALSE
06/09/19,Slovenia,Poland,2,0,UEFA Euro qualification,Ljubljana,Slovenia,FALSE
06/09/19,Cyprus,Kazakhstan,1,1,UEFA Euro qualification,Nicosia,Cyprus,FALSE
06/09/19,Scotland,Russia,1,2,UEFA Euro qualification,Glasgow,Scotland,FALSE
06/09/19,San Marino,Belgium,0,4,UEFA Euro qualification,Serravalle,San Marino,FALSE
06/09/19,Martinique,Trinidad and Tobago,1,1,CONCACAF Nations League,Fort-de-France,Martinique,FALSE
06/09/19,Aruba,Guyana,0,1,CONCACAF Nations League,Willemstad,Cura√ßao,TRUE
06/09/19,Jamaica,Antigua and Barbuda,6,0,CONCACAF Nations League,Montego Bay,Jamaica,FALSE
06/09/19,Nicaragua,Saint Vincent and the Grenadines,1,1,CONCACAF Nations League,Managua,Nicaragua,FALSE
06/09/19,Bonaire,British Virgin Islands,4,2,CONCACAF Nations League,Willemstad,Cura√ßao,TRUE
06/09/19,Comoros,Togo,1,1,FIFA World Cup qualification,Moroni,Comoros,FALSE
06/09/19,Gambia,Angola,0,1,FIFA World Cup qualification,Bakau,Gambia,FALSE
07/09/19,Libya,Niger,2,0,Friendly,Berrechid,Egypt,TRUE
07/09/19,Kosovo,Czech Republic,2,1,UEFA Euro qualification,Pristina,Kosovo,FALSE
07/09/19,England,Bulgaria,4,0,UEFA Euro qualification,London,England,FALSE
07/09/19,Lithuania,Ukraine,0,3,UEFA Euro qualification,Vilnius,Lithuania,FALSE
07/09/19,Serbia,Portugal,2,4,UEFA Euro qualification,Belgrade,Serbia,FALSE
07/09/19,Iceland,Moldova,3,0,UEFA Euro qualification,Reykjav√≠k,Iceland,FALSE
07/09/19,France,Albania,4,1,UEFA Euro qualification,Paris,France,FALSE
07/09/19,Turkey,Andorra,1,0,UEFA Euro qualification,Istanbul,Turkey,FALSE
07/09/19,Canada,Cuba,6,0,CONCACAF Nations League,Toronto,Canada,FALSE
07/09/19,Cura√ßao,Haiti,1,0,CONCACAF Nations League,Willemstad,Cura√ßao,FALSE
07/09/19,Montserrat,Dominican Republic,2,1,CONCACAF Nations League,Lookout,Montserrat,FALSE
07/09/19,El Salvador,Saint Lucia,3,0,CONCACAF Nations League,San Salvador,El Salvador,FALSE
07/09/19,Guadeloupe,Sint Maarten,5,1,CONCACAF Nations League,Les Abymes,Guadeloupe,FALSE
07/09/19,Botswana,Malawi,0,0,FIFA World Cup qualification,Francistown,Botswana,FALSE
08/09/19,Kenya,Uganda,1,1,Friendly,Nairobi,Kenya,FALSE
08/09/19,Switzerland,Gibraltar,4,0,UEFA Euro qualification,Sion,Switzerland,FALSE
08/09/19,Georgia,Denmark,0,0,UEFA Euro qualification,Tbilisi,Georgia,FALSE
08/09/19,Romania,Malta,1,0,UEFA Euro qualification,Ploie»ôti,Romania,FALSE
08/09/19,Spain,Faroe Islands,4,0,UEFA Euro qualification,Gijon,Egypt,TRUE
08/09/19,Sweden,Norway,1,1,UEFA Euro qualification,Stockholm,Sweden,FALSE
08/09/19,Armenia,Bosnia and Herzegovina,4,2,UEFA Euro qualification,Yerevan,Armenia,FALSE
08/09/19,Finland,Italy,1,2,UEFA Euro qualification,Tampere,Finland,FALSE
08/09/19,Greece,Liechtenstein,1,1,UEFA Euro qualification,Athens,Greece,FALSE
08/09/19,Panama,Bermuda,0,2,CONCACAF Nations League,Panama City,Panama,FALSE
08/09/19,Belize,Grenada,1,2,CONCACAF Nations League,Belmopan,Belize,FALSE
08/09/19,Saint Kitts and Nevis,French Guiana,2,2,CONCACAF Nations League,Basseterre,Saint Kitts and Nevis,FALSE
08/09/19,Saint Vincent and the Grenadines,Dominica,1,0,CONCACAF Nations League,Arnos Vale,Saint Vincent and the Grenadines,FALSE
08/09/19,Suriname,Nicaragua,6,0,CONCACAF Nations League,Paramaribo,Suriname,FALSE
08/09/19,Saint Martin,United States Virgin Islands,1,2,CONCACAF Nations League,The Valley,Anguilla,TRUE
08/09/19,Cayman Islands,Barbados,3,2,CONCACAF Nations League,George Town,Cayman Islands,FALSE
08/09/19,Equatorial Guinea,South Sudan,1,0,FIFA World Cup qualification,Malabo,Equatorial Guinea,FALSE
08/09/19,Lesotho,Ethiopia,1,1,FIFA World Cup qualification,Maseru,Lesotho,FALSE
08/09/19,Sierra Leone,Liberia,1,0,FIFA World Cup qualification,Freetown,Sierra Leone,FALSE
08/09/19,Tanzania,Burundi,1,1,FIFA World Cup qualification,Dar es Salaam,Tanzania,FALSE
09/09/19,Algeria,Benin,1,0,Friendly,Algiers,Algeria,FALSE
09/09/19,Iraq,Uzbekistan,0,0,Friendly,Amman,Jordan,TRUE
09/09/19,Wales,Belarus,1,0,Friendly,Cardiff,Wales,FALSE
09/09/19,Northern Ireland,Germany,0,2,UEFA Euro qualification,Belfast,Northern Ireland,FALSE
09/09/19,Estonia,Netherlands,0,4,UEFA Euro qualification,Tallinn,Estonia,FALSE
09/09/19,Azerbaijan,Croatia,1,1,UEFA Euro qualification,Baku,Azerbaijan,FALSE
09/09/19,Hungary,Slovakia,1,2,UEFA Euro qualification,Budapest,Hungary,FALSE
09/09/19,Poland,Austria,0,0,UEFA Euro qualification,Warsaw,Poland,FALSE
09/09/19,Slovenia,Israel,3,2,UEFA Euro qualification,Ljubljana,Slovenia,FALSE
09/09/19,Latvia,North Macedonia,0,2,UEFA Euro qualification,Riga,Latvia,FALSE
09/09/19,Scotland,Belgium,0,4,UEFA Euro qualification,Glasgow,Scotland,FALSE
09/09/19,Russia,Kazakhstan,1,0,UEFA Euro qualification,Kaliningrad,Russia,FALSE
09/09/19,San Marino,Cyprus,0,4,UEFA Euro qualification,Serravalle,San Marino,FALSE
09/09/19,Trinidad and Tobago,Martinique,2,2,CONCACAF Nations League,Couva,Trinidad and Tobago,FALSE
09/09/19,Antigua and Barbuda,Aruba,2,1,CONCACAF Nations League,North Sound,Antigua and Barbuda,FALSE
09/09/19,Guyana,Jamaica,0,4,CONCACAF Nations League,Georgetown,Guyana,FALSE
09/09/19,Bahamas,Bonaire,2,1,CONCACAF Nations League,Nassau,Bahamas,FALSE
10/09/19,Argentina,Mexico,4,0,Friendly,San Antonio,United States,TRUE
10/09/19,Brazil,Peru,0,1,Friendly,Los Angeles,United States,TRUE
10/09/19,Colombia,Venezuela,0,0,Friendly,Tampa,United States,TRUE
10/09/19,Ecuador,Bolivia,3,0,Friendly,Cuenca,Ecuador,FALSE
10/09/19,Honduras,Chile,2,1,Friendly,San Pedro Sula,Honduras,FALSE
10/09/19,Ivory Coast,Tunisia,2,1,Friendly,Rouen,France,TRUE
10/09/19,Jordan,Paraguay,2,4,Friendly,Amman,Jordan,FALSE
10/09/19,Morocco,Niger,1,0,Friendly,Marrakech,Morocco,FALSE
10/09/19,Oman,Lebanon,1,0,Friendly,Muscat,Oman,FALSE
10/09/19,Republic of Ireland,Bulgaria,3,1,Friendly,Dublin,Republic of Ireland,FALSE
10/09/19,Ukraine,Nigeria,2,2,Friendly,Dnipro,Ukraine,FALSE
10/09/19,United States,Uruguay,1,1,Friendly,St. Louis,United States,FALSE
10/09/19,England,Kosovo,5,3,UEFA Euro qualification,London,England,FALSE
10/09/19,Montenegro,Czech Republic,0,3,UEFA Euro qualification,Podgorica,Montenegro,FALSE
10/09/19,Luxembourg,Serbia,1,3,UEFA Euro qualification,Luxembourg,Luxembourg,FALSE
10/09/19,Lithuania,Portugal,1,5,UEFA Euro qualification,Vilnius,Lithuania,FALSE
10/09/19,Albania,Iceland,4,2,UEFA Euro qualification,Elbasan,Albania,FALSE
10/09/19,France,Andorra,3,0,UEFA Euro qualification,Paris,France,FALSE
10/09/19,Moldova,Turkey,0,4,UEFA Euro qualification,Chi»ôinƒÉu,Moldova,FALSE
10/09/19,Cuba,Canada,0,1,CONCACAF Nations League,George Town,Cayman Islands,TRUE
10/09/19,Haiti,Cura√ßao,1,1,CONCACAF Nations League,Port-au-Prince,Haiti,FALSE
10/09/19,Montserrat,Saint Lucia,1,1,CONCACAF Nations League,Lookout,Montserrat,FALSE
10/09/19,Dominican Republic,El Salvador,1,0,CONCACAF Nations League,Santiago de los Caballeros,Dominican Republic,FALSE
10/09/19,Puerto Rico,Guatemala,0,5,CONCACAF Nations League,Mayag√ºez,Puerto Rico,FALSE
10/09/19,Turks and Caicos Islands,Guadeloupe,0,3,CONCACAF Nations League,Providenciales,Turks and Caicos Islands,FALSE
10/09/19,Guam,Philippines,1,4,FIFA World Cup qualification,Dededo,Guam,FALSE
10/09/19,Maldives,China PR,0,5,FIFA World Cup qualification,Mal√©,Maldives,FALSE
10/09/19,Kuwait,Australia,0,3,FIFA World Cup qualification,Kuwait City,Kuwait,FALSE
10/09/19,Taiwan,Nepal,0,2,FIFA World Cup qualification,Taipei,Taiwan,FALSE
10/09/19,Cambodia,Bahrain,0,1,FIFA World Cup qualification,Phnom Penh,Cambodia,FALSE
10/09/19,Hong Kong,Iran,0,2,FIFA World Cup qualification,Hong Kong,Hong Kong,FALSE
10/09/19,Yemen,Saudi Arabia,2,2,FIFA World Cup qualification,Riffa,Bahrain,TRUE
10/09/19,Singapore,Palestine,2,1,FIFA World Cup qualification,Singapore,Singapore,FALSE
10/09/19,Afghanistan,Bangladesh,1,0,FIFA World Cup qualification,Dushanbe,Tajikistan,TRUE
10/09/19,Qatar,India,0,0,FIFA World Cup qualification,Doha,Qatar,FALSE
10/09/19,Mongolia,Tajikistan,0,1,FIFA World Cup qualification,Ulaanbaatar,Mongolia,FALSE
10/09/19,Myanmar,Japan,0,2,FIFA World Cup qualification,Yangon,Myanmar,FALSE
10/09/19,Indonesia,Thailand,0,3,FIFA World Cup qualification,Jakarta,Indonesia,FALSE
10/09/19,Malaysia,United Arab Emirates,1,2,FIFA World Cup qualification,Kuala Lumpur,Malaysia,FALSE
10/09/19,Turkmenistan,South Korea,0,2,FIFA World Cup qualification,Ashgabat,Turkmenistan,FALSE
10/09/19,Sri Lanka,North Korea,0,1,FIFA World Cup qualification,Colombo,Sri Lanka,FALSE
10/09/19,Angola,Gambia,2,1,FIFA World Cup qualification,Luanda,Angola,FALSE
10/09/19,Guinea-Bissau,S√£o Tom√© and Pr√≠ncipe,2,1,FIFA World Cup qualification,Bissau,Guinea-Bissau,FALSE
10/09/19,Malawi,Botswana,1,0,FIFA World Cup qualification,Blantyre,Malawi,FALSE
10/09/19,Mozambique,Mauritius,2,0,FIFA World Cup qualification,Maputo,Mozambique,FALSE
10/09/19,Namibia,Eritrea,2,0,FIFA World Cup qualification,Windhoek,Namibia,FALSE
10/09/19,Rwanda,Seychelles,7,0,FIFA World Cup qualification,Kigali,Rwanda,FALSE
10/09/19,Sudan,Chad,0,0,FIFA World Cup qualification,Omdurman,Sudan,FALSE
10/09/19,Eswatini,Djibouti,0,0,FIFA World Cup qualification,Manzini,Eswatini,FALSE
10/09/19,Togo,Comoros,2,0,FIFA World Cup qualification,Lom√©,Togo,FALSE
10/09/19,Zimbabwe,Somalia,3,1,FIFA World Cup qualification,Harare,Zimbabwe,FALSE
18/09/19,DR Congo,Rwanda,2,3,Friendly,Kinshasa,DR Congo,FALSE
29/09/19,Bangladesh,Bhutan,4,1,Friendly,Dhaka,Bangladesh,FALSE
30/09/19,Botswana,Liberia,0,0,Friendly,Gaborone,Botswana,FALSE
02/10/19,Mexico,Trinidad and Tobago,2,0,Friendly,Toluca,Mexico,FALSE
03/10/19,Bangladesh,Bhutan,2,0,Friendly,Dhaka,Bangladesh,FALSE
05/10/19,Jordan,Singapore,0,0,Friendly,Amman,Jordan,FALSE
05/10/19,Malaysia,Sri Lanka,6,0,Friendly,Kuala Lumpur,Malaysia,FALSE
09/10/19,Djibouti,Gambia,1,1,African Cup of Nations qualification,Djibouti,Djibouti,FALSE
09/10/19,Liberia,Chad,1,0,African Cup of Nations qualification,Monrovia,Liberia,FALSE
09/10/19,Mauritius,S√£o Tom√© and Pr√≠ncipe,1,3,African Cup of Nations qualification,Belle Vue Harel,Mauritius,FALSE
09/10/19,South Sudan,Seychelles,2,1,African Cup of Nations qualification,Omdurman,Sudan,TRUE
09/10/19,Bahrain,Azerbaijan,2,3,Friendly,Riffa,Bahrain,FALSE
09/10/19,Germany,Argentina,2,2,Friendly,Dortmund,Germany,FALSE
10/10/19,Belarus,Estonia,0,0,UEFA Euro qualification,Minsk,Belarus,FALSE
10/10/19,Netherlands,Northern Ireland,3,1,UEFA Euro qualification,Rotterdam,Netherlands,FALSE
10/10/19,Croatia,Hungary,3,0,UEFA Euro qualification,Split,Croatia,FALSE
10/10/19,Slovakia,Wales,1,1,UEFA Euro qualification,Trnava,Slovakia,FALSE
10/10/19,Austria,Israel,3,1,UEFA Euro qualification,Vienna,Austria,FALSE
10/10/19,North Macedonia,Slovenia,2,1,UEFA Euro qualification,Skopje,North Macedonia,FALSE
10/10/19,Latvia,Poland,0,3,UEFA Euro qualification,Riga,Latvia,FALSE
10/10/19,Kazakhstan,Cyprus,1,2,UEFA Euro qualification,Nur-Sultan,Kazakhstan,FALSE
10/10/19,Belgium,San Marino,9,0,UEFA Euro qualification,Brussels,Belgium,FALSE
10/10/19,Russia,Scotland,4,0,UEFA Euro qualification,Moscow,Russia,FALSE
10/10/19,Algeria,DR Congo,1,1,Friendly,Blida,Algeria,FALSE
10/10/19,Brazil,Senegal,1,1,Friendly,Kallang,Singapore,TRUE
10/10/19,Cape Verde,Togo,2,1,Friendly,Fos-sur-Mer,Cape Verde,FALSE
10/10/19,Gabon,Burkina Faso,1,0,Friendly,Paris,France,TRUE
10/10/19,Kosovo,Gibraltar,1,0,Friendly,Pristina,Kosovo,FALSE
10/10/19,Niger,Zambia,1,1,Friendly,Niamey,Niger,FALSE
10/10/19,Serbia,Paraguay,1,0,Friendly,Belgrade,Serbia,FALSE
10/10/19,Thailand,Congo,1,1,Friendly,Thanyaburi,Thailand,FALSE
10/10/19,Venezuela,Bolivia,4,1,Friendly,Caracas,Venezuela,FALSE
10/10/19,Trinidad and Tobago,Honduras,0,2,CONCACAF Nations League,Port of Spain,Trinidad and Tobago,FALSE
10/10/19,Haiti,Costa Rica,1,1,CONCACAF Nations League,Port-au-Prince,Haiti,FALSE
10/10/19,Belize,Saint Kitts and Nevis,0,4,CONCACAF Nations League,Belmopan,Belize,FALSE
10/10/19,French Guiana,Grenada,0,0,CONCACAF Nations League,Cayenne,French Guiana,FALSE
10/10/19,British Virgin Islands,Bahamas,0,4,CONCACAF Nations League,Basseterre,Saint Kitts and Nevis,TRUE
10/10/19,Sint Maarten,Turks and Caicos Islands,2,5,CONCACAF Nations League,Willemstad,Cura√ßao,TRUE
10/10/19,Syria,Maldives,2,1,FIFA World Cup qualification,Dubai,United Arab Emirates,TRUE
10/10/19,China PR,Guam,7,0,FIFA World Cup qualification,Guangzhou,China PR,FALSE
10/10/19,Jordan,Kuwait,0,0,FIFA World Cup qualification,Amman,Jordan,FALSE
10/10/19,Australia,Nepal,5,0,FIFA World Cup qualification,Canberra,Australia,FALSE
10/10/19,Iran,Cambodia,14,0,FIFA World Cup qualification,Tehran,Iran,FALSE
10/10/19,Iraq,Hong Kong,2,0,FIFA World Cup qualification,Basra,Iraq,FALSE
10/10/19,Uzbekistan,Yemen,5,0,FIFA World Cup qualification,Tashkent,Uzbekistan,FALSE
10/10/19,Saudi Arabia,Singapore,3,0,FIFA World Cup qualification,Buraidah,Saudi Arabia,FALSE
10/10/19,Bangladesh,Qatar,0,2,FIFA World Cup qualification,Dhaka,Bangladesh,FALSE
10/10/19,Oman,Afghanistan,3,0,FIFA World Cup qualification,Seeb,Oman,FALSE
10/10/19,Japan,Mongolia,6,0,FIFA World Cup qualification,Saitama,Japan,FALSE
10/10/19,Kyrgyzstan,Myanmar,7,0,FIFA World Cup qualification,Bishkek,Kyrgyzstan,FALSE
10/10/19,United Arab Emirates,Indonesia,5,0,FIFA World Cup qualification,Dubai,United Arab Emirates,FALSE
10/10/19,Vietnam,Malaysia,1,0,FIFA World Cup qualification,Hanoi,Vietnam,FALSE
10/10/19,Lebanon,Turkmenistan,2,1,FIFA World Cup qualification,Beirut,Lebanon,FALSE
10/10/19,South Korea,Sri Lanka,8,0,FIFA World Cup qualification,Hwaseong,South Korea,FALSE
11/10/19,Czech Republic,England,2,1,UEFA Euro qualification,Prague,Czech Republic,FALSE
11/10/19,Montenegro,Bulgaria,0,0,UEFA Euro qualification,Podgorica,Montenegro,FALSE
11/10/19,Portugal,Luxembourg,3,0,UEFA Euro qualification,Lisbon,Portugal,FALSE
11/10/19,Ukraine,Lithuania,2,0,UEFA Euro qualification,Kharkiv,Ukraine,FALSE
11/10/19,Iceland,France,0,1,UEFA Euro qualification,Reykjav√≠k,Iceland,FALSE
11/10/19,Andorra,Moldova,1,0,UEFA Euro qualification,Andorra la Vella,Andorra,FALSE
11/10/19,Turkey,Albania,1,0,UEFA Euro qualification,Istanbul,Turkey,FALSE
11/10/19,Morocco,Libya,1,1,Friendly,Morocco,Morocco,FALSE
11/10/19,Uruguay,Peru,1,0,Friendly,Montevideo,Uruguay,FALSE
11/10/19,United States,Cuba,7,0,CONCACAF Nations League,"Washington, D.C.",United States,FALSE
11/10/19,Bermuda,Mexico,1,5,CONCACAF Nations League,Hamilton,Bermuda,FALSE
11/10/19,Antigua and Barbuda,Guyana,2,1,CONCACAF Nations League,North Sound,Antigua and Barbuda,FALSE
11/10/19,Saint Vincent and the Grenadines,Suriname,2,2,CONCACAF Nations League,Arnos Vale,Saint Vincent and the Grenadines,FALSE
11/10/19,Nicaragua,Dominica,3,1,CONCACAF Nations League,Managua,Nicaragua,FALSE
12/10/19,Georgia,Republic of Ireland,0,0,UEFA Euro qualification,Tbilisi,Georgia,FALSE
12/10/19,Denmark,Switzerland,1,0,UEFA Euro qualification,Copenhagen,Denmark,FALSE
12/10/19,Faroe Islands,Romania,0,3,UEFA Euro qualification,T√≥rshavn,Faroe Islands,FALSE
12/10/19,Malta,Sweden,0,4,UEFA Euro qualification,Attard,Malta,FALSE
12/10/19,Norway,Spain,1,1,UEFA Euro qualification,Oslo,Norway,FALSE
12/10/19,Bosnia and Herzegovina,Finland,4,1,UEFA Euro qualification,Zenica,Bosnia and Herzegovina,FALSE
12/10/19,Italy,Greece,2,0,UEFA Euro qualification,Rome,Italy,FALSE
12/10/19,Liechtenstein,Armenia,1,1,UEFA Euro qualification,Vaduz,Liechtenstein,FALSE
12/10/19,Colombia,Chile,0,0,Friendly,Alicante,Spain,TRUE
12/10/19,Guinea,Comoros,0,1,Friendly,Guinea,Guinea,FALSE
12/10/19,Ivory Coast,DR Congo,3,1,Friendly,Ivory Coast,Ivory Coast,FALSE
12/10/19,Tunisia,Cameroon,0,0,Friendly,Rad√®s,Tunisia,FALSE
12/10/19,Dominican Republic,Saint Lucia,3,0,CONCACAF Nations League,Santo Domingo,Dominican Republic,FALSE
12/10/19,Montserrat,El Salvador,0,2,CONCACAF Nations League,Lookout,Montserrat,FALSE
12/10/19,Jamaica,Aruba,2,0,CONCACAF Nations League,Kingston,Jamaica,FALSE
12/10/19,Barbados,United States Virgin Islands,1,0,CONCACAF Nations League,Bridgetown,Barbados,FALSE
12/10/19,Saint Martin,Cayman Islands,3,0,CONCACAF Nations League,The Valley,Anguilla,TRUE
12/10/19,Anguilla,Guatemala,0,5,CONCACAF Nations League,The Valley,Anguilla,FALSE
13/10/19,Belarus,Netherlands,1,2,UEFA Euro qualification,Minsk,Belarus,FALSE
13/10/19,Estonia,Germany,0,3,UEFA Euro qualification,Tallinn,Estonia,FALSE
13/10/19,Hungary,Azerbaijan,1,0,UEFA Euro qualification,Budapest,Hungary,FALSE
13/10/19,Wales,Croatia,1,1,UEFA Euro qualification,Cardiff,Wales,FALSE
13/10/19,Poland,North Macedonia,2,0,UEFA Euro qualification,Warsaw,Poland,FALSE
13/10/19,Slovenia,Austria,0,1,UEFA Euro qualification,Ljubljana,Slovenia,FALSE
13/10/19,Scotland,San Marino,6,0,UEFA Euro qualification,Glasgow,Scotland,FALSE
13/10/19,Cyprus,Russia,0,5,UEFA Euro qualification,Nicosia,Cyprus,FALSE
13/10/19,Kazakhstan,Belgium,0,2,UEFA Euro qualification,Nur-Sultan,Kazakhstan,FALSE
13/10/19,Gambia,Djibouti,1,1,African Cup of Nations qualification,Bakau,Gambia,FALSE
13/10/19,Chad,Liberia,1,0,African Cup of Nations qualification,N'Djamena,Chad,FALSE
13/10/19,S√£o Tom√© and Pr√≠ncipe,Mauritius,2,1,African Cup of Nations qualification,S√£o Tom√©,S√£o Tom√© and Pr√≠ncipe,FALSE
13/10/19,Seychelles,South Sudan,0,1,African Cup of Nations qualification,Victoria,Seychelles,FALSE
13/10/19,Benin,Zambia,2,2,Friendly,Benin,Benin,FALSE
13/10/19,Brazil,Nigeria,1,1,Friendly,Kallang,Singapore,TRUE
13/10/19,Ecuador,Argentina,1,6,Friendly,Elche,Spain,TRUE
13/10/19,Equatorial Guinea,Togo,1,1,Friendly,Equatorial Guinea,Equatorial Guinea,FALSE
13/10/19,Ethiopia,Uganda,0,1,Friendly,Ethiopia,Ethiopia,FALSE
13/10/19,Kenya,Mozambique,0,1,Friendly,Kenya,Kenya,FALSE
13/10/19,Lesotho,Malawi,1,1,Friendly,Lesotho,Lesotho,FALSE
13/10/19,Niger,Central African Republic,0,2,Friendly,Niger,Niger,FALSE
13/10/19,Slovakia,Paraguay,1,1,Friendly,Bratislava,Slovakia,FALSE
13/10/19,South Africa,Mali,2,1,Friendly,Port Elizabeth,South Africa,FALSE
13/10/19,Honduras,Martinique,1,0,CONCACAF Nations League,San Pedro Sula,Honduras,FALSE
13/10/19,Costa Rica,Cura√ßao,0,0,CONCACAF Nations League,San Jos√©,Costa Rica,FALSE
13/10/19,Saint Kitts and Nevis,Belize,0,1,CONCACAF Nations League,Saint Kitts and Nevis,Saint Kitts and Nevis,FALSE
13/10/19,Grenada,French Guiana,1,0,CONCACAF Nations League,Grenada,Grenada,FALSE
13/10/19,British Virgin Islands,Bonaire,3,4,CONCACAF Nations League,Basseterre,Saint Kitts and Nevis,TRUE
14/10/19,Kosovo,Montenegro,2,0,UEFA Euro qualification,Pristina,Kosovo,FALSE
14/10/19,Bulgaria,England,0,6,UEFA Euro qualification,Sofia,Bulgaria,FALSE
14/10/19,Lithuania,Serbia,1,2,UEFA Euro qualification,Vilnius,Lithuania,FALSE
14/10/19,Ukraine,Portugal,2,1,UEFA Euro qualification,Kyiv,Ukraine,FALSE
14/10/19,Iceland,Andorra,2,0,UEFA Euro qualification,Reykjav√≠k,Iceland,FALSE
14/10/19,France,Turkey,1,1,UEFA Euro qualification,Paris,France,FALSE
14/10/19,Moldova,Albania,0,4,UEFA Euro qualification,Chi»ôinƒÉu,Moldova,FALSE
14/10/19,Czech Republic,Northern Ireland,2,3,Friendly,Prague,Czech Republic,FALSE
14/10/19,Egypt,Botswana,1,0,Friendly,Cairo,Egypt,FALSE
14/10/19,Rwanda,Tanzania,0,0,Friendly,Rwanda,Rwanda,FALSE
14/10/19,Venezuela,Trinidad and Tobago,2,0,Friendly,Caracas,Venezuela,FALSE
14/10/19,Guyana,Antigua and Barbuda,5,1,CONCACAF Nations League,Leonora,Guyana,FALSE
14/10/19,Dominica,Nicaragua,0,4,CONCACAF Nations League,Roseau,Dominica,FALSE
14/10/19,Suriname,Saint Vincent and the Grenadines,0,1,CONCACAF Nations League,Paramaribo,Suriname,FALSE
14/10/19,Sint Maarten,Guadeloupe,1,2,CONCACAF Nations League,Willemstad,Cura√ßao,TRUE
15/10/19,Gibraltar,Georgia,2,3,UEFA Euro qualification,Gibraltar,Gibraltar,FALSE
15/10/19,Switzerland,Republic of Ireland,2,0,UEFA Euro qualification,Geneva,Switzerland,FALSE
15/10/19,Faroe Islands,Malta,1,0,UEFA Euro qualification,T√≥rshavn,Faroe Islands,FALSE
15/10/19,Sweden,Spain,1,1,UEFA Euro qualification,Stockholm,Sweden,FALSE
15/10/19,Romania,Norway,1,1,UEFA Euro qualification,Bucharest,Romania,FALSE
15/10/19,Israel,Latvia,3,1,UEFA Euro qualification,Beer Sheva,Israel,FALSE
15/10/19,Finland,Armenia,3,0,UEFA Euro qualification,Turku,Finland,FALSE
15/10/19,Liechtenstein,Italy,0,5,UEFA Euro qualification,Vaduz,Liechtenstein,FALSE
15/10/19,Greece,Bosnia and Herzegovina,2,1,UEFA Euro qualification,Athens,Greece,FALSE
15/10/19,Algeria,Colombia,3,0,Friendly,Villeneuve D'Ascq,Algeria,FALSE
15/10/19,Bermuda,Guatemala,0,0,Friendly,Hamilton,Bermuda,FALSE
15/10/19,Bolivia,Haiti,3,1,Friendly,Santa Cruz,Bolivia,FALSE
15/10/19,Chile,Guinea,3,2,Friendly,Alicante,Spain,TRUE
15/10/19,Denmark,Luxembourg,4,0,Friendly,Aalborg,Denmark,FALSE
15/10/19,Kuwait,Turkmenistan,1,1,Friendly,Kuwait City,Kuwait,FALSE
15/10/19,Mauritania,Libya,0,0,Friendly,Nouakchott,Mauritania,FALSE
15/10/19,Morocco,Gabon,2,3,Friendly,Morocco,Morocco,FALSE
15/10/19,Peru,Uruguay,1,1,Friendly,Lima,Peru,FALSE
15/10/19,Canada,United States,2,0,CONCACAF Nations League,Toronto,Canada,FALSE
15/10/19,Mexico,Panama,3,1,CONCACAF Nations League,Mexico City,Mexico,FALSE
15/10/19,Dominican Republic,Montserrat,0,0,CONCACAF Nations League,Santo Domingo,Dominican Republic,FALSE
15/10/19,Saint Lucia,El Salvador,0,2,CONCACAF Nations League,Gros Islet,Saint Lucia,FALSE
15/10/19,Aruba,Jamaica,0,6,CONCACAF Nations League,Willemstad,Cura√ßao,TRUE
15/10/19,Cayman Islands,Saint Martin,1,0,CONCACAF Nations League,George Town,Cayman Islands,FALSE
15/10/19,United States Virgin Islands,Barbados,0,4,CONCACAF Nations League,Saint Croix,United States Virgin Islands,FALSE
15/10/19,Anguilla,Puerto Rico,2,3,CONCACAF Nations League,The Valley,Anguilla,FALSE
15/10/19,Syria,Guam,4,0,FIFA World Cup qualification,Dubai,United Arab Emirates,TRUE
15/10/19,Philippines,China PR,0,0,FIFA World Cup qualification,Bacolod,Philippines,FALSE
15/10/19,Jordan,Nepal,3,0,FIFA World Cup qualification,Amman,Jordan,FALSE
15/10/19,Taiwan,Australia,1,7,FIFA World Cup qualification,Kaohsiung,Taiwan,FALSE
15/10/19,Cambodia,Iraq,0,4,FIFA World Cup qualification,Phnom Penh,Cambodia,FALSE
15/10/19,Bahrain,Iran,1,0,FIFA World Cup qualification,Riffa,Bahrain,FALSE
15/10/19,Palestine,Saudi Arabia,0,0,FIFA World Cup qualification,Al-Ram,Palestine,FALSE
15/10/19,Singapore,Uzbekistan,1,3,FIFA World Cup qualification,Kallang,Singapore,FALSE
15/10/19,India,Bangladesh,1,1,FIFA World Cup qualification,Kolkota,India,FALSE
15/10/19,Qatar,Oman,2,1,FIFA World Cup qualification,Al Wakrah,Qatar,FALSE
15/10/19,Mongolia,Kyrgyzstan,1,2,FIFA World Cup qualification,Ulaanbaatar,Mongolia,FALSE
15/10/19,Tajikistan,Japan,0,3,FIFA World Cup qualification,Dushanbe,Tajikistan,FALSE
15/10/19,Thailand,United Arab Emirates,2,1,FIFA World Cup qualification,Pathum Thani,Thailand,FALSE
15/10/19,Indonesia,Vietnam,1,3,FIFA World Cup qualification,Gianyar,Indonesia,FALSE
15/10/19,North Korea,South Korea,0,0,FIFA World Cup qualification,Pyongyang,North Korea,FALSE
15/10/19,Sri Lanka,Lebanon,0,3,FIFA World Cup qualification,Colombo,Sri Lanka,FALSE
07/11/19,Egypt,Liberia,1,0,Friendly,Alexandria,Egypt,FALSE
07/11/19,Nicaragua,Cuba,0,0,Friendly,Managua,Nicaragua,FALSE
09/11/19,Malaysia,Tajikistan,1,0,Friendly,Kuala Lumpur,Malaysia,FALSE
09/11/19,Namibia,Zambia,0,2,Friendly,Windhoek,Namibia,FALSE
09/11/19,Uzbekistan,Kyrgyzstan,3,1,Friendly,Tashkent,Uzbekistan,FALSE
10/11/19,Nicaragua,Cuba,0,1,Friendly,Managua,Nicaragua,FALSE
10/11/19,Trinidad and Tobago,Anguilla,15,0,Friendly,Couva,Trinidad and Tobago,FALSE
13/11/19,Namibia,Chad,2,1,African Cup of Nations qualification,Windhoek,Namibia,FALSE
13/11/19,Malawi,South Sudan,1,0,African Cup of Nations qualification,Blantyre,Malawi,FALSE
13/11/19,Burkina Faso,Uganda,0,0,African Cup of Nations qualification,Ouagadougou,Burkina Faso,FALSE
13/11/19,Sudan,S√£o Tom√© and Pr√≠ncipe,4,0,African Cup of Nations qualification,Omdurman,Sudan,FALSE
13/11/19,Angola,Gambia,1,3,African Cup of Nations qualification,Luanda,Angola,FALSE
13/11/19,Central African Republic,Burundi,2,0,African Cup of Nations qualification,Bangui,Central African Republic,FALSE
13/11/19,Cameroon,Cape Verde,0,0,African Cup of Nations qualification,Yaound√©,Cameroon,FALSE
13/11/19,Guinea-Bissau,Eswatini,3,0,African Cup of Nations qualification,Bissau,Guinea-Bissau,FALSE
13/11/19,Senegal,Congo,2,0,African Cup of Nations qualification,Thi√®s,Senegal,FALSE
13/11/19,Nigeria,Benin,2,1,African Cup of Nations qualification,Uyo,Nigeria,FALSE
13/11/19,Sierra Leone,Lesotho,1,1,African Cup of Nations qualification,Freetown,Sierra Leone,FALSE
14/11/19,Mali,Guinea,2,2,African Cup of Nations qualification,Bamako,Mali,FALSE
14/11/19,Ghana,South Africa,2,0,African Cup of Nations qualification,Cape Coast,Ghana,FALSE
14/11/19,DR Congo,Gabon,0,0,African Cup of Nations qualification,Kinshasa,DR Congo,FALSE
14/11/19,Mozambique,Rwanda,2,0,African Cup of Nations qualification,Maputo,Mozambique,FALSE
14/11/19,Egypt,Kenya,1,1,African Cup of Nations qualification,Alexandria,Egypt,FALSE
14/11/19,Togo,Comoros,0,1,African Cup of Nations qualification,Lom√©,Togo,FALSE
14/11/19,Algeria,Zambia,5,0,African Cup of Nations qualification,Blida,Algeria,FALSE
14/11/19,England,Montenegro,7,0,UEFA Euro qualification,London,England,FALSE
14/11/19,Czech Republic,Kosovo,2,1,UEFA Euro qualification,Plze≈à,Czech Republic,FALSE
14/11/19,Portugal,Lithuania,6,0,UEFA Euro qualification,Faro-Loul√©,Portugal,FALSE
14/11/19,Serbia,Luxembourg,3,2,UEFA Euro qualification,Belgrade,Serbia,FALSE
14/11/19,Turkey,Iceland,0,0,UEFA Euro qualification,Istanbul,Turkey,FALSE
14/11/19,Albania,Andorra,2,2,UEFA Euro qualification,Elbasan,Albania,FALSE
14/11/19,France,Moldova,2,1,UEFA Euro qualification,Paris,France,FALSE
14/11/19,Martinique,Honduras,1,1,CONCACAF Nations League,Fort-de-France,Martinique,FALSE
14/11/19,Cura√ßao,Costa Rica,1,2,CONCACAF Nations League,Willemstad,Cura√ßao,FALSE
14/11/19,Saint Kitts and Nevis,Grenada,0,0,CONCACAF Nations League,Basseterre,Saint Kitts and Nevis,FALSE
14/11/19,Belize,French Guiana,2,0,CONCACAF Nations League,Belmopan,Belize,FALSE
14/11/19,Bahamas,British Virgin Islands,3,0,CONCACAF Nations League,Nassau,Bahamas,FALSE
14/11/19,Turks and Caicos Islands,Sint Maarten,3,2,CONCACAF Nations League,Providenciales,Turks and Caicos Islands,FALSE
14/11/19,Bulgaria,Paraguay,0,1,Friendly,Sofia,Bulgaria,FALSE
14/11/19,Cambodia,Mongolia,1,1,Friendly,Phnom Penh,Cambodia,FALSE
14/11/19,Ecuador,Trinidad and Tobago,3,0,Friendly,Portoviejo,Ecuador,FALSE
14/11/19,Qatar,Singapore,2,0,Friendly,Doha,Qatar,FALSE
14/11/19,Republic of Ireland,New Zealand,3,1,Friendly,Dublin,Republic of Ireland,FALSE
14/11/19,Ukraine,Estonia,1,0,Friendly,Zaporizhia,Ukraine,FALSE
14/11/19,Maldives,Philippines,1,2,FIFA World Cup qualification,Mal√©,Maldives,FALSE
14/11/19,Syria,China PR,2,1,FIFA World Cup qualification,Dubai,United Arab Emirates,TRUE
14/11/19,Jordan,Australia,0,1,FIFA World Cup qualification,Amman,Jordan,FALSE
14/11/19,Kuwait,Taiwan,9,0,FIFA World Cup qualification,Kuwait City,Kuwait,FALSE
14/11/19,Iraq,Iran,2,1,FIFA World Cup qualification,Amman,Jordan,TRUE
14/11/19,Hong Kong,Bahrain,0,0,FIFA World Cup qualification,Hong Kong,Hong Kong,FALSE
14/11/19,Uzbekistan,Saudi Arabia,2,3,FIFA World Cup qualification,Tashkent,Uzbekistan,FALSE
14/11/19,Yemen,Palestine,1,0,FIFA World Cup qualification,Muharraq,Bahrain,TRUE
14/11/19,Afghanistan,India,1,1,FIFA World Cup qualification,Dushanbe,Tajikistan,TRUE
14/11/19,Oman,Bangladesh,4,1,FIFA World Cup qualification,Muscat,Oman,FALSE
14/11/19,Myanmar,Tajikistan,4,3,FIFA World Cup qualification,Mandalay,Myanmar,FALSE
14/11/19,Kyrgyzstan,Japan,0,2,FIFA World Cup qualification,Bishkek,Kyrgyzstan,FALSE
14/11/19,Vietnam,United Arab Emirates,1,0,FIFA World Cup qualification,Hanoi,Vietnam,FALSE
14/11/19,Malaysia,Thailand,2,1,FIFA World Cup qualification,Kuala Lumpur,Malaysia,FALSE
14/11/19,Lebanon,South Korea,0,0,FIFA World Cup qualification,Beirut,Lebanon,FALSE
14/11/19,Turkmenistan,North Korea,3,1,FIFA World Cup qualification,Ashgabat,Turkmenistan,FALSE
15/11/19,Morocco,Mauritania,0,0,African Cup of Nations qualification,Rabat,Morocco,FALSE
15/11/19,Zimbabwe,Botswana,0,0,African Cup of Nations qualification,Harare,Zimbabwe,FALSE
15/11/19,Tanzania,Equatorial Guinea,2,1,African Cup of Nations qualification,Dar es Salaam,Tanzania,FALSE
15/11/19,Tunisia,Libya,4,1,African Cup of Nations qualification,Rad√®s,Tunisia,FALSE
15/11/19,Denmark,Gibraltar,6,0,UEFA Euro qualification,Copenhagen,Denmark,FALSE
15/11/19,Switzerland,Georgia,1,0,UEFA Euro qualification,St. Gallen,Switzerland,FALSE
15/11/19,Norway,Faroe Islands,4,0,UEFA Euro qualification,Oslo,Norway,FALSE
15/11/19,Spain,Malta,7,0,UEFA Euro qualification,C√°diz,Spain,FALSE
15/11/19,Romania,Sweden,0,2,UEFA Euro qualification,Bucharest,Romania,FALSE
15/11/19,Finland,Liechtenstein,3,0,UEFA Euro qualification,Helsinki,Finland,FALSE
15/11/19,Brazil,Argentina,0,1,Supercl√°sico de las Am√©ricas,Riyadh,Saudi Arabia,TRUE
15/11/19,Bosnia and Herzegovina,Italy,0,3,UEFA Euro qualification,Zenica,Bosnia and Herzegovina,FALSE
15/11/19,Armenia,Greece,0,1,UEFA Euro qualification,Yerevan,Armenia,FALSE
15/11/19,United States,Canada,4,1,CONCACAF Nations League,Orlando,United States,FALSE
15/11/19,Panama,Mexico,0,3,CONCACAF Nations League,Panama City,Panama,FALSE
15/11/19,Antigua and Barbuda,Jamaica,0,2,CONCACAF Nations League,North Sound,Antigua and Barbuda,FALSE
15/11/19,Guyana,Aruba,4,2,CONCACAF Nations League,Leonora,Guyana,FALSE
15/11/19,Saint Vincent and the Grenadines,Nicaragua,1,0,CONCACAF Nations League,Arnos Vale,Saint Vincent and the Grenadines,FALSE
15/11/19,Suriname,Dominica,4,0,CONCACAF Nations League,Paramaribo,Suriname,FALSE
15/11/19,Colombia,Peru,1,0,Friendly,Miami Gardens,United States,TRUE
15/11/19,Hungary,Uruguay,1,2,Friendly,Budapest,Hungary,FALSE
16/11/19,Ivory Coast,Niger,1,0,African Cup of Nations qualification,Abidjan,Ivory Coast,FALSE
16/11/19,Madagascar,Ethiopia,1,0,African Cup of Nations qualification,Antananarivo,Madagascar,FALSE
16/11/19,Northern Ireland,Netherlands,0,0,UEFA Euro qualification,Belfast,Northern Ireland,FALSE
16/11/19,Germany,Belarus,4,0,UEFA Euro qualification,M√∂nchengladbach,Germany,FALSE
16/11/19,Croatia,Slovakia,3,1,UEFA Euro qualification,Rijeka,Croatia,FALSE
16/11/19,Azerbaijan,Wales,0,2,UEFA Euro qualification,Baku,Azerbaijan,FALSE
16/11/19,Slovenia,Latvia,1,0,UEFA Euro qualification,Ljubljana,Slovenia,FALSE
16/11/19,Austria,North Macedonia,2,1,UEFA Euro qualification,Vienna,Austria,FALSE
16/11/19,Israel,Poland,1,2,UEFA Euro qualification,Jerusalem,Israel,FALSE
16/11/19,Cyprus,Scotland,1,2,UEFA Euro qualification,Nicosia,Cyprus,FALSE
16/11/19,San Marino,Kazakhstan,1,3,UEFA Euro qualification,Serravalle,San Marino,FALSE
16/11/19,Russia,Belgium,1,4,UEFA Euro qualification,Saint Petersburg,Russia,FALSE
16/11/19,Saint Lucia,Dominican Republic,1,0,CONCACAF Nations League,Gros Islet,Saint Lucia,FALSE
16/11/19,El Salvador,Montserrat,1,0,CONCACAF Nations League,San Salvador,El Salvador,FALSE
16/11/19,Saint Martin,Barbados,1,0,CONCACAF Nations League,The Valley,Anguilla,TRUE
16/11/19,Cayman Islands,United States Virgin Islands,1,0,CONCACAF Nations League,George Town,Cayman Islands,FALSE
16/11/19,Guatemala,Puerto Rico,5,0,CONCACAF Nations League,Guatemala City,Guatemala,FALSE
17/11/19,Chad,Mali,0,2,African Cup of Nations qualification,N'Djamena,Chad,FALSE
17/11/19,Guinea,Namibia,2,0,African Cup of Nations qualification,Conakry,Guinea,FALSE
17/11/19,South Sudan,Burkina Faso,1,2,African Cup of Nations qualification,Khartoum,Sudan,TRUE
17/11/19,Uganda,Malawi,2,0,African Cup of Nations qualification,Kira,Uganda,FALSE
17/11/19,South Africa,Sudan,1,0,African Cup of Nations qualification,Johannesburg,South Africa,FALSE
17/11/19,Gabon,Angola,2,1,African Cup of Nations qualification,Franceville,Gabon,FALSE
17/11/19,Rwanda,Cameroon,0,1,African Cup of Nations qualification,Kigali,Rwanda,FALSE
17/11/19,Congo,Guinea-Bissau,3,0,African Cup of Nations qualification,Brazzaville,Congo,FALSE
17/11/19,Eswatini,Senegal,1,4,African Cup of Nations qualification,Manzini,Eswatini,FALSE
17/11/19,Benin,Sierra Leone,1,0,African Cup of Nations qualification,Porto-Novo,Benin,FALSE
17/11/19,Lesotho,Nigeria,2,4,African Cup of Nations qualification,Maseru,Lesotho,FALSE
17/11/19,Kosovo,England,0,4,UEFA Euro qualification,Pristina,Kosovo,FALSE
17/11/19,Bulgaria,Czech Republic,1,0,UEFA Euro qualification,Sofia,Bulgaria,FALSE
17/11/19,Luxembourg,Portugal,0,2,UEFA Euro qualification,Luxembourg,Luxembourg,FALSE
17/11/19,Serbia,Ukraine,2,2,UEFA Euro qualification,Belgrade,Serbia,FALSE
17/11/19,Albania,France,0,2,UEFA Euro qualification,Tirana,Albania,FALSE
17/11/19,Andorra,Turkey,0,2,UEFA Euro qualification,Andorra la Vella,Andorra,FALSE
17/11/19,Moldova,Iceland,1,2,UEFA Euro qualification,Chi»ôinƒÉu,Moldova,FALSE
17/11/19,Honduras,Trinidad and Tobago,4,0,CONCACAF Nations League,San Pedro Sula,Honduras,FALSE
17/11/19,Costa Rica,Haiti,1,1,CONCACAF Nations League,San Jos√©,Costa Rica,FALSE
17/11/19,Grenada,Belize,3,2,CONCACAF Nations League,St. George's,Grenada,FALSE
17/11/19,French Guiana,Saint Kitts and Nevis,3,1,CONCACAF Nations League,Cayenne,French Guiana,FALSE
17/11/19,Bonaire,Bahamas,1,1,CONCACAF Nations League,Willemstad,Cura√ßao,TRUE
17/11/19,Guadeloupe,Turks and Caicos Islands,10,0,CONCACAF Nations League,Les Abymes,Guadeloupe,FALSE
17/11/19,Lithuania,New Zealand,1,0,Friendly,Vilnius,Lithuania,FALSE
18/11/19,S√£o Tom√© and Pr√≠ncipe,Ghana,0,1,African Cup of Nations qualification,S√£o Tom√©,S√£o Tom√© and Pr√≠ncipe,FALSE
18/11/19,Gambia,DR Congo,2,2,African Cup of Nations qualification,Bakau,Gambia,FALSE
18/11/19,Cape Verde,Mozambique,2,2,African Cup of Nations qualification,Praia,Cape Verde,FALSE
18/11/19,Comoros,Egypt,0,0,African Cup of Nations qualification,Moroni,Comoros,FALSE
18/11/19,Kenya,Togo,1,1,African Cup of Nations qualification,Kasarani,Kenya,FALSE
18/11/19,Botswana,Algeria,0,1,African Cup of Nations qualification,Gaborone,Botswana,FALSE
18/11/19,Niger,Madagascar,2,6,African Cup of Nations qualification,Niamey,Niger,FALSE
18/11/19,Republic of Ireland,Denmark,1,1,UEFA Euro qualification,Dublin,Republic of Ireland,FALSE
18/11/19,Gibraltar,Switzerland,1,6,UEFA Euro qualification,Gibraltar,Gibraltar,FALSE
18/11/19,Malta,Norway,1,2,UEFA Euro qualification,Attard,Malta,FALSE
18/11/19,Spain,Romania,5,0,UEFA Euro qualification,Madrid,Spain,FALSE
18/11/19,Sweden,Faroe Islands,3,0,UEFA Euro qualification,Stockholm,Sweden,FALSE
18/11/19,Italy,Armenia,9,1,UEFA Euro qualification,Palermo,Italy,FALSE
18/11/19,Liechtenstein,Bosnia and Herzegovina,0,3,UEFA Euro qualification,Vaduz,Liechtenstein,FALSE
18/11/19,Greece,Finland,2,1,UEFA Euro qualification,Athens,Greece,FALSE
18/11/19,Jamaica,Guyana,1,1,CONCACAF Nations League,Montego Bay,Jamaica,FALSE
18/11/19,Aruba,Antigua and Barbuda,2,3,CONCACAF Nations League,Willemstad,Cura√ßao,TRUE
18/11/19,Nicaragua,Suriname,1,2,CONCACAF Nations League,Managua,Nicaragua,FALSE
18/11/19,Dominica,Saint Vincent and the Grenadines,1,0,CONCACAF Nations League,Roseau,Dominica,FALSE
18/11/19,Argentina,Uruguay,2,2,Friendly,Tel Aviv,Israel,TRUE
19/11/19,Burundi,Morocco,0,3,African Cup of Nations qualification,Bujumbura,Burundi,FALSE
19/11/19,Mauritania,Central African Republic,2,0,African Cup of Nations qualification,Nouakchott,Mauritania,FALSE
19/11/19,Zambia,Zimbabwe,1,2,African Cup of Nations qualification,Lusaka,Zambia,FALSE
19/11/19,Equatorial Guinea,Tunisia,0,1,African Cup of Nations qualification,Malabo,Equatorial Guinea,FALSE
19/11/19,Libya,Tanzania,2,1,African Cup of Nations qualification,Monastir,Tunisia,TRUE
19/11/19,Ethiopia,Ivory Coast,2,1,African Cup of Nations qualification,Ethiopia,Ethiopia,FALSE
19/11/19,Germany,Northern Ireland,6,1,UEFA Euro qualification,Frankfurt,Germany,FALSE
19/11/19,Netherlands,Estonia,5,0,UEFA Euro qualification,Amsterdam,Netherlands,FALSE
19/11/19,Wales,Hungary,2,0,UEFA Euro qualification,Cardiff,Wales,FALSE
19/11/19,Slovakia,Azerbaijan,2,0,UEFA Euro qualification,Trnava,Slovakia,FALSE
19/11/19,North Macedonia,Israel,1,0,UEFA Euro qualification,Skopje,North Macedonia,FALSE
19/11/19,Japan,Venezuela,1,4,Kirin Challenge Cup,Suita,Japan,FALSE
19/11/19,Poland,Slovenia,3,2,UEFA Euro qualification,Warsaw,Poland,FALSE
19/11/19,Latvia,Austria,1,0,UEFA Euro qualification,Riga,Latvia,FALSE
19/11/19,Scotland,Kazakhstan,3,1,UEFA Euro qualification,Glasgow,Scotland,FALSE
19/11/19,Belgium,Cyprus,6,1,UEFA Euro qualification,Brussels,Belgium,FALSE
19/11/19,San Marino,Russia,0,5,UEFA Euro qualification,Serravalle,San Marino,FALSE
19/11/19,Cuba,United States,0,4,CONCACAF Nations League,George Town,Cayman Islands,TRUE
19/11/19,Mexico,Bermuda,2,1,CONCACAF Nations League,Mexico City,Mexico,FALSE
19/11/19,El Salvador,Dominican Republic,2,0,CONCACAF Nations League,San Salvador,El Salvador,FALSE
19/11/19,Saint Lucia,Montserrat,0,1,CONCACAF Nations League,Gros Islet,Saint Lucia,FALSE
19/11/19,Barbados,Cayman Islands,3,0,CONCACAF Nations League,Bridgetown,Barbados,FALSE
19/11/19,United States Virgin Islands,Saint Martin,1,2,CONCACAF Nations League,Upper Bethlehem,United States Virgin Islands,FALSE
19/11/19,Puerto Rico,Anguilla,3,0,CONCACAF Nations League,Bayam√≥n,Puerto Rico,FALSE
19/11/19,Brazil,South Korea,3,0,Friendly,Abu Dhabi,United Arab Emirates,TRUE
19/11/19,Croatia,Georgia,2,1,Friendly,Pula,Croatia,FALSE
19/11/19,Ecuador,Colombia,0,1,Friendly,Harrison,United States,TRUE
19/11/19,Montenegro,Belarus,2,0,Friendly,Podgorica,Montenegro,FALSE
19/11/19,Saudi Arabia,Paraguay,0,0,Friendly,Riyadh,Saudi Arabia,FALSE
19/11/19,Maldives,Guam,3,1,FIFA World Cup qualification,Mal√©,Maldives,FALSE
19/11/19,Syria,Philippines,1,0,FIFA World Cup qualification,Dubai,United Arab Emirates,TRUE
19/11/19,Nepal,Kuwait,0,1,FIFA World Cup qualification,Thimphu,Bhutan,TRUE
19/11/19,Jordan,Taiwan,5,0,FIFA World Cup qualification,Amman,Jordan,FALSE
19/11/19,Iraq,Bahrain,0,0,FIFA World Cup qualification,Amman,Jordan,TRUE
19/11/19,Hong Kong,Cambodia,2,0,FIFA World Cup qualification,Hong Kong,Hong Kong,FALSE
19/11/19,Uzbekistan,Palestine,2,0,FIFA World Cup qualification,Tashkent,Uzbekistan,FALSE
19/11/19,Yemen,Singapore,1,2,FIFA World Cup qualification,Muharraq,Bahrain,TRUE
19/11/19,Afghanistan,Qatar,0,1,FIFA World Cup qualification,Dushanbe,Tajikistan,TRUE
19/11/19,Oman,India,1,0,FIFA World Cup qualification,Muscat,Oman,FALSE
19/11/19,Myanmar,Mongolia,1,0,FIFA World Cup qualification,Mandalay,Myanmar,FALSE
19/11/19,Kyrgyzstan,Tajikistan,1,1,FIFA World Cup qualification,Bishkek,Kyrgyzstan,FALSE
19/11/19,Vietnam,Thailand,0,0,FIFA World Cup qualification,Hanoi,Vietnam,FALSE
19/11/19,Malaysia,Indonesia,2,0,FIFA World Cup qualification,Kuala Lumpur,Malaysia,FALSE
19/11/19,Turkmenistan,Sri Lanka,2,0,FIFA World Cup qualification,Ashgabat,Turkmenistan,FALSE
19/11/19,Lebanon,North Korea,0,0,FIFA World Cup qualification,Beirut,Lebanon,FALSE
21/11/19,Guatemala,Antigua and Barbuda,8,0,Friendly,Guatemala City,Guatemala,FALSE
26/11/19,Qatar,Iraq,1,2,Gulf Cup,Doha,Qatar,FALSE
26/11/19,United Arab Emirates,Yemen,3,0,Gulf Cup,Doha,Qatar,TRUE
27/11/19,Oman,Bahrain,0,0,Gulf Cup,Doha,Qatar,TRUE
27/11/19,Saudi Arabia,Kuwait,1,3,Gulf Cup,Doha,Qatar,TRUE
29/11/19,United Arab Emirates,Iraq,0,2,Gulf Cup,Doha,Qatar,TRUE
29/11/19,Qatar,Yemen,6,0,Gulf Cup,Doha,Qatar,FALSE
30/11/19,Kuwait,Oman,1,2,Gulf Cup,Doha,Qatar,TRUE
30/11/19,Bahrain,Saudi Arabia,0,2,Gulf Cup,Doha,Qatar,TRUE
02/12/19,Qatar,United Arab Emirates,4,2,Gulf Cup,Doha,Qatar,FALSE
02/12/19,Yemen,Iraq,0,0,Gulf Cup,Doha,Qatar,TRUE
02/12/19,Kuwait,Bahrain,2,4,Gulf Cup,Doha,Qatar,TRUE
02/12/19,Oman,Saudi Arabia,1,3,Gulf Cup,Doha,Qatar,TRUE
05/12/19,Iraq,Bahrain,2,2,Gulf Cup,Doha,Qatar,TRUE
05/12/19,Qatar,Saudi Arabia,0,1,Gulf Cup,Al Wakrah,Qatar,FALSE
08/12/19,Bahrain,Saudi Arabia,1,0,Gulf Cup,Doha,Qatar,TRUE
08/12/19,Luhansk PR,South Ossetia,4,3,Friendly,Luhansk,Ukraine,FALSE
10/12/19,China PR,Japan,1,2,EAFF Championship,Busan,South Korea,TRUE
11/12/19,South Korea,Hong Kong,2,0,EAFF Championship,Busan,South Korea,FALSE
14/12/19,Japan,Hong Kong,5,0,EAFF Championship,Busan,South Korea,TRUE
15/12/19,South Korea,China PR,1,0,EAFF Championship,Busan,South Korea,FALSE
18/12/19,Hong Kong,China PR,0,2,EAFF Championship,Busan,South Korea,TRUE
18/12/19,South Korea,Japan,1,0,EAFF Championship,Busan,South Korea,FALSE
29/12/19,Chagos Islands,Panjab,0,6,Friendly,Horsham,England,TRUE
07/01/20,Barbados,Canada,1,4,Friendly,Irvine,United States,TRUE
09/01/20,Moldova,Sweden,0,1,Friendly,Doha,Qatar,TRUE
10/01/20,Barbados,Canada,1,4,Friendly,Irvine,United States,TRUE
12/01/20,Kosovo,Sweden,0,1,Friendly,Doha,Qatar,TRUE
15/01/20,Canada,Iceland,0,1,Friendly,Irvine,United States,TRUE
19/01/20,El Salvador,Iceland,0,1,Friendly,Carson,United States,TRUE
01/02/20,United States,Costa Rica,1,0,Friendly,Carson,United States,FALSE
03/09/20,Germany,Spain,1,1,UEFA Nations League,Stuttgart,Germany,FALSE
03/09/20,Ukraine,Switzerland,2,1,UEFA Nations League,Lviv,Ukraine,FALSE
03/09/20,Russia,Serbia,3,1,UEFA Nations League,Moscow,Russia,FALSE
03/09/20,Turkey,Hungary,0,1,UEFA Nations League,Sivas,Turkey,FALSE
03/09/20,Bulgaria,Republic of Ireland,1,1,UEFA Nations League,Sofia,Bulgaria,FALSE
03/09/20,Finland,Wales,0,1,UEFA Nations League,Helsinki,Finland,FALSE
03/09/20,Moldova,Kosovo,1,1,UEFA Nations League,Parma,Italy,TRUE
03/09/20,Slovenia,Greece,0,0,UEFA Nations League,Ljubljana,Slovenia,FALSE
03/09/20,Latvia,Andorra,0,0,UEFA Nations League,Riga,Latvia,FALSE
03/09/20,Faroe Islands,Malta,3,2,UEFA Nations League,T√≥rshavn,Faroe Islands,FALSE
04/09/20,Italy,Bosnia and Herzegovina,1,1,UEFA Nations League,Florence,Italy,FALSE
04/09/20,Netherlands,Poland,1,0,UEFA Nations League,Amsterdam,Netherlands,FALSE
04/09/20,Norway,Austria,1,2,UEFA Nations League,Oslo,Norway,FALSE
04/09/20,Romania,Northern Ireland,1,1,UEFA Nations League,Bucharest,Romania,FALSE
04/09/20,Scotland,Israel,1,1,UEFA Nations League,Glasgow,Scotland,FALSE
04/09/20,Slovakia,Czech Republic,1,3,UEFA Nations League,Bratislava,Slovakia,FALSE
04/09/20,Lithuania,Kazakhstan,0,2,UEFA Nations League,Vilnius,Lithuania,FALSE
04/09/20,Belarus,Albania,0,2,UEFA Nations League,Minsk,Belarus,FALSE
05/09/20,Iceland,England,0,1,UEFA Nations League,Reykjav√≠k,Iceland,FALSE
05/09/20,Denmark,Belgium,0,2,UEFA Nations League,Copenhagen,Denmark,FALSE
05/09/20,Portugal,Croatia,4,1,UEFA Nations League,Porto,Portugal,FALSE
05/09/20,Sweden,France,0,1,UEFA Nations League,Stockholm,Sweden,FALSE
05/09/20,Cyprus,Montenegro,0,2,UEFA Nations League,Nicosia,Cyprus,FALSE
05/09/20,Azerbaijan,Luxembourg,1,2,UEFA Nations League,Baku,Azerbaijan,FALSE
05/09/20,North Macedonia,Armenia,2,1,UEFA Nations League,Skopje,North Macedonia,FALSE
05/09/20,Estonia,Georgia,0,1,UEFA Nations League,Tallinn,Estonia,FALSE
05/09/20,Gibraltar,San Marino,1,0,UEFA Nations League,Gibraltar,Gibraltar,FALSE
06/09/20,Spain,Ukraine,4,0,UEFA Nations League,Madrid,Spain,FALSE
06/09/20,Switzerland,Germany,1,1,UEFA Nations League,Basel,Switzerland,FALSE
06/09/20,Hungary,Russia,2,3,UEFA Nations League,Budapest,Hungary,FALSE
06/09/20,Serbia,Turkey,0,0,UEFA Nations League,Belgrade,Serbia,FALSE
06/09/20,Wales,Bulgaria,1,0,UEFA Nations League,Cardiff,Wales,FALSE
06/09/20,Republic of Ireland,Finland,0,1,UEFA Nations League,Dublin,Republic of Ireland,FALSE
06/09/20,Slovenia,Moldova,1,0,UEFA Nations League,Ljubljana,Slovenia,FALSE
06/09/20,Kosovo,Greece,1,2,UEFA Nations League,Pristina,Kosovo,FALSE
06/09/20,Andorra,Faroe Islands,0,1,UEFA Nations League,Andorra la Vella,Andorra,FALSE
06/09/20,Malta,Latvia,1,1,UEFA Nations League,Attard,Malta,FALSE
07/09/20,Bosnia and Herzegovina,Poland,1,2,UEFA Nations League,Zenica,Bosnia and Herzegovina,FALSE
07/09/20,Netherlands,Italy,0,1,UEFA Nations League,Amsterdam,Netherlands,FALSE
07/09/20,Northern Ireland,Norway,1,5,UEFA Nations League,Belfast,Northern Ireland,FALSE
07/09/20,Austria,Romania,2,3,UEFA Nations League,Klagenfurt,Austria,FALSE
07/09/20,Czech Republic,Scotland,1,2,UEFA Nations League,Olomouc,Czech Republic,FALSE
07/09/20,Israel,Slovakia,1,1,UEFA Nations League,Netanya,Israel,FALSE
07/09/20,Kazakhstan,Belarus,1,2,UEFA Nations League,Almaty,Kazakhstan,FALSE
07/09/20,Albania,Lithuania,0,1,UEFA Nations League,Tirana,Albania,FALSE
08/09/20,Belgium,Iceland,5,1,UEFA Nations League,Brussels,Belgium,FALSE
08/09/20,Denmark,England,0,0,UEFA Nations League,Copenhagen,Denmark,FALSE
08/09/20,France,Croatia,4,2,UEFA Nations League,Paris,France,FALSE
08/09/20,Sweden,Portugal,0,2,UEFA Nations League,Stockholm,Sweden,FALSE
08/09/20,Luxembourg,Montenegro,0,1,UEFA Nations League,Luxembourg,Luxembourg,FALSE
08/09/20,Cyprus,Azerbaijan,0,1,UEFA Nations League,Nicosia,Cyprus,FALSE
08/09/20,Armenia,Estonia,2,0,UEFA Nations League,Yerevan,Armenia,FALSE
08/09/20,Georgia,North Macedonia,1,1,UEFA Nations League,Tbilisi,Georgia,FALSE
08/09/20,San Marino,Liechtenstein,0,2,UEFA Nations League,Rimini,Italy,TRUE
06/10/20,Nicaragua,Guatemala,0,0,Friendly,Managua,Nicaragua,FALSE
07/10/20,Andorra,Cape Verde,1,2,Friendly,Andorra la Vella,Andorra,FALSE
07/10/20,Austria,Greece,2,1,Friendly,Klagenfurt,Austria,FALSE
07/10/20,Cyprus,Czech Republic,1,2,Friendly,Larnaca,Cyprus,FALSE
07/10/20,Denmark,Faroe Islands,4,0,Friendly,Herning,Denmark,FALSE
07/10/20,Estonia,Lithuania,1,3,Friendly,Tallinn,Estonia,FALSE
07/10/20,France,Ukraine,7,1,Friendly,Paris,France,FALSE
07/10/20,Germany,Turkey,3,3,Friendly,Cologne,Germany,FALSE
07/10/20,Italy,Moldova,6,0,Friendly,Florence,Italy,FALSE
07/10/20,Luxembourg,Liechtenstein,1,2,Friendly,Luxembourg,Luxembourg,FALSE
07/10/20,Malta,Gibraltar,2,0,Friendly,Ta' Qali,Malta,FALSE
07/10/20,Montenegro,Latvia,1,1,Friendly,Podgorica,Montenegro,FALSE
07/10/20,Netherlands,Mexico,0,1,Friendly,Amsterdam,Netherlands,FALSE
07/10/20,Poland,Finland,5,1,Friendly,Gda≈Ñsk,Poland,FALSE
07/10/20,Portugal,Spain,0,0,Friendly,Lisbon,Portugal,FALSE
07/10/20,Slovenia,San Marino,4,0,Friendly,Ljubljana,Slovenia,FALSE
07/10/20,Switzerland,Croatia,1,2,Friendly,St. Gallen,Switzerland,FALSE
07/10/20,Zambia,Malawi,1,0,Friendly,Lusaka,Zambia,FALSE
08/10/20,Belgium,Ivory Coast,1,1,Friendly,Brussels,Belgium,FALSE
08/10/20,England,Wales,3,0,Friendly,London,England,FALSE
08/10/20,Russia,Sweden,1,2,Friendly,Moscow,Russia,FALSE
08/10/20,South Africa,Namibia,1,1,Friendly,Rustenburg,South Africa,FALSE
08/10/20,Uzbekistan,Iran,1,2,Friendly,Tashkent,Uzbekistan,FALSE
08/10/20,Paraguay,Peru,2,2,FIFA World Cup qualification,Asunci√≥n,Paraguay,FALSE
08/10/20,Uruguay,Chile,2,1,FIFA World Cup qualification,Montevideo,Uruguay,FALSE
08/10/20,Argentina,Ecuador,1,0,FIFA World Cup qualification,Buenos Aires,Argentina,FALSE
08/10/20,Iceland,Romania,2,1,UEFA Euro qualification,Reykjav√≠k,Iceland,FALSE
08/10/20,Bulgaria,Hungary,1,3,UEFA Euro qualification,Sofia,Bulgaria,FALSE
08/10/20,Bosnia and Herzegovina,Northern Ireland,1,1,UEFA Euro qualification,Sarajevo,Bosnia and Herzegovina,FALSE
08/10/20,Slovakia,Republic of Ireland,0,0,UEFA Euro qualification,Bratislava,Slovakia,FALSE
08/10/20,Scotland,Israel,0,0,UEFA Euro qualification,Glasgow,Scotland,FALSE
08/10/20,Norway,Serbia,1,2,UEFA Euro qualification,Oslo,Norway,FALSE
08/10/20,Georgia,Belarus,1,0,UEFA Euro qualification,Tbilisi,Georgia,FALSE
08/10/20,North Macedonia,Kosovo,2,1,UEFA Euro qualification,Skopje,North Macedonia,FALSE
09/10/20,Burkina Faso,DR Congo,3,0,Friendly,Mohammedia,Morocco,TRUE
09/10/20,Congo,Gambia,0,1,Friendly,Parchal,Portugal,TRUE
09/10/20,Japan,Cameroon,0,0,Friendly,Utrecht,Netherlands,TRUE
09/10/20,Kenya,Zambia,2,1,Friendly,Nairobi,Kenya,FALSE
09/10/20,Mali,Ghana,3,0,Friendly,Antalya,Turkey,TRUE
09/10/20,Mauritania,Sierra Leone,2,1,Friendly,Nouakchott,Mauritania,FALSE
09/10/20,Morocco,Senegal,3,1,Friendly,Rabat,Morocco,FALSE
09/10/20,Nigeria,Algeria,0,1,Friendly,Klagenfurt,Austria,TRUE
09/10/20,Tunisia,Sudan,3,0,Friendly,Rad√®s,Tunisia,FALSE
09/10/20,Colombia,Venezuela,3,0,FIFA World Cup qualification,Barranquilla,Colombia,FALSE
09/10/20,Brazil,Bolivia,5,0,FIFA World Cup qualification,S√£o Paulo,Brazil,FALSE
10/10/20,Spain,Switzerland,1,0,UEFA Nations League,Madrid,Spain,FALSE
10/10/20,Ukraine,Germany,1,2,UEFA Nations League,Kyiv,Ukraine,FALSE
10/10/20,Luxembourg,Cyprus,2,0,UEFA Nations League,Luxembourg,Luxembourg,FALSE
10/10/20,Montenegro,Azerbaijan,2,0,UEFA Nations League,Podgorica,Montenegro,FALSE
10/10/20,Faroe Islands,Latvia,1,1,UEFA Nations League,T√≥rshavn,Faroe Islands,FALSE
10/10/20,Andorra,Malta,0,0,UEFA Nations League,Andorra la Vella,Andorra,FALSE
10/10/20,Liechtenstein,Gibraltar,0,1,UEFA Nations League,Vaduz,Liechtenstein,FALSE
10/10/20,Cape Verde,Guinea,1,2,Friendly,Faro-Loul√©,Portugal,TRUE
10/10/20,Costa Rica,Panama,0,1,Friendly,San Jos√©,Costa Rica,FALSE
10/10/20,Honduras,Nicaragua,1,1,Friendly,Comayagua,Honduras,FALSE
10/10/20,Niger,Chad,2,0,Friendly,Niamey,Niger,FALSE
11/10/20,Bosnia and Herzegovina,Netherlands,0,0,UEFA Nations League,Zenica,Bosnia and Herzegovina,FALSE
11/10/20,Poland,Italy,0,0,UEFA Nations League,Gda≈Ñsk,Poland,FALSE
11/10/20,England,Belgium,2,1,UEFA Nations League,London,England,FALSE
11/10/20,Iceland,Denmark,0,3,UEFA Nations League,Reykjav√≠k,Iceland,FALSE
11/10/20,Croatia,Sweden,2,1,UEFA Nations League,Zagreb,Croatia,FALSE
11/10/20,France,Portugal,0,0,UEFA Nations League,Paris,France,FALSE
11/10/20,Norway,Romania,4,0,UEFA Nations League,Oslo,Norway,FALSE
11/10/20,Northern Ireland,Austria,0,1,UEFA Nations League,Belfast,Northern Ireland,FALSE
11/10/20,Scotland,Slovakia,1,0,UEFA Nations League,Glasgow,Scotland,FALSE
11/10/20,Israel,Czech Republic,1,2,UEFA Nations League,Haifa,Israel,FALSE
11/10/20,Serbia,Hungary,0,1,UEFA Nations League,Belgrade,Serbia,FALSE
11/10/20,Russia,Turkey,1,1,UEFA Nations League,Moscow,Russia,FALSE
11/10/20,Republic of Ireland,Wales,0,0,UEFA Nations League,Dublin,Republic of Ireland,FALSE
11/10/20,Finland,Bulgaria,2,0,UEFA Nations League,Helsinki,Finland,FALSE
11/10/20,Armenia,Georgia,2,2,UEFA Nations League,Tychy,Poland,TRUE
11/10/20,Estonia,North Macedonia,3,3,UEFA Nations League,Tallinn,Estonia,FALSE
11/10/20,Kosovo,Slovenia,0,1,UEFA Nations League,Pristina,Kosovo,FALSE
11/10/20,Greece,Moldova,2,0,UEFA Nations League,Athens,Greece,FALSE
11/10/20,Kazakhstan,Albania,0,0,UEFA Nations League,Almaty,Kazakhstan,FALSE
11/10/20,Lithuania,Belarus,2,2,UEFA Nations League,Vilnius,Lithuania,FALSE
11/10/20,Gabon,Benin,0,2,Friendly,Lisbon,Portugal,TRUE
11/10/20,Malawi,Zimbabwe,0,0,Friendly,Blantyre,Malawi,FALSE
11/10/20,South Africa,Zambia,1,2,Friendly,Rustenburg,South Africa,FALSE
11/10/20,Tanzania,Burundi,0,1,Friendly,Dar es Salaam,Tanzania,FALSE
12/10/20,Burkina Faso,Madagascar,2,1,Friendly,El Jadida,Morocco,TRUE
12/10/20,Ghana,Qatar,5,1,Friendly,Aksu,Turkey,TRUE
12/10/20,Togo,Sudan,1,1,Friendly,Tunis,Tunisia,TRUE
12/10/20,United Arab Emirates,Uzbekistan,1,2,Friendly,Dubai,United Arab Emirates,FALSE
13/10/20,Cameroon,South Sudan,0,0,Friendly,Yaound√©,Cameroon,FALSE
13/10/20,Germany,Switzerland,3,3,UEFA Nations League,Cologne,Germany,FALSE
13/10/20,Ukraine,Spain,1,0,UEFA Nations League,Kyiv,Ukraine,FALSE
13/10/20,Azerbaijan,Cyprus,0,0,UEFA Nations League,Elbasan,Albania,TRUE
13/10/20,Montenegro,Luxembourg,1,2,UEFA Nations League,Podgorica,Montenegro,FALSE
13/10/20,Latvia,Malta,0,1,UEFA Nations League,Riga,Latvia,FALSE
13/10/20,Faroe Islands,Andorra,2,0,UEFA Nations League,T√≥rshavn,Faroe Islands,FALSE
13/10/20,Liechtenstein,San Marino,0,0,UEFA Nations League,Vaduz,Liechtenstein,FALSE
13/10/20,Costa Rica,Panama,0,1,Friendly,San Jos√©,Costa Rica,FALSE
13/10/20,Japan,Ivory Coast,1,0,Friendly,Utrecht,Netherlands,TRUE
13/10/20,Mexico,Algeria,2,2,Friendly,The Hague,Netherlands,TRUE
13/10/20,Morocco,DR Congo,1,1,Friendly,Rabat,Morocco,FALSE
13/10/20,Mozambique,Angola,0,3,Friendly,Rio Maior,Portugal,TRUE
13/10/20,Niger,Sierra Leone,1,0,Friendly,Niamey,Niger,FALSE
13/10/20,Nigeria,Tunisia,1,1,Friendly,Sankt Veit an der Glan,Austria,TRUE
13/10/20,Bolivia,Argentina,1,2,FIFA World Cup qualification,La Paz,Bolivia,FALSE
13/10/20,Ecuador,Uruguay,4,2,FIFA World Cup qualification,Quito,Ecuador,FALSE
13/10/20,Venezuela,Paraguay,0,1,FIFA World Cup qualification,M√©rida,Venezuela,FALSE
13/10/20,Peru,Brazil,2,4,FIFA World Cup qualification,Lima,Peru,FALSE
13/10/20,Chile,Colombia,2,2,FIFA World Cup qualification,Santiago,Chile,FALSE
14/10/20,Italy,Netherlands,1,1,UEFA Nations League,Bergamo,Italy,FALSE
14/10/20,Poland,Bosnia and Herzegovina,3,0,UEFA Nations League,Wroc≈Çaw,Poland,FALSE
14/10/20,Iceland,Belgium,1,2,UEFA Nations League,Reykjav√≠k,Iceland,FALSE
14/10/20,England,Denmark,0,1,UEFA Nations League,London,England,FALSE
14/10/20,Portugal,Sweden,3,0,UEFA Nations League,Lisbon,Portugal,FALSE
14/10/20,Croatia,France,1,2,UEFA Nations League,Zagreb,Croatia,FALSE
14/10/20,Norway,Northern Ireland,1,0,UEFA Nations League,Oslo,Norway,FALSE
14/10/20,Romania,Austria,0,1,UEFA Nations League,Ploie»ôti,Romania,FALSE
14/10/20,Scotland,Czech Republic,1,0,UEFA Nations League,Glasgow,Scotland,FALSE
14/10/20,Slovakia,Israel,2,3,UEFA Nations League,Trnava,Slovakia,FALSE
14/10/20,Russia,Hungary,0,0,UEFA Nations League,Moscow,Russia,FALSE
14/10/20,Turkey,Serbia,2,2,UEFA Nations League,Istanbul,Turkey,FALSE
14/10/20,Finland,Republic of Ireland,1,0,UEFA Nations League,Helsinki,Finland,FALSE
14/10/20,Bulgaria,Wales,0,1,UEFA Nations League,Sofia,Bulgaria,FALSE
14/10/20,North Macedonia,Georgia,1,1,UEFA Nations League,Skopje,North Macedonia,FALSE
14/10/20,Estonia,Armenia,1,1,UEFA Nations League,Tallinn,Estonia,FALSE
14/10/20,Greece,Kosovo,0,0,UEFA Nations League,Athens,Greece,FALSE
14/10/20,Moldova,Slovenia,0,4,UEFA Nations League,Chi»ôinƒÉu,Moldova,FALSE
14/10/20,Lithuania,Albania,0,0,UEFA Nations League,Vilnius,Lithuania,FALSE
14/10/20,Belarus,Kazakhstan,2,0,UEFA Nations League,Minsk,Belarus,FALSE
06/11/20,Ethiopia,Sudan,2,2,Friendly,Addis Ababa,Ethiopia,FALSE
07/11/20,Bahrain,Tajikistan,1,0,Friendly,Dubai,United Arab Emirates,TRUE
11/11/20,Albania,Kosovo,2,1,Friendly,Elbasan,Albania,FALSE
11/11/20,Belgium,Switzerland,2,1,Friendly,Leuven,Belgium,FALSE
11/11/20,Bulgaria,Gibraltar,3,0,Friendly,Sofia,Bulgaria,FALSE
11/11/20,Denmark,Sweden,2,0,Friendly,Brondbyvester,Denmark,FALSE
11/11/20,France,Finland,0,2,Friendly,Paris,France,FALSE
11/11/20,Germany,Czech Republic,1,0,Friendly,Leipzig,Germany,FALSE
11/11/20,Greece,Cyprus,2,1,Friendly,Athens,Greece,FALSE
11/11/20,Italy,Estonia,4,0,Friendly,Florence,Italy,FALSE
11/11/20,Lithuania,Faroe Islands,2,1,Friendly,Vilnius,Lithuania,FALSE
11/11/20,Luxembourg,Austria,0,3,Friendly,Luxembourg,Luxembourg,FALSE
11/11/20,Malta,Liechtenstein,3,0,Friendly,Ta' Qali,Malta,FALSE
11/11/20,Montenegro,Kazakhstan,0,0,Friendly,Podgorica,Montenegro,FALSE
11/11/20,Netherlands,Spain,1,1,Friendly,Amsterdam,Netherlands,FALSE
11/11/20,Poland,Ukraine,2,0,Friendly,Chorz√≥w,Poland,FALSE
11/11/20,Portugal,Andorra,7,0,Friendly,Lisbon,Portugal,FALSE
11/11/20,Romania,Belarus,5,3,Friendly,Ploie»ôti,Romania,FALSE
11/11/20,San Marino,Latvia,0,3,Friendly,Serravalle,San Marino,FALSE
11/11/20,Slovenia,Azerbaijan,0,0,Friendly,Ljubljana,Slovenia,FALSE
11/11/20,Turkey,Croatia,3,3,Friendly,Istanbul,Turkey,FALSE
11/11/20,Guinea,Chad,1,0,African Cup of Nations qualification,Conakry,Guinea,FALSE
11/11/20,Mauritania,Burundi,1,1,African Cup of Nations qualification,Nouakchott,Mauritania,FALSE
11/11/20,Kenya,Comoros,1,1,African Cup of Nations qualification,Nairobi,Kenya,FALSE
11/11/20,Senegal,Guinea-Bissau,2,0,African Cup of Nations qualification,Thi√®s,Senegal,FALSE
11/11/20,Libya,Equatorial Guinea,2,3,African Cup of Nations qualification,Rad√®s,Tunisia,TRUE
12/11/20,Hungary,Iceland,2,1,UEFA Euro qualification,Budapest,Hungary,FALSE
12/11/20,Northern Ireland,Slovakia,1,2,UEFA Euro qualification,Belfast,Northern Ireland,FALSE
12/11/20,Serbia,Scotland,1,1,UEFA Euro qualification,Belgrade,Serbia,FALSE
12/11/20,Georgia,North Macedonia,0,1,UEFA Euro qualification,Tbilisi,Georgia,FALSE
12/11/20,Bosnia and Herzegovina,Iran,0,2,Friendly,Sarajevo,Bosnia and Herzegovina,FALSE
12/11/20,England,Republic of Ireland,3,0,Friendly,London,England,FALSE
12/11/20,Jordan,Iraq,0,0,Friendly,Dubai,United Arab Emirates,TRUE
12/11/20,Lebanon,Bahrain,1,3,Friendly,Dubai,United Arab Emirates,TRUE
12/11/20,Moldova,Russia,0,0,Friendly,Chi»ôinƒÉu,Moldova,FALSE
12/11/20,United Arab Emirates,Tajikistan,3,2,Friendly,Dubai,United Arab Emirates,FALSE
12/11/20,Uzbekistan,Syria,0,1,Friendly,Sharjah,United Arab Emirates,TRUE
12/11/20,Wales,United States,0,0,Friendly,Cardiff,Wales,FALSE
12/11/20,Bolivia,Ecuador,2,3,FIFA World Cup qualification,La Paz,Bolivia,FALSE
12/11/20,Argentina,Paraguay,1,1,FIFA World Cup qualification,Buenos Aires,Argentina,FALSE
12/11/20,Burkina Faso,Malawi,3,1,African Cup of Nations qualification,Ouagadougou,Burkina Faso,FALSE
12/11/20,Uganda,South Sudan,1,0,African Cup of Nations qualification,Kampala,Uganda,FALSE
12/11/20,Ghana,Sudan,2,0,African Cup of Nations qualification,Cape Coast,Ghana,FALSE
12/11/20,Gabon,Gambia,2,1,African Cup of Nations qualification,Franceville,Gabon,FALSE
12/11/20,Cape Verde,Rwanda,0,0,African Cup of Nations qualification,Praia,Cape Verde,FALSE
12/11/20,Cameroon,Mozambique,4,1,African Cup of Nations qualification,Douala,Cameroon,FALSE
12/11/20,Zambia,Botswana,2,1,African Cup of Nations qualification,Lusaka,Zambia,FALSE
12/11/20,Algeria,Zimbabwe,3,1,African Cup of Nations qualification,Algiers,Algeria,FALSE
12/11/20,Congo,Eswatini,2,0,African Cup of Nations qualification,Brazzaville,Congo,FALSE
12/11/20,Ivory Coast,Madagascar,2,1,African Cup of Nations qualification,Ebimp√©,Ivory Coast,FALSE
13/11/20,Bangladesh,Nepal,2,0,Friendly,Dhaka,Bangladesh,FALSE
13/11/20,Costa Rica,Qatar,1,1,Friendly,Maria Enzersdorf,Austria,TRUE
13/11/20,Japan,Panama,1,0,Friendly,Graz,Austria,TRUE
13/11/20,Colombia,Uruguay,0,3,FIFA World Cup qualification,Barranquilla,Colombia,FALSE
13/11/20,Chile,Peru,2,0,FIFA World Cup qualification,Santiago,Chile,FALSE
13/11/20,Brazil,Venezuela,1,0,FIFA World Cup qualification,S√£o Paulo,Brazil,FALSE
13/11/20,Mali,Namibia,1,0,African Cup of Nations qualification,Bamako,Mali,FALSE
13/11/20,South Africa,S√£o Tom√© and Pr√≠ncipe,2,0,African Cup of Nations qualification,Durban,South Africa,FALSE
13/11/20,Morocco,Central African Republic,4,1,African Cup of Nations qualification,Casablanca,Morocco,FALSE
13/11/20,Tunisia,Tanzania,1,0,African Cup of Nations qualification,Rad√®s,Tunisia,FALSE
13/11/20,Niger,Ethiopia,1,0,African Cup of Nations qualification,Niamey,Niger,FALSE
13/11/20,Nigeria,Sierra Leone,4,4,African Cup of Nations qualification,Benin City,Nigeria,FALSE
14/11/20,Portugal,France,0,1,UEFA Nations League,Lisbon,Portugal,FALSE
14/11/20,Sweden,Croatia,2,1,UEFA Nations League,Stockholm,Sweden,FALSE
14/11/20,Germany,Ukraine,3,1,UEFA Nations League,Leipzig,Germany,FALSE
14/11/20,Switzerland,Spain,1,1,UEFA Nations League,Basel,Switzerland,FALSE
14/11/20,Azerbaijan,Montenegro,0,0,UEFA Nations League,Zapre≈°iƒá,Croatia,TRUE
14/11/20,Cyprus,Luxembourg,2,1,UEFA Nations League,Nicosia,Cyprus,FALSE
14/11/20,Malta,Andorra,3,1,UEFA Nations League,Ta' Qali,Malta,FALSE
14/11/20,Latvia,Faroe Islands,1,1,UEFA Nations League,Riga,Latvia,FALSE
14/11/20,San Marino,Gibraltar,0,0,UEFA Nations League,Serravalle,San Marino,FALSE
14/11/20,Mexico,South Korea,3,2,Friendly,Wiener Neustadt,Austria,TRUE
14/11/20,Saudi Arabia,Jamaica,3,0,Friendly,Riyadh,Saudi Arabia,FALSE
14/11/20,DR Congo,Angola,0,0,African Cup of Nations qualification,Kinshasa,DR Congo,FALSE
14/11/20,Egypt,Togo,1,0,African Cup of Nations qualification,Cairo,Egypt,FALSE
14/11/20,Benin,Lesotho,1,0,African Cup of Nations qualification,Porto-Novo,Benin,FALSE
15/11/20,Netherlands,Bosnia and Herzegovina,3,1,UEFA Nations League,Amsterdam,Netherlands,FALSE
15/11/20,Italy,Poland,2,0,UEFA Nations League,Reggio Emilia,Italy,FALSE
15/11/20,Belgium,England,2,0,UEFA Nations League,Leuven,Belgium,FALSE
15/11/20,Denmark,Iceland,2,1,UEFA Nations League,Copenhagen,Denmark,FALSE
15/11/20,Austria,Northern Ireland,2,1,UEFA Nations League,Vienna,Austria,FALSE
15/11/20,Romania,Norway,3,0,UEFA Nations League,Bucharest,Romania,FALSE
15/11/20,Slovakia,Scotland,1,0,UEFA Nations League,Trnava,Slovakia,FALSE
15/11/20,Czech Republic,Israel,1,0,UEFA Nations League,Plze≈à,Czech Republic,FALSE
15/11/20,Turkey,Russia,3,2,UEFA Nations League,Istanbul,Turkey,FALSE
15/11/20,Hungary,Serbia,1,1,UEFA Nations League,Budapest,Hungary,FALSE
15/11/20,Wales,Republic of Ireland,1,0,UEFA Nations League,Cardiff,Wales,FALSE
15/11/20,Bulgaria,Finland,1,2,UEFA Nations League,Sofia,Bulgaria,FALSE
15/11/20,North Macedonia,Estonia,2,1,UEFA Nations League,Skopje,North Macedonia,FALSE
15/11/20,Georgia,Armenia,1,2,UEFA Nations League,Tbilisi,Georgia,FALSE
15/11/20,Slovenia,Kosovo,2,1,UEFA Nations League,Ljubljana,Slovenia,FALSE
15/11/20,Moldova,Greece,0,2,UEFA Nations League,Chi»ôinƒÉu,Moldova,FALSE
15/11/20,Albania,Kazakhstan,3,1,UEFA Nations League,Tirana,Albania,FALSE
15/11/20,Belarus,Lithuania,2,0,UEFA Nations League,Minsk,Belarus,FALSE
15/11/20,Guatemala,Honduras,2,1,Friendly,Guatemala City,Guatemala,FALSE
15/11/20,Chad,Guinea,1,1,African Cup of Nations qualification,N'Djamena,Chad,FALSE
15/11/20,Burundi,Mauritania,3,1,African Cup of Nations qualification,Bujumbura,Burundi,FALSE
15/11/20,Comoros,Kenya,2,1,African Cup of Nations qualification,Moroni,Comoros,FALSE
15/11/20,Guinea-Bissau,Senegal,0,1,African Cup of Nations qualification,Bissau,Guinea-Bissau,FALSE
15/11/20,Equatorial Guinea,Libya,1,0,African Cup of Nations qualification,Malabo,Equatorial Guinea,FALSE
16/11/20,Jordan,Syria,1,0,Friendly,Sharjah,United Arab Emirates,TRUE
16/11/20,United Arab Emirates,Bahrain,1,3,Friendly,Dubai,United Arab Emirates,FALSE
16/11/20,United States,Panama,6,2,Friendly,Wiener Neustadt,Austria,TRUE
16/11/20,Basque Country,Costa Rica,2,1,Friendly,Eibar,Spain,FALSE
16/11/20,Malawi,Burkina Faso,0,0,African Cup of Nations qualification,Blantyre,Malawi,FALSE
16/11/20,South Sudan,Uganda,1,0,African Cup of Nations qualification,Nairobi,Kenya,TRUE
16/11/20,South Africa,S√£o Tom√© and Pr√≠ncipe,4,2,African Cup of Nations qualification,Port Elizabeth,South Africa,FALSE
16/11/20,Gambia,Gabon,2,1,African Cup of Nations qualification,Bakau,Gambia,FALSE
16/11/20,Mozambique,Cameroon,0,2,African Cup of Nations qualification,Maputo,Mozambique,FALSE
16/11/20,Zimbabwe,Algeria,2,2,African Cup of Nations qualification,Harare,Zimbabwe,FALSE
16/11/20,Botswana,Zambia,1,0,African Cup of Nations qualification,Francistown,Botswana,FALSE
16/11/20,Eswatini,Congo,0,0,African Cup of Nations qualification,Manzini,Eswatini,FALSE
17/11/20,Croatia,Portugal,2,3,UEFA Nations League,Split,Croatia,FALSE
17/11/20,France,Sweden,4,2,UEFA Nations League,Paris,France,FALSE
17/11/20,Spain,Germany,6,0,UEFA Nations League,Seville,Spain,FALSE
17/11/20,Switzerland,Ukraine,3,0,UEFA Nations League,Lucerne,Switzerland,FALSE
17/11/20,Luxembourg,Azerbaijan,0,0,UEFA Nations League,Luxembourg,Luxembourg,FALSE
17/11/20,Montenegro,Cyprus,4,0,UEFA Nations League,Podgorica,Montenegro,FALSE
17/11/20,Andorra,Latvia,0,5,UEFA Nations League,Andorra la Vella,Andorra,FALSE
17/11/20,Malta,Faroe Islands,1,1,UEFA Nations League,Ta' Qali,Malta,FALSE
17/11/20,Gibraltar,Liechtenstein,1,1,UEFA Nations League,Gibraltar,Gibraltar,FALSE
17/11/20,Bangladesh,Nepal,0,0,Friendly,Dhaka,Bangladesh,FALSE
17/11/20,Japan,Mexico,0,2,Friendly,Graz,Austria,TRUE
17/11/20,South Korea,Qatar,2,1,Friendly,Maria Enzersdorf,Austria,TRUE
17/11/20,Saudi Arabia,Jamaica,1,2,Friendly,Riyadh,Saudi Arabia,FALSE
17/11/20,Uzbekistan,Iraq,1,2,Friendly,Dubai,United Arab Emirates,TRUE
17/11/20,Ecuador,Colombia,6,1,FIFA World Cup qualification,Quito,Ecuador,FALSE
17/11/20,Venezuela,Chile,2,1,FIFA World Cup qualification,Caracas,Venezuela,FALSE
17/11/20,Peru,Argentina,0,2,FIFA World Cup qualification,Lima,Peru,FALSE
17/11/20,Paraguay,Bolivia,2,2,FIFA World Cup qualification,Asunci√≥n,Paraguay,FALSE
17/11/20,Uruguay,Brazil,0,2,FIFA World Cup qualification,Montevideo,Uruguay,FALSE
17/11/20,Namibia,Mali,1,2,African Cup of Nations qualification,Windhoek,Namibia,FALSE
17/11/20,Sudan,Ghana,1,0,African Cup of Nations qualification,Omdurman,Sudan,FALSE
17/11/20,Angola,DR Congo,0,1,African Cup of Nations qualification,Luanda,Angola,FALSE
17/11/20,Central African Republic,Morocco,0,2,African Cup of Nations qualification,Douala,Cameroon,TRUE
17/11/20,Rwanda,Cape Verde,0,0,African Cup of Nations qualification,Kigali,Rwanda,FALSE
17/11/20,Togo,Egypt,1,3,African Cup of Nations qualification,Lom√©,Togo,FALSE
17/11/20,Tanzania,Tunisia,1,1,African Cup of Nations qualification,Dar es Salaam,Tanzania,FALSE
17/11/20,Ethiopia,Niger,3,0,African Cup of Nations qualification,Addis Ababa,Ethiopia,FALSE
17/11/20,Madagascar,Ivory Coast,1,1,African Cup of Nations qualification,Toamasina,Madagascar,FALSE
17/11/20,Sierra Leone,Nigeria,0,0,African Cup of Nations qualification,Freetown,Sierra Leone,FALSE
17/11/20,Lesotho,Benin,0,0,African Cup of Nations qualification,Maseru,Lesotho,FALSE
18/11/20,Bosnia and Herzegovina,Italy,0,2,UEFA Nations League,Sarajevo,Bosnia and Herzegovina,FALSE
18/11/20,Poland,Netherlands,1,2,UEFA Nations League,Chorz√≥w,Poland,FALSE
18/11/20,England,Iceland,4,0,UEFA Nations League,London,England,FALSE
18/11/20,Belgium,Denmark,4,2,UEFA Nations League,Leuven,Belgium,FALSE
18/11/20,Northern Ireland,Romania,1,1,UEFA Nations League,Belfast,Northern Ireland,FALSE
18/11/20,Austria,Norway,1,1,UEFA Nations League,Vienna,Austria,FALSE
18/11/20,Czech Republic,Slovakia,2,0,UEFA Nations League,Plze≈à,Czech Republic,FALSE
18/11/20,Israel,Scotland,1,0,UEFA Nations League,Netanya,Israel,FALSE
18/11/20,Hungary,Turkey,2,0,UEFA Nations League,Budapest,Hungary,FALSE
18/11/20,Serbia,Russia,5,0,UEFA Nations League,Belgrade,Serbia,FALSE
18/11/20,Republic of Ireland,Bulgaria,0,0,UEFA Nations League,Dublin,Republic of Ireland,FALSE
18/11/20,Wales,Finland,3,1,UEFA Nations League,Cardiff,Wales,FALSE
18/11/20,Armenia,North Macedonia,1,0,UEFA Nations League,Nicosia,Cyprus,TRUE
18/11/20,Georgia,Estonia,0,0,UEFA Nations League,Tbilisi,Georgia,FALSE
18/11/20,Kosovo,Moldova,1,0,UEFA Nations League,Pristina,Kosovo,FALSE
18/11/20,Greece,Slovenia,0,0,UEFA Nations League,Athens,Greece,FALSE
18/11/20,Albania,Belarus,3,2,UEFA Nations League,Tirana,Albania,FALSE
18/11/20,Kazakhstan,Lithuania,1,2,UEFA Nations League,Almaty,Kazakhstan,FALSE
04/12/20,Qatar,Bangladesh,5,0,FIFA World Cup qualification,Doha,Qatar,FALSE
09/12/20,United States,El Salvador,6,0,Friendly,Fort Lauderdale,United States,FALSE
12/01/21,United Arab Emirates,Iraq,0,0,Friendly,Dubai,United Arab Emirates,FALSE
18/01/21,Kuwait,Palestine,0,1,Friendly,Kuwait City,Kuwait,FALSE
19/01/21,Dominican Republic,Puerto Rico,0,1,Friendly,Santo Domingo,Dominican Republic,FALSE
22/01/21,Guatemala,Puerto Rico,1,0,Friendly,Guatemala City,Guatemala,FALSE
25/01/21,Dominican Republic,Serbia,0,0,Friendly,Santo Domingo,Dominican Republic,FALSE
27/01/21,Iraq,Kuwait,2,1,Friendly,Basra,Iraq,FALSE
28/01/21,Panama,Serbia,0,0,Friendly,Panama City,Panama,FALSE
31/01/21,United States,Trinidad and Tobago,7,0,Friendly,Orlando,United States,FALSE
01/02/21,Jordan,Tajikistan,2,0,Friendly,Dubai,United Arab Emirates,TRUE
05/02/21,Jordan,Tajikistan,0,1,Friendly,Dubai,United Arab Emirates,TRUE
15/02/21,Jordan,Uzbekistan,0,2,Friendly,Dubai,United Arab Emirates,TRUE
24/02/21,Guatemala,Nicaragua,1,0,Friendly,Guatemala City,Guatemala,FALSE
13/03/21,Kenya,South Sudan,1,0,Friendly,Nairobi,Kenya,FALSE
15/03/21,Kenya,Tanzania,2,1,Friendly,Nairobi,Kenya,FALSE
17/03/21,Ethiopia,Malawi,4,0,Friendly,Bahir Dar,Ethiopia,FALSE
20/03/21,Oman,Jordan,0,0,Friendly,Dubai,United Arab Emirates,TRUE
24/03/21,Belarus,Honduras,1,1,Friendly,Zhodzina,Belarus,FALSE
24/03/21,Jordan,Lebanon,1,0,Friendly,Dubai,United Arab Emirates,TRUE
24/03/21,Kosovo,Lithuania,4,0,Friendly,Pristina,Kosovo,FALSE
24/03/21,Qatar,Luxembourg,1,0,Friendly,Debrecen,Hungary,TRUE
24/03/21,Antigua and Barbuda,Montserrat,2,2,FIFA World Cup qualification,Willemstad,Cura√ßao,TRUE
24/03/21,Suriname,Cayman Islands,3,0,FIFA World Cup qualification,Paramaribo,Suriname,FALSE
24/03/21,Guatemala,Cuba,1,0,FIFA World Cup qualification,Guatemala City,Guatemala,FALSE
24/03/21,Dominican Republic,Dominica,1,0,FIFA World Cup qualification,Santo Domingo,Dominican Republic,FALSE
24/03/21,Saint Kitts and Nevis,Puerto Rico,1,0,FIFA World Cup qualification,San Crist√≥bal,Dominican Republic,TRUE
24/03/21,Portugal,Azerbaijan,1,0,FIFA World Cup qualification,Turin,Italy,TRUE
24/03/21,Serbia,Republic of Ireland,3,2,FIFA World Cup qualification,Belgrade,Serbia,FALSE
24/03/21,France,Ukraine,1,1,FIFA World Cup qualification,Paris,France,FALSE
24/03/21,Finland,Bosnia and Herzegovina,2,2,FIFA World Cup qualification,Helsinki,Finland,FALSE
24/03/21,Belgium,Wales,3,1,FIFA World Cup qualification,Leuven,Belgium,FALSE
24/03/21,Estonia,Czech Republic,2,6,FIFA World Cup qualification,Lublin,Poland,TRUE
24/03/21,Turkey,Netherlands,4,2,FIFA World Cup qualification,Istanbul,Turkey,FALSE
24/03/21,Gibraltar,Norway,0,3,FIFA World Cup qualification,Gibraltar,Gibraltar,FALSE
24/03/21,Latvia,Montenegro,1,2,FIFA World Cup qualification,Riga,Latvia,FALSE
24/03/21,Malta,Russia,1,3,FIFA World Cup qualification,Ta' Qali,Malta,FALSE
24/03/21,Slovenia,Croatia,1,0,FIFA World Cup qualification,Ljubljana,Slovenia,FALSE
24/03/21,Cyprus,Slovakia,0,0,FIFA World Cup qualification,Nicosia,Cyprus,FALSE
24/03/21,Chad,Namibia,0,3,African Cup of Nations qualification,N'Djamena,Chad,FALSE
24/03/21,Guinea,Mali,1,0,African Cup of Nations qualification,Clermont-Ferrand,France,TRUE
24/03/21,South Sudan,Malawi,0,1,African Cup of Nations qualification,Omdurman,Sudan,TRUE
24/03/21,Uganda,Burkina Faso,0,0,African Cup of Nations qualification,Kampala,Uganda,FALSE
24/03/21,S√£o Tom√© and Pr√≠ncipe,Sudan,0,2,African Cup of Nations qualification,S√£o Tom√©,S√£o Tom√© and Pr√≠ncipe,FALSE
24/03/21,Rwanda,Mozambique,1,0,African Cup of Nations qualification,Kigali,Rwanda,FALSE
24/03/21,Ethiopia,Madagascar,4,0,African Cup of Nations qualification,Bahir Dar,Ethiopia,FALSE
25/03/21,Bahrain,Syria,3,1,Friendly,Isa Town,Bahrain,FALSE
25/03/21,India,Oman,1,1,Friendly,Dubai,United Arab Emirates,TRUE
25/03/21,Japan,South Korea,3,0,Friendly,Yokohama,Japan,FALSE
25/03/21,Saudi Arabia,Kuwait,1,0,Friendly,Riyadh,Saudi Arabia,FALSE
25/03/21,United States,Jamaica,4,1,Friendly,Wiener Neustadt,Austria,TRUE
25/03/21,El Salvador,Grenada,2,0,FIFA World Cup qualification,San Salvador,El Salvador,FALSE
25/03/21,Canada,Bermuda,5,1,FIFA World Cup qualification,Orlando,United States,TRUE
25/03/21,Cura√ßao,Saint Vincent and the Grenadines,5,0,FIFA World Cup qualification,Willemstad,Cura√ßao,FALSE
25/03/21,Panama,Barbados,1,0,FIFA World Cup qualification,Santo Domingo,Dominican Republic,TRUE
25/03/21,Haiti,Belize,2,0,FIFA World Cup qualification,Port-au-Prince,Haiti,FALSE
25/03/21,Trinidad and Tobago,Guyana,3,0,FIFA World Cup qualification,San Crist√≥bal,Dominican Republic,TRUE
25/03/21,Spain,Greece,1,1,FIFA World Cup qualification,Granada,Spain,FALSE
25/03/21,Sweden,Georgia,1,0,FIFA World Cup qualification,Stockholm,Sweden,FALSE
25/03/21,Bulgaria,Switzerland,1,3,FIFA World Cup qualification,Sofia,Bulgaria,FALSE
25/03/21,Italy,Northern Ireland,2,0,FIFA World Cup qualification,Parma,Italy,FALSE
25/03/21,Israel,Denmark,0,2,FIFA World Cup qualification,Tel Aviv,Israel,FALSE
25/03/21,Scotland,Austria,2,2,FIFA World Cup qualification,Glasgow,Scotland,FALSE
25/03/21,Moldova,Faroe Islands,1,1,FIFA World Cup qualification,Chi»ôinƒÉu,Moldova,FALSE
25/03/21,England,San Marino,5,0,FIFA World Cup qualification,London,England,FALSE
25/03/21,Andorra,Albania,0,1,FIFA World Cup qualification,Andorra la Vella,Andorra,FALSE
25/03/21,Hungary,Poland,3,3,FIFA World Cup qualification,Budapest,Hungary,FALSE
25/03/21,Germany,Iceland,3,0,FIFA World Cup qualification,Duisburg,Germany,FALSE
25/03/21,Liechtenstein,Armenia,0,1,FIFA World Cup qualification,Vaduz,Liechtenstein,FALSE
25/03/21,Romania,North Macedonia,3,2,FIFA World Cup qualification,Bucharest,Romania,FALSE
25/03/21,South Africa,Ghana,1,1,African Cup of Nations qualification,Johannesburg,South Africa,FALSE
25/03/21,Gambia,Angola,1,0,African Cup of Nations qualification,Bakau,Gambia,FALSE
25/03/21,Gabon,DR Congo,3,0,African Cup of Nations qualification,Franceville,Gabon,FALSE
25/03/21,Comoros,Togo,0,0,African Cup of Nations qualification,Moroni,Comoros,FALSE
25/03/21,Kenya,Egypt,1,1,African Cup of Nations qualification,Nairobi,Kenya,FALSE
25/03/21,Botswana,Zimbabwe,0,1,African Cup of Nations qualification,Francistown,Botswana,FALSE
25/03/21,Zambia,Algeria,3,3,African Cup of Nations qualification,Lusaka,Zambia,FALSE
25/03/21,Equatorial Guinea,Tanzania,1,0,African Cup of Nations qualification,Malabo,Equatorial Guinea,FALSE
25/03/21,Libya,Tunisia,2,5,African Cup of Nations qualification,Benina,Libya,FALSE
25/03/21,Tajikistan,Mongolia,3,0,FIFA World Cup qualification,Dushanbe,Tajikistan,FALSE
26/03/21,Chile,Bolivia,2,1,Friendly,Rancagua,Chile,FALSE
26/03/21,Burundi,Central African Republic,2,2,African Cup of Nations qualification,Bujumbura,Burundi,FALSE
26/03/21,Mauritania,Morocco,0,0,African Cup of Nations qualification,Nouakchott,Mauritania,FALSE
26/03/21,Cape Verde,Cameroon,3,1,African Cup of Nations qualification,Praia,Cape Verde,FALSE
26/03/21,Eswatini,Guinea-Bissau,1,3,African Cup of Nations qualification,Manzini,Eswatini,FALSE
26/03/21,Congo,Senegal,0,0,African Cup of Nations qualification,Brazzaville,Congo,FALSE
26/03/21,Niger,Ivory Coast,0,3,African Cup of Nations qualification,Lom√©,Togo,TRUE
27/03/21,Bosnia and Herzegovina,Costa Rica,0,0,Friendly,Zenica,Bosnia and Herzegovina,FALSE
27/03/21,Nepal,Bangladesh,0,0,Friendly,Kathmandu,Nepal,FALSE
27/03/21,Qatar,Azerbaijan,2,1,Friendly,Debrecen,Hungary,TRUE
27/03/21,Wales,Mexico,1,0,Friendly,Cardiff,Wales,FALSE
27/03/21,United States Virgin Islands,Antigua and Barbuda,0,3,FIFA World Cup qualification,Saint Croix,United States Virgin Islands,FALSE
27/03/21,Aruba,Suriname,0,6,FIFA World Cup qualification,Bradenton,United States,TRUE
27/03/21,British Virgin Islands,Guatemala,0,3,FIFA World Cup qualification,Willemstad,Cura√ßao,TRUE
27/03/21,Anguilla,Dominican Republic,0,6,FIFA World Cup qualification,Fort Lauderdale,United States,TRUE
27/03/21,Turks and Caicos Islands,Nicaragua,0,7,FIFA World Cup qualification,San Crist√≥bal,Dominican Republic,TRUE
27/03/21,Bahamas,Saint Kitts and Nevis,0,4,FIFA World Cup qualification,Nassau,Bahamas,FALSE
27/03/21,Republic of Ireland,Luxembourg,0,1,FIFA World Cup qualification,Dublin,Republic of Ireland,FALSE
27/03/21,Serbia,Portugal,2,2,FIFA World Cup qualification,Belgrade,Serbia,FALSE
27/03/21,Belarus,Estonia,4,2,FIFA World Cup qualification,Minsk,Belarus,FALSE
27/03/21,Czech Republic,Belgium,1,1,FIFA World Cup qualification,Prague,Czech Republic,FALSE
27/03/21,Montenegro,Gibraltar,4,1,FIFA World Cup qualification,Podgorica,Montenegro,FALSE
27/03/21,Netherlands,Latvia,2,0,FIFA World Cup qualification,Amsterdam,Netherlands,FALSE
27/03/21,Norway,Turkey,0,3,FIFA World Cup qualification,M√°laga,Spain,TRUE
27/03/21,Russia,Slovenia,2,1,FIFA World Cup qualification,Sochi,Russia,FALSE
27/03/21,Croatia,Cyprus,1,0,FIFA World Cup qualification,Rijeka,Croatia,FALSE
27/03/21,Slovakia,Malta,2,2,FIFA World Cup qualification,Trnava,Slovakia,FALSE
27/03/21,Lesotho,Sierra Leone,0,0,African Cup of Nations qualification,Maseru,Lesotho,FALSE
27/03/21,Benin,Nigeria,0,1,African Cup of Nations qualification,Porto-Novo,Benin,FALSE
28/03/21,Greece,Honduras,2,1,Friendly,Thessaloniki,Greece,FALSE
28/03/21,Northern Ireland,United States,1,2,Friendly,Belfast,Northern Ireland,FALSE
28/03/21,Montserrat,El Salvador,1,1,FIFA World Cup qualification,Willemstad,Cura√ßao,TRUE
28/03/21,Cuba,Cura√ßao,1,2,FIFA World Cup qualification,Guatemala City,Guatemala,TRUE
28/03/21,Dominica,Panama,1,2,FIFA World Cup qualification,Santo Domingo,Dominican Republic,TRUE
28/03/21,Puerto Rico,Trinidad and Tobago,1,1,FIFA World Cup qualification,Mayag√ºez,Puerto Rico,FALSE
28/03/21,Georgia,Spain,1,2,FIFA World Cup qualification,Tbilisi,Georgia,FALSE
28/03/21,Kosovo,Sweden,0,3,FIFA World Cup qualification,Pristina,Kosovo,FALSE
28/03/21,Switzerland,Lithuania,1,0,FIFA World Cup qualification,St. Gallen,Switzerland,FALSE
28/03/21,Bulgaria,Italy,0,2,FIFA World Cup qualification,Sofia,Bulgaria,FALSE
28/03/21,Kazakhstan,France,0,2,FIFA World Cup qualification,Nur-Sultan,Kazakhstan,FALSE
28/03/21,Ukraine,Finland,1,1,FIFA World Cup qualification,Kyiv,Ukraine,FALSE
28/03/21,Denmark,Moldova,8,0,FIFA World Cup qualification,Herning,Denmark,FALSE
28/03/21,Austria,Faroe Islands,3,1,FIFA World Cup qualification,Vienna,Austria,FALSE
28/03/21,Israel,Scotland,1,1,FIFA World Cup qualification,Tel Aviv,Israel,FALSE
28/03/21,Albania,England,0,2,FIFA World Cup qualification,Tirana,Albania,FALSE
28/03/21,Poland,Andorra,3,0,FIFA World Cup qualification,Warsaw,Poland,FALSE
28/03/21,San Marino,Hungary,0,3,FIFA World Cup qualification,Serravalle,San Marino,FALSE
28/03/21,Armenia,Iceland,2,0,FIFA World Cup qualification,Yerevan,Armenia,FALSE
28/03/21,North Macedonia,Liechtenstein,5,0,FIFA World Cup qualification,Skopje,North Macedonia,FALSE
28/03/21,Romania,Germany,0,1,FIFA World Cup qualification,Bucharest,Romania,FALSE
28/03/21,Namibia,Guinea,2,1,African Cup of Nations qualification,Windhoek,Namibia,FALSE
28/03/21,Mali,Chad,3,0,African Cup of Nations qualification,Bamako,Mali,FALSE
28/03/21,Ghana,S√£o Tom√© and Pr√≠ncipe,3,1,African Cup of Nations qualification,Cape Coast,Ghana,FALSE
28/03/21,Sudan,South Africa,2,0,African Cup of Nations qualification,Omdurman,Sudan,FALSE
28/03/21,Tunisia,Equatorial Guinea,2,1,African Cup of Nations qualification,Rad√®s,Tunisia,FALSE
28/03/21,Tanzania,Libya,1,0,African Cup of Nations qualification,Dar es Salaam,Tanzania,FALSE
29/03/21,Ecuador,Bolivia,2,1,Friendly,Guayaquil,Ecuador,FALSE
29/03/21,Kuwait,Lebanon,1,1,Friendly,Dubai,United Arab Emirates,TRUE
29/03/21,Nepal,Bangladesh,2,1,Friendly,Kathmandu,Nepal,FALSE
29/03/21,Uzbekistan,Iraq,0,1,Friendly,Tashkent,Uzbekistan,FALSE
29/03/21,Cayman Islands,Canada,0,11,FIFA World Cup qualification,Bradenton,United States,TRUE
29/03/21,Burkina Faso,South Sudan,1,0,African Cup of Nations qualification,Ouagadougou,Burkina Faso,FALSE
29/03/21,Malawi,Uganda,1,0,African Cup of Nations qualification,Lilongwe,Malawi,FALSE
29/03/21,Angola,Gabon,2,0,African Cup of Nations qualification,Luanda,Angola,FALSE
29/03/21,DR Congo,Gambia,1,0,African Cup of Nations qualification,Kinshasa,DR Congo,FALSE
29/03/21,Togo,Kenya,1,2,African Cup of Nations qualification,Lom√©,Togo,FALSE
29/03/21,Egypt,Comoros,4,0,African Cup of Nations qualification,Cairo,Egypt,FALSE
29/03/21,Algeria,Botswana,5,0,African Cup of Nations qualification,Algiers,Algeria,FALSE
29/03/21,Zimbabwe,Zambia,0,2,African Cup of Nations qualification,Harare,Zimbabwe,FALSE
29/03/21,United Arab Emirates,India,6,0,Friendly,Dubai,United Arab Emirates,FALSE
30/03/21,Bahrain,Jordan,1,2,Friendly,Riffa,Bahrain,FALSE
30/03/21,Costa Rica,Mexico,0,1,Friendly,Wiener Neustadt,Austria,TRUE
30/03/21,Iran,Syria,3,0,Friendly,Tehran,Iran,FALSE
30/03/21,Republic of Ireland,Qatar,1,1,Friendly,Debrecen,Hungary,TRUE
30/03/21,Grenada,United States Virgin Islands,1,0,FIFA World Cup qualification,St. George's,Grenada,FALSE
30/03/21,Bermuda,Aruba,5,0,FIFA World Cup qualification,Bradenton,United States,TRUE
30/03/21,Saint Vincent and the Grenadines,British Virgin Islands,3,0,FIFA World Cup qualification,Willemstad,Cura√ßao,TRUE
30/03/21,Barbados,Anguilla,1,0,FIFA World Cup qualification,Santo Domingo,Dominican Republic,TRUE
30/03/21,Belize,Turks and Caicos Islands,5,0,FIFA World Cup qualification,San Crist√≥bal,Dominican Republic,TRUE
30/03/21,Guyana,Bahamas,4,0,FIFA World Cup qualification,Santo Domingo,Dominican Republic,TRUE
30/03/21,Azerbaijan,Serbia,1,2,FIFA World Cup qualification,Baku,Azerbaijan,FALSE
30/03/21,Luxembourg,Portugal,1,3,FIFA World Cup qualification,Luxembourg,Luxembourg,FALSE
30/03/21,Wales,Czech Republic,1,0,FIFA World Cup qualification,Cardiff,Wales,FALSE
30/03/21,Belgium,Belarus,8,0,FIFA World Cup qualification,Leuven,Belgium,FALSE
30/03/21,Gibraltar,Netherlands,0,7,FIFA World Cup qualification,Gibraltar,Gibraltar,FALSE
30/03/21,Montenegro,Norway,0,1,FIFA World Cup qualification,Podgorica,Montenegro,FALSE
30/03/21,Turkey,Latvia,3,3,FIFA World Cup qualification,Istanbul,Turkey,FALSE
30/03/21,Cyprus,Slovenia,1,0,FIFA World Cup qualification,Nicosia,Cyprus,FALSE
30/03/21,Croatia,Malta,3,0,FIFA World Cup qualification,Rijeka,Croatia,FALSE
30/03/21,Slovakia,Russia,2,1,FIFA World Cup qualification,Trnava,Slovakia,FALSE
30/03/21,Saudi Arabia,Palestine,5,0,FIFA World Cup qualification,Riyadh,Saudi Arabia,FALSE
30/03/21,Japan,Mongolia,14,0,FIFA World Cup qualification,Chiba,Japan,FALSE
30/03/21,Central African Republic,Mauritania,0,1,African Cup of Nations qualification,Bangui,Central African Republic,FALSE
30/03/21,Morocco,Burundi,1,0,African Cup of Nations qualification,Rabat,Morocco,FALSE
30/03/21,Cameroon,Rwanda,0,0,African Cup of Nations qualification,Douala,Cameroon,FALSE
30/03/21,Mozambique,Cape Verde,0,1,African Cup of Nations qualification,Maputo,Mozambique,FALSE
30/03/21,Guinea-Bissau,Congo,3,0,African Cup of Nations qualification,Bissau,Guinea-Bissau,FALSE
30/03/21,Senegal,Eswatini,1,1,African Cup of Nations qualification,Thi√®s,Senegal,FALSE
30/03/21,Ivory Coast,Ethiopia,3,1,African Cup of Nations qualification,Abidjan,Ivory Coast,FALSE
30/03/21,Madagascar,Niger,0,0,African Cup of Nations qualification,Toamasina,Madagascar,FALSE
30/03/21,Nigeria,Lesotho,3,0,African Cup of Nations qualification,Lagos,Nigeria,FALSE
31/03/21,Sweden,Estonia,1,0,Friendly,Stockholm,Sweden,FALSE
31/03/21,Switzerland,Finland,3,2,Friendly,St. Gallen,Switzerland,FALSE
31/03/21,Spain,Kosovo,3,1,FIFA World Cup qualification,Seville,Spain,FALSE
31/03/21,Greece,Georgia,1,1,FIFA World Cup qualification,Thessaloniki,Greece,FALSE
31/03/21,Northern Ireland,Bulgaria,0,0,FIFA World Cup qualification,Belfast,Northern Ireland,FALSE
31/03/21,Lithuania,Italy,0,2,FIFA World Cup qualification,Vilnius,Lithuania,FALSE
31/03/21,Bosnia and Herzegovina,France,0,1,FIFA World Cup qualification,Sarajevo,Bosnia and Herzegovina,FALSE
31/03/21,Ukraine,Kazakhstan,1,1,FIFA World Cup qualification,Kyiv,Ukraine,FALSE
31/03/21,Scotland,Faroe Islands,4,0,FIFA World Cup qualification,Glasgow,Scotland,FALSE
31/03/21,Austria,Denmark,0,4,FIFA World Cup qualification,Vienna,Austria,FALSE
31/03/21,Moldova,Israel,1,4,FIFA World Cup qualification,Chi»ôinƒÉu,Moldova,FALSE
31/03/21,England,Poland,2,1,FIFA World Cup qualification,London,England,FALSE
31/03/21,Andorra,Hungary,1,4,FIFA World Cup qualification,Andorra la Vella,Andorra,FALSE
31/03/21,San Marino,Albania,0,2,FIFA World Cup qualification,Serravalle,San Marino,FALSE
31/03/21,Armenia,Romania,3,2,FIFA World Cup qualification,Yerevan,Armenia,FALSE
31/03/21,Germany,North Macedonia,1,2,FIFA World Cup qualification,Duisburg,Germany,FALSE
31/03/21,Liechtenstein,Iceland,1,4,FIFA World Cup qualification,Vaduz,Liechtenstein,FALSE
23/05/21,Ukraine,Bahrain,1,1,Friendly,Kharkiv,Ukraine,FALSE
24/05/21,Iraq,Tajikistan,0,0,Friendly,Basra,Iraq,FALSE
24/05/21,United Arab Emirates,Jordan,5,1,Friendly,Dubai,United Arab Emirates,FALSE
25/05/21,Indonesia,Afghanistan,2,3,Friendly,Dubai,United Arab Emirates,TRUE
25/05/21,Oman,Thailand,1,0,Friendly,Dubai,United Arab Emirates,TRUE
27/05/21,Turkey,Azerbaijan,2,1,Friendly,Alanya,Turkey,FALSE
28/05/21,Bahrain,Malaysia,2,0,Friendly,Riffa,Bahrain,FALSE
28/05/21,Italy,San Marino,7,0,Friendly,Cagliari,Italy,FALSE
28/05/21,Japan,Myanmar,10,0,FIFA World Cup qualification,Chiba,Japan,FALSE
29/05/21,Indonesia,Oman,1,3,Friendly,Dubai,United Arab Emirates,TRUE
29/05/21,Iraq,Nepal,6,2,Friendly,Basra,Iraq,FALSE
29/05/21,Mexico,Iceland,2,1,Friendly,Arlington,United States,TRUE
29/05/21,Singapore,Afghanistan,1,1,Friendly,Dubai,United Arab Emirates,TRUE
29/05/21,Sweden,Finland,2,0,Friendly,Stockholm,Sweden,FALSE
29/05/21,Thailand,Tajikistan,2,2,Friendly,Sharjah,United Arab Emirates,TRUE
30/05/21,Malta,Northern Ireland,0,3,Friendly,Klagenfurt,Austria,TRUE
30/05/21,Switzerland,United States,2,1,Friendly,St. Gallen,Switzerland,FALSE
30/05/21,China PR,Guam,7,0,FIFA World Cup qualification,Suzhou,China PR,FALSE
31/05/21,Jordan,Vietnam,1,1,Friendly,Sharjah,United Arab Emirates,TRUE
31/05/21,Turkey,Guinea,0,0,Friendly,Antalya,Turkey,FALSE
01/06/21,Croatia,Armenia,1,1,Friendly,Velika Gorica,Croatia,FALSE
01/06/21,Kosovo,San Marino,4,1,Friendly,Pristina,Kosovo,FALSE
01/06/21,North Macedonia,Slovenia,1,1,Friendly,Skopje,North Macedonia,FALSE
01/06/21,Poland,Russia,1,1,Friendly,Wroc≈Çaw,Poland,FALSE
01/06/21,Slovakia,Bulgaria,1,1,Friendly,Ried im Innkreis,Austria,TRUE
01/06/21,Lithuania,Estonia,0,1,Baltic Cup,Vilnius,Lithuania,FALSE
02/06/21,Belarus,Azerbaijan,1,2,Friendly,Minsk,Belarus,FALSE
02/06/21,Bosnia and Herzegovina,Montenegro,0,0,Friendly,Sarajevo,Bosnia and Herzegovina,FALSE
02/06/21,England,Austria,1,0,Friendly,London,England,FALSE
02/06/21,France,Wales,3,0,Friendly,Nice,France,FALSE
02/06/21,Germany,Denmark,1,1,Friendly,Innsbruck,Austria,TRUE
02/06/21,Mozambique,Lesotho,5,0,Friendly,Maputo,Mozambique,FALSE
02/06/21,Netherlands,Scotland,2,2,Friendly,S√£o Jo√£o da Venda,Portugal,TRUE
02/06/21,Norway,Luxembourg,1,0,Friendly,M√°laga,Spain,TRUE
02/06/21,Romania,Georgia,1,2,Friendly,Ploie»ôti,Romania,FALSE
02/06/21,Montserrat,United States Virgin Islands,4,0,FIFA World Cup qualification,San Crist√≥bal,Dominican Republic,TRUE
02/06/21,Cayman Islands,Aruba,1,3,FIFA World Cup qualification,Bradenton,United States,TRUE
02/06/21,Cuba,British Virgin Islands,5,0,FIFA World Cup qualification,Guatemala City,Guatemala,TRUE
02/06/21,Dominica,Anguilla,3,0,FIFA World Cup qualification,Santo Domingo,Dominican Republic,TRUE
02/06/21,Puerto Rico,Bahamas,7,0,FIFA World Cup qualification,Mayag√ºez,Puerto Rico,FALSE
03/06/21,Algeria,Mauritania,4,1,Friendly,Blida,Algeria,FALSE
03/06/21,Andorra,Republic of Ireland,1,4,Friendly,Andorra la Vella,Andorra,FALSE
03/06/21,Belgium,Greece,1,1,Friendly,Brussels,Belgium,FALSE
03/06/21,Switzerland,Liechtenstein,7,0,Friendly,St. Gallen,Switzerland,FALSE
03/06/21,Turkey,Moldova,2,0,Friendly,Paderborn,Germany,TRUE
03/06/21,Ukraine,Northern Ireland,1,0,Friendly,Dnipro,Ukraine,FALSE
03/06/21,Mexico,Costa Rica,0,0,CONCACAF Nations League,Denver,United States,TRUE
03/06/21,United States,Honduras,1,0,CONCACAF Nations League,Denver,United States,FALSE
03/06/21,Nepal,Taiwan,2,0,FIFA World Cup qualification,Kuwait City,Kuwait,TRUE
03/06/21,Iran,Hong Kong,3,1,FIFA World Cup qualification,Arad,Iran,FALSE
03/06/21,Bahrain,Cambodia,8,0,FIFA World Cup qualification,Riffa,Bahrain,FALSE
03/06/21,Palestine,Singapore,4,0,FIFA World Cup qualification,Riyadh,Saudi Arabia,TRUE
03/06/21,Bangladesh,Afghanistan,1,1,FIFA World Cup qualification,Doha,Qatar,TRUE
03/06/21,United Arab Emirates,Malaysia,4,0,FIFA World Cup qualification,Dubai,United Arab Emirates,FALSE
03/06/21,Thailand,Indonesia,2,2,FIFA World Cup qualification,Dubai,United Arab Emirates,TRUE
03/06/21,Bolivia,Venezuela,3,1,FIFA World Cup qualification,La Paz,Bolivia,FALSE
03/06/21,Uruguay,Paraguay,0,0,FIFA World Cup qualification,Montevideo,Uruguay,FALSE
03/06/21,Argentina,Chile,1,1,FIFA World Cup qualification,Santiago del Estero,Argentina,FALSE
03/06/21,Peru,Colombia,0,3,FIFA World Cup qualification,Lima,Peru,FALSE
03/06/21,Kuwait,Australia,0,3,FIFA World Cup qualification,Kuwait City,Kuwait,FALSE
03/06/21,Qatar,India,1,0,FIFA World Cup qualification,Doha,Qatar,FALSE
04/06/21,Faroe Islands,Iceland,0,1,Friendly,T√≥rshavn,Faroe Islands,FALSE
04/06/21,Finland,Estonia,0,1,Friendly,Helsinki,Finland,FALSE
04/06/21,Hungary,Cyprus,1,0,Friendly,Budapest,Hungary,FALSE
04/06/21,Italy,Czech Republic,4,0,Friendly,Bologna,Italy,FALSE
04/06/21,Kosovo,Malta,2,1,Friendly,Klagenfurt,Austria,TRUE
04/06/21,Nigeria,Cameroon,0,1,Friendly,Wiener Neustadt,Austria,TRUE
04/06/21,North Macedonia,Kazakhstan,4,0,Friendly,Skopje,North Macedonia,FALSE
04/06/21,Rwanda,Central African Republic,2,0,Friendly,Kigali,Rwanda,FALSE
04/06/21,Slovenia,Gibraltar,6,0,Friendly,Koper,Slovenia,FALSE
04/06/21,Spain,Portugal,0,0,Friendly,Madrid,Spain,FALSE
04/06/21,Latvia,Lithuania,3,1,Baltic Cup,Riga,Latvia,FALSE
04/06/21,Maldives,Syria,0,4,FIFA World Cup qualification,Sharjah,United Arab Emirates,TRUE
04/06/21,Antigua and Barbuda,Grenada,1,0,FIFA World Cup qualification,North Sound,Antigua and Barbuda,FALSE
04/06/21,Suriname,Bermuda,6,0,FIFA World Cup qualification,Paramaribo,Suriname,FALSE
04/06/21,Guatemala,Saint Vincent and the Grenadines,10,0,FIFA World Cup qualification,Guatemala City,Guatemala,FALSE
04/06/21,Dominican Republic,Barbados,1,1,FIFA World Cup qualification,Santo Domingo,Dominican Republic,FALSE
04/06/21,Nicaragua,Belize,3,0,FIFA World Cup qualification,Managua,Nicaragua,FALSE
04/06/21,Saint Kitts and Nevis,Guyana,3,0,FIFA World Cup qualification,Basseterre,Saint Kitts and Nevis,FALSE
04/06/21,Brazil,Ecuador,2,0,FIFA World Cup qualification,Porto Alegre,Brazil,FALSE
05/06/21,Guinea,Togo,0,2,Friendly,Antalya,Turkey,TRUE
05/06/21,Ivory Coast,Burkina Faso,2,1,Friendly,Abidjan,Ivory Coast,FALSE
05/06/21,Montenegro,Israel,1,3,Friendly,Podgorica,Montenegro,FALSE
05/06/21,Niger,Gambia,0,2,Friendly,Antalya,Turkey,TRUE
05/06/21,Russia,Bulgaria,1,0,Friendly,Moscow,Russia,FALSE
05/06/21,Senegal,Zambia,3,1,Friendly,Thi√®s,Senegal,FALSE
05/06/21,Sweden,Armenia,3,1,Friendly,Stockholm,Sweden,FALSE
05/06/21,Tunisia,DR Congo,1,0,Friendly,Rad√®s,Tunisia,FALSE
05/06/21,Wales,Albania,0,0,Friendly,Cardiff,Wales,FALSE
05/06/21,Saudi Arabia,Yemen,3,0,FIFA World Cup qualification,Riyadh,Saudi Arabia,FALSE
05/06/21,Lebanon,Sri Lanka,3,2,FIFA World Cup qualification,Goyang,South Korea,TRUE
05/06/21,South Korea,Turkmenistan,5,0,FIFA World Cup qualification,Goyang,South Korea,FALSE
05/06/21,United States Virgin Islands,El Salvador,0,7,FIFA World Cup qualification,Saint Croix,United States Virgin Islands,FALSE
05/06/21,Aruba,Canada,0,7,FIFA World Cup qualification,Bradenton,United States,TRUE
05/06/21,British Virgin Islands,Cura√ßao,0,8,FIFA World Cup qualification,Guatemala City,Guatemala,TRUE
05/06/21,Panama,Anguilla,13,0,FIFA World Cup qualification,Panama City,Panama,FALSE
05/06/21,Turks and Caicos Islands,Haiti,0,10,FIFA World Cup qualification,Providenciales,Turks and Caicos Islands,FALSE
05/06/21,Bahamas,Trinidad and Tobago,0,0,FIFA World Cup qualification,Nassau,Bahamas,FALSE
06/06/21,Algeria,Mali,1,0,Friendly,Blida,Algeria,FALSE
06/06/21,Austria,Slovakia,0,0,Friendly,Vienna,Austria,FALSE
06/06/21,Belgium,Croatia,1,0,Friendly,Brussels,Belgium,FALSE
06/06/21,Denmark,Bosnia and Herzegovina,2,0,Friendly,Brondbyvester,Denmark,FALSE
06/06/21,England,Romania,1,0,Friendly,London,England,FALSE
06/06/21,Luxembourg,Scotland,0,1,Friendly,Luxembourg,Luxembourg,FALSE
06/06/21,Moldova,Azerbaijan,1,0,Friendly,Chi»ôinƒÉu,Moldova,FALSE
06/06/21,Netherlands,Georgia,3,0,Friendly,Enschede,Netherlands,FALSE
06/06/21,Norway,Greece,1,2,Friendly,M√°laga,Spain,TRUE
06/06/21,Honduras,Costa Rica,2,2,CONCACAF Nations League,Denver,United States,TRUE
06/06/21,United States,Mexico,3,2,CONCACAF Nations League,Denver,United States,FALSE
07/06/21,Andorra,Gibraltar,0,0,Friendly,Andorra la Vella,Andorra,FALSE
07/06/21,Faroe Islands,Liechtenstein,5,1,Friendly,T√≥rshavn,Faroe Islands,FALSE
07/06/21,Germany,Latvia,7,1,Friendly,D√ºsseldorf,Germany,FALSE
07/06/21,Rwanda,Central African Republic,5,0,Friendly,Kigali,Rwanda,FALSE
07/06/21,Serbia,Jamaica,1,1,Friendly,Miki,Japan,TRUE
07/06/21,Ukraine,Cyprus,4,0,Friendly,Kharkiv,Ukraine,FALSE
07/06/21,Guam,Syria,0,3,FIFA World Cup qualification,Sharjah,United Arab Emirates,TRUE
07/06/21,China PR,Philippines,2,0,FIFA World Cup qualification,Sharjah,United Arab Emirates,TRUE
07/06/21,Nepal,Jordan,0,3,FIFA World Cup qualification,Kuwait City,Kuwait,TRUE
07/06/21,Australia,Taiwan,5,1,FIFA World Cup qualification,Kuwait City,Kuwait,TRUE
07/06/21,Iraq,Cambodia,4,1,FIFA World Cup qualification,Arad,Iran,TRUE
07/06/21,Uzbekistan,Singapore,5,0,FIFA World Cup qualification,Riyadh,Saudi Arabia,TRUE
07/06/21,Bangladesh,India,0,2,FIFA World Cup qualification,Doha,Qatar,TRUE
07/06/21,Kyrgyzstan,Mongolia,0,1,FIFA World Cup qualification,Osaka,Japan,TRUE
07/06/21,Japan,Tajikistan,4,1,FIFA World Cup qualification,Suita,Japan,FALSE
07/06/21,United Arab Emirates,Thailand,3,1,FIFA World Cup qualification,Dubai,United Arab Emirates,FALSE
07/06/21,Vietnam,Indonesia,4,0,FIFA World Cup qualification,Dubai,United Arab Emirates,TRUE
07/06/21,Bahrain,Iran,0,3,FIFA World Cup qualification,Riffa,Bahrain,FALSE
07/06/21,Qatar,Oman,1,0,FIFA World Cup qualification,Doha,Qatar,FALSE
08/06/21,Benin,Zambia,2,2,Friendly,Cotonou,Benin,FALSE
08/06/21,Cameroon,Nigeria,0,0,Friendly,Wiener Neustadt,Austria,TRUE
08/06/21,Czech Republic,Albania,3,1,Friendly,Prague,Czech Republic,FALSE
08/06/21,France,Bulgaria,3,0,Friendly,Paris,France,FALSE
08/06/21,Gambia,Togo,1,0,Friendly,Antalya,Turkey,TRUE
08/06/21,Hungary,Republic of Ireland,0,0,Friendly,Budapest,Hungary,FALSE
08/06/21,Kosovo,Guinea,1,2,Friendly,Antalya,Turkey,TRUE
08/06/21,Morocco,Ghana,1,0,Friendly,Rabat,Morocco,FALSE
08/06/21,Mozambique,Eswatini,1,1,Friendly,Maputo,Mozambique,FALSE
08/06/21,Poland,Iceland,2,2,Friendly,Pozna≈Ñ,Poland,FALSE
08/06/21,Senegal,Cape Verde,2,0,Friendly,Thi√®s,Senegal,FALSE
08/06/21,Spain,Lithuania,4,0,Friendly,Legan√©s,Spain,FALSE
08/06/21,Grenada,Montserrat,1,2,FIFA World Cup qualification,St. George's,Grenada,FALSE
08/06/21,El Salvador,Antigua and Barbuda,3,0,FIFA World Cup qualification,San Salvador,El Salvador,FALSE
08/06/21,Canada,Suriname,4,0,FIFA World Cup qualification,Bridgeview,United States,TRUE
08/06/21,Bermuda,Cayman Islands,1,1,FIFA World Cup qualification,Bradenton,United States,TRUE
08/06/21,Saint Vincent and the Grenadines,Cuba,0,1,FIFA World Cup qualification,St. George's,Grenada,TRUE
08/06/21,Cura√ßao,Guatemala,0,0,FIFA World Cup qualification,Willemstad,Cura√ßao,FALSE
08/06/21,Barbados,Dominica,1,1,FIFA World Cup qualification,Santo Domingo,Dominican Republic,TRUE
08/06/21,Panama,Dominican Republic,3,0,FIFA World Cup qualification,Panama City,Panama,FALSE
08/06/21,Haiti,Nicaragua,1,0,FIFA World Cup qualification,Port-au-Prince,Haiti,FALSE
08/06/21,Guyana,Puerto Rico,0,2,FIFA World Cup qualification,Basseterre,Saint Kitts and Nevis,TRUE
08/06/21,Trinidad and Tobago,Saint Kitts and Nevis,2,0,FIFA World Cup qualification,Santo Domingo,Dominican Republic,TRUE
08/06/21,Ecuador,Peru,1,2,FIFA World Cup qualification,Quito,Ecuador,FALSE
08/06/21,Colombia,Argentina,2,2,FIFA World Cup qualification,Barranquilla,Colombia,FALSE
08/06/21,Venezuela,Uruguay,0,0,FIFA World Cup qualification,Caracas,Venezuela,FALSE
08/06/21,Paraguay,Brazil,0,2,FIFA World Cup qualification,Asunci√≥n,Paraguay,FALSE
08/06/21,Chile,Bolivia,1,1,FIFA World Cup qualification,Santiago,Chile,FALSE
09/06/21,Turkmenistan,Lebanon,3,2,FIFA World Cup qualification,Goyang,South Korea,TRUE
09/06/21,Niger,Congo,0,1,Friendly,Antalya,Turkey,TRUE
09/06/21,Portugal,Israel,4,0,Friendly,Lisbon,Portugal,FALSE
09/06/21,United States,Costa Rica,4,0,Friendly,Sandy,United States,FALSE
09/06/21,South Korea,Sri Lanka,5,0,FIFA World Cup qualification,Goyang,South Korea,FALSE
10/06/21,Estonia,Latvia,2,1,Baltic Cup,Tallinn,Estonia,FALSE
10/06/21,South Africa,Uganda,3,2,Friendly,Johannesburg,South Africa,FALSE
11/06/21,Philippines,Guam,3,0,FIFA World Cup qualification,Sharjah,United Arab Emirates,TRUE
11/06/21,China PR,Maldives,5,0,FIFA World Cup qualification,Sharjah,United Arab Emirates,TRUE
11/06/21,Nepal,Australia,0,3,FIFA World Cup qualification,Kuwait City,Kuwait,TRUE
11/06/21,Kuwait,Jordan,0,0,FIFA World Cup qualification,Kuwait City,Kuwait,FALSE
11/06/21,Cambodia,Iran,0,10,FIFA World Cup qualification,Isa Town,Bahrain,TRUE
11/06/21,Hong Kong,Iraq,0,1,FIFA World Cup qualification,Arad,Iran,TRUE
11/06/21,Yemen,Uzbekistan,0,1,FIFA World Cup qualification,Riyadh,Saudi Arabia,TRUE
11/06/21,Afghanistan,Oman,1,2,FIFA World Cup qualification,Doha,Qatar,TRUE
11/06/21,Myanmar,Kyrgyzstan,1,8,FIFA World Cup qualification,Osaka,Japan,TRUE
11/06/21,Malaysia,Vietnam,1,2,FIFA World Cup qualification,Dubai,United Arab Emirates,TRUE
11/06/21,Japan,Serbia,1,0,Kirin Challenge Cup,Kobe,Japan,FALSE
11/06/21,DR Congo,Mali,1,1,Friendly,Rad√®s,Tunisia,TRUE
11/06/21,Guinea,Niger,2,1,Friendly,Antalya,Turkey,TRUE
11/06/21,Kosovo,Gambia,1,0,Friendly,Antalya,Turkey,TRUE
11/06/21,Mauritania,Liberia,1,0,Friendly,Tunis,Tunisia,TRUE
11/06/21,Tunisia,Algeria,0,2,Friendly,Rad√®s,Tunisia,FALSE
11/06/21,Italy,Turkey,3,0,UEFA Euro,Rome,Italy,FALSE
11/06/21,Saudi Arabia,Singapore,3,0,FIFA World Cup qualification,Riyadh,Saudi Arabia,FALSE
11/06/21,United Arab Emirates,Indonesia,5,0,FIFA World Cup qualification,Dubai,United Arab Emirates,FALSE
12/06/21,Haiti,Canada,0,1,FIFA World Cup qualification,Port-au-Prince,Haiti,FALSE
12/06/21,Panama,Cura√ßao,2,1,FIFA World Cup qualification,Panama City,Panama,FALSE
12/06/21,Saint Kitts and Nevis,El Salvador,0,4,FIFA World Cup qualification,Basseterre,Saint Kitts and Nevis,FALSE
12/06/21,Ghana,Ivory Coast,0,0,Friendly,Cape Coast,Ghana,FALSE
12/06/21,Mexico,Honduras,0,0,Friendly,Atlanta,United States,TRUE
12/06/21,Morocco,Burkina Faso,1,0,Friendly,Rabat,Morocco,FALSE
12/06/21,Wales,Switzerland,1,1,UEFA Euro,Cardiff,Wales,FALSE
12/06/21,Denmark,Finland,0,1,UEFA Euro,Copenhagen,Denmark,FALSE
12/06/21,Russia,Belgium,0,3,UEFA Euro,Saint Petersburg,Russia,FALSE
13/06/21,South Korea,Lebanon,2,1,FIFA World Cup qualification,Goyang,South Korea,FALSE
13/06/21,Sudan,Zambia,0,1,Friendly,Omdurman,Sudan,FALSE
13/06/21,Tanzania,Malawi,2,0,Friendly,Dar es Salaam,Tanzania,FALSE
13/06/21,Austria,North Macedonia,3,1,UEFA Euro,Bucharest,Romania,TRUE
13/06/21,Netherlands,Ukraine,3,2,UEFA Euro,Amsterdam,Netherlands,FALSE
13/06/21,England,Croatia,1,0,UEFA Euro,London,England,FALSE
13/06/21,Brazil,Venezuela,3,0,Copa Am√©rica,Bras√≠lia,Brazil,FALSE
13/06/21,Colombia,Ecuador,1,0,Copa Am√©rica,Cuiab√°,Brazil,TRUE
14/06/21,Libya,Liberia,0,1,Friendly,Tunis,Tunisia,TRUE
14/06/21,Scotland,Czech Republic,0,2,UEFA Euro,Glasgow,Scotland,FALSE
14/06/21,Poland,Slovakia,1,2,UEFA Euro,Saint Petersburg,Russia,TRUE
14/06/21,Spain,Sweden,0,0,UEFA Euro,Seville,Spain,FALSE
14/06/21,Argentina,Chile,1,1,Copa Am√©rica,Rio de Janeiro,Brazil,TRUE
14/06/21,Paraguay,Bolivia,3,1,Copa Am√©rica,Goi√¢nia,Brazil,TRUE
15/06/21,Philippines,Maldives,1,1,FIFA World Cup qualification,Suzhou,China PR,TRUE
15/06/21,China PR,Syria,3,1,FIFA World Cup qualification,Suzhou,China PR,FALSE
15/06/21,Australia,Jordan,1,0,FIFA World Cup qualification,Kuwait City,Kuwait,TRUE
15/06/21,Bahrain,Hong Kong,4,0,FIFA World Cup qualification,Riffa,Bahrain,FALSE
15/06/21,Iran,Iraq,1,0,FIFA World Cup qualification,Arad,Iran,FALSE
15/06/21,Palestine,Yemen,3,0,FIFA World Cup qualification,Riyadh,Saudi Arabia,TRUE
15/06/21,Saudi Arabia,Uzbekistan,3,0,FIFA World Cup qualification,Riyadh,Saudi Arabia,FALSE
15/06/21,Bangladesh,Oman,0,3,FIFA World Cup qualification,Doha,Qatar,TRUE
15/06/21,India,Afghanistan,1,1,FIFA World Cup qualification,Doha,Qatar,TRUE
15/06/21,Tajikistan,Myanmar,4,0,FIFA World Cup qualification,Osaka,Japan,TRUE
15/06/21,Japan,Kyrgyzstan,5,1,FIFA World Cup qualification,Suita,Japan,FALSE
15/06/21,Thailand,Malaysia,0,1,FIFA World Cup qualification,Dubai,United Arab Emirates,TRUE
15/06/21,United Arab Emirates,Vietnam,3,2,FIFA World Cup qualification,Dubai,United Arab Emirates,FALSE
15/06/21,Canada,Haiti,3,0,FIFA World Cup qualification,Bridgeview,United States,TRUE
15/06/21,Cura√ßao,Panama,0,0,FIFA World Cup qualification,Willemstad,Cura√ßao,FALSE
15/06/21,El Salvador,Saint Kitts and Nevis,2,0,FIFA World Cup qualification,San Salvador,El Salvador,FALSE
15/06/21,Tunisia,Mali,1,0,Friendly,Rad√®s,Tunisia,FALSE
15/06/21,Djibouti,Somalia,1,0,Friendly,Djibouti,Djibouti,FALSE
15/06/21,Hungary,Portugal,0,3,UEFA Euro,Budapest,Hungary,FALSE
15/06/21,Germany,France,0,1,UEFA Euro,Munich,Germany,FALSE
15/06/21,Kuwait,Taiwan,2,1,FIFA World Cup qualification,Kuwait City,Kuwait,FALSE
15/06/21,Sierra Leone,Benin,1,0,African Cup of Nations qualification,Conakry,Guinea,TRUE
16/06/21,Turkey,Wales,0,2,UEFA Euro,Baku,Azerbaijan,TRUE
16/06/21,Italy,Switzerland,3,0,UEFA Euro,Rome,Italy,FALSE
16/06/21,Russia,Finland,1,0,UEFA Euro,Saint Petersburg,Russia,FALSE
17/06/21,Denmark,Belgium,1,2,UEFA Euro,Copenhagen,Denmark,FALSE
17/06/21,Ukraine,North Macedonia,2,1,UEFA Euro,Bucharest,Romania,TRUE
17/06/21,Netherlands,Austria,2,0,UEFA Euro,Amsterdam,Netherlands,FALSE
17/06/21,Colombia,Venezuela,0,0,Copa Am√©rica,Goi√¢nia,Brazil,TRUE
17/06/21,Brazil,Peru,4,0,Copa Am√©rica,Rio de Janeiro,Brazil,FALSE
17/06/21,Algeria,Liberia,5,1,Friendly,Oran,Algeria,FALSE
18/06/21,Croatia,Czech Republic,1,1,UEFA Euro,Glasgow,Scotland,TRUE
18/06/21,England,Scotland,0,0,UEFA Euro,London,England,FALSE
18/06/21,Sweden,Slovakia,1,0,UEFA Euro,Saint Petersburg,Russia,TRUE
18/06/21,Chile,Bolivia,1,0,Copa Am√©rica,Cuiab√°,Brazil,TRUE
18/06/21,Argentina,Uruguay,1,0,Copa Am√©rica,Bras√≠lia,Brazil,TRUE
19/06/21,Spain,Poland,1,1,UEFA Euro,Seville,Spain,FALSE
19/06/21,Hungary,France,1,1,UEFA Euro,Budapest,Hungary,FALSE
19/06/21,Germany,Portugal,4,2,UEFA Euro,Munich,Germany,FALSE
19/06/21,Libya,Sudan,0,1,Arab Cup qualification,Doha,Qatar,TRUE
20/06/21,Italy,Wales,1,0,UEFA Euro,Rome,Italy,FALSE
20/06/21,Switzerland,Turkey,3,1,UEFA Euro,Baku,Azerbaijan,TRUE
20/06/21,Venezuela,Ecuador,2,2,Copa Am√©rica,Rio de Janeiro,Brazil,TRUE
20/06/21,Colombia,Peru,1,2,Copa Am√©rica,Goi√¢nia,Brazil,TRUE
20/06/21,Oman,Somalia,2,1,Arab Cup qualification,Doha,Qatar,TRUE
21/06/21,Denmark,Russia,4,1,UEFA Euro,Copenhagen,Denmark,FALSE
21/06/21,Finland,Belgium,0,2,UEFA Euro,Saint Petersburg,Russia,TRUE
21/06/21,Netherlands,North Macedonia,3,0,UEFA Euro,Amsterdam,Netherlands,FALSE
21/06/21,Ukraine,Austria,0,1,UEFA Euro,Bucharest,Romania,TRUE
21/06/21,Uruguay,Chile,1,1,Copa Am√©rica,Cuiab√°,Brazil,TRUE
21/06/21,Argentina,Paraguay,1,0,Copa Am√©rica,Bras√≠lia,Brazil,TRUE
22/06/21,Scotland,Croatia,1,3,UEFA Euro,Glasgow,Scotland,FALSE
22/06/21,England,Czech Republic,1,0,UEFA Euro,London,England,FALSE
22/06/21,Mauritania,Yemen,2,0,Arab Cup qualification,Doha,Qatar,TRUE
23/06/21,Spain,Slovakia,5,0,UEFA Euro,Seville,Spain,FALSE
23/06/21,Sweden,Poland,3,2,UEFA Euro,Saint Petersburg,Russia,TRUE
23/06/21,Germany,Hungary,2,2,UEFA Euro,Munich,Germany,FALSE
23/06/21,Portugal,France,2,2,UEFA Euro,Budapest,Hungary,TRUE
23/06/21,Ecuador,Peru,2,2,Copa Am√©rica,Goi√¢nia,Brazil,TRUE
23/06/21,Brazil,Colombia,2,1,Copa Am√©rica,Rio de Janeiro,Brazil,FALSE
23/06/21,Lebanon,Djibouti,1,0,Arab Cup qualification,Doha,Qatar,TRUE
24/06/21,Bolivia,Uruguay,0,2,Copa Am√©rica,Cuiab√°,Brazil,TRUE
24/06/21,Chile,Paraguay,0,2,Copa Am√©rica,Bras√≠lia,Brazil,TRUE
24/06/21,Palestine,Comoros,5,1,Arab Cup qualification,Doha,Qatar,TRUE
25/06/21,Bahrain,Kuwait,2,0,Arab Cup qualification,Doha,Qatar,TRUE
26/06/21,Italy,Austria,2,1,UEFA Euro,London,England,TRUE
26/06/21,Wales,Denmark,0,4,UEFA Euro,Amsterdam,Netherlands,TRUE
27/06/21,Netherlands,Czech Republic,0,2,UEFA Euro,Budapest,Hungary,TRUE
27/06/21,Belgium,Portugal,1,0,UEFA Euro,Seville,Spain,TRUE
27/06/21,Brazil,Ecuador,1,1,Copa Am√©rica,Goi√¢nia,Brazil,FALSE
27/06/21,Venezuela,Peru,0,1,Copa Am√©rica,Bras√≠lia,Brazil,TRUE
27/06/21,El Salvador,Guatemala,0,0,Friendly,Los Angeles,United States,TRUE
28/06/21,Croatia,Spain,3,5,UEFA Euro,Copenhagen,Denmark,TRUE
28/06/21,France,Switzerland,3,3,UEFA Euro,Bucharest,Romania,TRUE
28/06/21,Argentina,Bolivia,4,1,Copa Am√©rica,Cuiab√°,Brazil,TRUE
28/06/21,Uruguay,Paraguay,1,0,Copa Am√©rica,Rio de Janeiro,Brazil,TRUE
29/06/21,England,Germany,2,0,UEFA Euro,London,England,FALSE
29/06/21,Sweden,Ukraine,1,2,UEFA Euro,Glasgow,Scotland,TRUE
30/06/21,Mexico,Panama,3,0,Friendly,Nashville,United States,TRUE
02/07/21,Switzerland,Spain,1,1,UEFA Euro,Saint Petersburg,Russia,TRUE
02/07/21,Belgium,Italy,1,2,UEFA Euro,Munich,Germany,TRUE
02/07/21,Peru,Paraguay,3,3,Copa Am√©rica,Goi√¢nia,Brazil,TRUE
02/07/21,Brazil,Chile,1,0,Copa Am√©rica,Rio de Janeiro,Brazil,FALSE
02/07/21,Haiti,Saint Vincent and the Grenadines,6,1,Gold Cup qualification,Fort Lauderdale,United States,TRUE
02/07/21,Trinidad and Tobago,Montserrat,6,1,Gold Cup qualification,Fort Lauderdale,United States,TRUE
02/07/21,Bermuda,Barbados,8,1,Gold Cup qualification,Fort Lauderdale,United States,TRUE
03/07/21,Czech Republic,Denmark,1,2,UEFA Euro,Baku,Azerbaijan,TRUE
03/07/21,Ukraine,England,0,4,UEFA Euro,Rome,Italy,TRUE
03/07/21,Mexico,Nigeria,4,0,Friendly,Nashville,United States,TRUE
03/07/21,Uruguay,Colombia,0,0,Copa Am√©rica,Bras√≠lia,Brazil,TRUE
03/07/21,Argentina,Ecuador,3,0,Copa Am√©rica,Goi√¢nia,Brazil,TRUE
03/07/21,Guatemala,Guyana,4,0,Gold Cup qualification,Fort Lauderdale,United States,TRUE
03/07/21,Cuba,French Guiana,0,3,Gold Cup qualification,Fort Lauderdale,United States,TRUE
03/07/21,Guadeloupe,Bahamas,2,0,Gold Cup qualification,Fort Lauderdale,United States,TRUE
04/07/21,Qatar,El Salvador,1,0,Friendly,Pula,Croatia,TRUE
05/07/21,Brazil,Peru,1,0,Copa Am√©rica,Rio de Janeiro,Brazil,FALSE
06/07/21,Argentina,Colombia,1,1,Copa Am√©rica,Bras√≠lia,Brazil,TRUE
06/07/21,Italy,Spain,1,1,UEFA Euro,London,England,TRUE
06/07/21,Haiti,Bermuda,4,1,Gold Cup qualification,Fort Lauderdale,United States,TRUE
06/07/21,Guatemala,Guadeloupe,1,1,Gold Cup qualification,Fort Lauderdale,United States,TRUE
06/07/21,Trinidad and Tobago,French Guiana,1,1,Gold Cup qualification,Fort Lauderdale,United States,TRUE
06/07/21,Eswatini,Lesotho,3,1,COSAFA Cup,Port Elizabeth,South Africa,TRUE
06/07/21,South Africa,Botswana,1,0,COSAFA Cup,Port Elizabeth,South Africa,FALSE
07/07/21,England,Denmark,2,1,UEFA Euro,London,England,FALSE
07/07/21,Mozambique,Zimbabwe,0,0,COSAFA Cup,Port Elizabeth,South Africa,TRUE
07/07/21,Senegal,Namibia,1,2,COSAFA Cup,Port Elizabeth,South Africa,TRUE
08/07/21,Zambia,Lesotho,1,2,COSAFA Cup,Port Elizabeth,South Africa,TRUE
08/07/21,South Africa,Eswatini,1,0,COSAFA Cup,Port Elizabeth,South Africa,FALSE
09/07/21,Peru,Colombia,2,3,Copa Am√©rica,Bras√≠lia,Brazil,TRUE
09/07/21,Malawi,Zimbabwe,2,2,COSAFA Cup,Port Elizabeth,South Africa,TRUE
09/07/21,Senegal,Mozambique,1,0,COSAFA Cup,Port Elizabeth,South Africa,TRUE
10/07/21,Brazil,Argentina,0,1,Copa Am√©rica,Rio de Janeiro,Brazil,FALSE
10/07/21,Lesotho,Botswana,0,4,COSAFA Cup,Port Elizabeth,South Africa,TRUE
10/07/21,Zambia,Eswatini,0,1,COSAFA Cup,Port Elizabeth,South Africa,TRUE
10/07/21,Mexico,Trinidad and Tobago,0,0,Gold Cup,Arlington,United States,TRUE
11/07/21,England,Italy,1,1,UEFA Euro,London,England,FALSE
11/07/21,Namibia,Zimbabwe,2,0,COSAFA Cup,Port Elizabeth,South Africa,TRUE
11/07/21,Mozambique,Malawi,2,0,COSAFA Cup,Port Elizabeth,South Africa,TRUE
11/07/21,El Salvador,Guatemala,2,0,Gold Cup,Frisco,United States,TRUE
11/07/21,Canada,Martinique,4,1,Gold Cup,Kansas City,United States,TRUE
11/07/21,United States,Haiti,1,0,Gold Cup,Kansas City,United States,FALSE
12/07/21,Jamaica,Suriname,2,0,Gold Cup,Orlando,United States,TRUE
12/07/21,Costa Rica,Guadeloupe,3,1,Gold Cup,Orlando,United States,TRUE
13/07/21,Botswana,Zambia,1,2,COSAFA Cup,Port Elizabeth,South Africa,TRUE
13/07/21,South Africa,Lesotho,4,0,COSAFA Cup,Port Elizabeth,South Africa,FALSE
13/07/21,Senegal,Zimbabwe,2,1,COSAFA Cup,Port Elizabeth,South Africa,TRUE
13/07/21,Malawi,Namibia,1,1,COSAFA Cup,Port Elizabeth,South Africa,TRUE
13/07/21,Qatar,Panama,3,3,Gold Cup,Houston,United States,TRUE
13/07/21,Honduras,Grenada,4,0,Gold Cup,Houston,United States,TRUE
14/07/21,South Africa,Zambia,0,0,COSAFA Cup,Port Elizabeth,South Africa,FALSE
14/07/21,Eswatini,Botswana,1,1,COSAFA Cup,Port Elizabeth,South Africa,TRUE
14/07/21,Mozambique,Namibia,1,0,COSAFA Cup,Port Elizabeth,South Africa,TRUE
14/07/21,Senegal,Malawi,2,1,COSAFA Cup,Port Elizabeth,South Africa,TRUE
14/07/21,Trinidad and Tobago,El Salvador,0,2,Gold Cup,Frisco,United States,TRUE
14/07/21,Guatemala,Mexico,0,3,Gold Cup,Dallas,United States,TRUE
15/07/21,Haiti,Canada,1,4,Gold Cup,Kansas City,United States,TRUE
15/07/21,United States,Martinique,6,1,Gold Cup,Kansas City,United States,FALSE
16/07/21,Senegal,Eswatini,2,2,COSAFA Cup,Port Elizabeth,South Africa,TRUE
16/07/21,South Africa,Mozambique,3,0,COSAFA Cup,Port Elizabeth,South Africa,FALSE
16/07/21,Guadeloupe,Jamaica,1,2,Gold Cup,Orlando,United States,TRUE
16/07/21,Suriname,Costa Rica,1,2,Gold Cup,Orlando,United States,TRUE
17/07/21,Grenada,Qatar,0,4,Gold Cup,Houston,United States,TRUE
17/07/21,Panama,Honduras,2,3,Gold Cup,Houston,United States,TRUE
18/07/21,Eswatini,Mozambique,1,1,COSAFA Cup,Port Elizabeth,South Africa,TRUE
18/07/21,South Africa,Senegal,0,0,COSAFA Cup,Port Elizabeth,South Africa,FALSE
18/07/21,Guatemala,Trinidad and Tobago,1,1,Gold Cup,Frisco,United States,TRUE
18/07/21,Mexico,El Salvador,1,0,Gold Cup,Dallas,United States,TRUE
18/07/21,Martinique,Haiti,1,2,Gold Cup,Frisco,United States,TRUE
18/07/21,United States,Canada,1,0,Gold Cup,Kansas City,United States,FALSE
20/07/21,Suriname,Guadeloupe,2,1,Gold Cup,Houston,United States,TRUE
20/07/21,Costa Rica,Jamaica,1,0,Gold Cup,Orlando,United States,TRUE
20/07/21,Panama,Grenada,3,1,Gold Cup,Orlando,United States,TRUE
20/07/21,Honduras,Qatar,0,2,Gold Cup,Houston,United States,TRUE
24/07/21,Mexico,Honduras,3,0,Gold Cup,Glendale,United States,TRUE
24/07/21,Qatar,El Salvador,3,2,Gold Cup,Glendale,United States,TRUE
25/07/21,Costa Rica,Canada,0,2,Gold Cup,Arlington,United States,TRUE
25/07/21,United States,Jamaica,1,0,Gold Cup,Arlington,United States,FALSE
29/07/21,Mexico,Canada,2,1,Gold Cup,Houston,United States,TRUE
29/07/21,United States,Qatar,1,0,Gold Cup,Austin,United States,FALSE
01/08/21,United States,Mexico,1,0,Gold Cup,Las Vegas,United States,FALSE
21/08/21,El Salvador,Costa Rica,0,0,Friendly,Carson,United States,TRUE
22/08/21,Niger,Sudan,2,1,Friendly,Dubai,United Arab Emirates,TRUE
26/08/21,Sudan,Niger,3,0,Friendly,Dubai,United Arab Emirates,TRUE
26/08/21,Ethiopia,Sierra Leone,0,0,Friendly,Addis Ababa,Ethiopia,FALSE
29/08/21,Ethiopia,Uganda,2,1,Friendly,Addis Ababa,Ethiopia,FALSE
01/09/21,Bahrain,Haiti,6,1,Friendly,Riffa,Bahrain,FALSE
01/09/21,Comoros,Seychelles,7,1,Friendly,Moroni,Comoros,FALSE
01/09/21,Finland,Wales,0,0,Friendly,Helsinki,Finland,FALSE
01/09/21,Qatar,Serbia,0,4,Friendly,Debrecen,Hungary,TRUE
01/09/21,Switzerland,Greece,2,1,Friendly,Basel,Switzerland,FALSE
01/09/21,Central African Republic,Cape Verde,1,1,FIFA World Cup qualification,Douala,Cameroon,TRUE
01/09/21,Mali,Rwanda,1,0,FIFA World Cup qualification,Agadir,Morocco,TRUE
01/09/21,Egypt,Angola,1,0,FIFA World Cup qualification,Cairo,Egypt,FALSE
01/09/21,Libya,Gabon,2,1,FIFA World Cup qualification,Benina,Libya,FALSE
01/09/21,Senegal,Togo,2,0,FIFA World Cup qualification,Thi√®s,Senegal,FALSE
01/09/21,Guinea-Bissau,Guinea,1,1,FIFA World Cup qualification,Nouakchott,Mauritania,TRUE
01/09/21,Portugal,Republic of Ireland,2,1,FIFA World Cup qualification,Faro-Loul√©,Portugal,FALSE
01/09/21,Luxembourg,Azerbaijan,2,1,FIFA World Cup qualification,Luxembourg,Luxembourg,FALSE
01/09/21,Kazakhstan,Ukraine,2,2,FIFA World Cup qualification,Nur-Sultan,Kazakhstan,FALSE
01/09/21,France,Bosnia and Herzegovina,1,1,FIFA World Cup qualification,Strasbourg,France,FALSE
01/09/21,Faroe Islands,Israel,0,4,FIFA World Cup qualification,T√≥rshavn,Faroe Islands,FALSE
01/09/21,Denmark,Scotland,2,0,FIFA World Cup qualification,Copenhagen,Denmark,FALSE
01/09/21,Moldova,Austria,0,2,FIFA World Cup qualification,Chi»ôinƒÉu,Moldova,FALSE
01/09/21,Norway,Netherlands,1,1,FIFA World Cup qualification,Oslo,Norway,FALSE
01/09/21,Latvia,Gibraltar,3,1,FIFA World Cup qualification,Riga,Latvia,FALSE
01/09/21,Turkey,Montenegro,2,2,FIFA World Cup qualification,Istanbul,Turkey,FALSE
01/09/21,Malta,Cyprus,3,0,FIFA World Cup qualification,Ta' Qali,Malta,FALSE
01/09/21,Slovenia,Slovakia,1,1,FIFA World Cup qualification,Ljubljana,Slovenia,FALSE
01/09/21,Russia,Croatia,0,0,FIFA World Cup qualification,Moscow,Russia,FALSE
02/09/21,Kyrgyzstan,Palestine,1,0,Three Nations Cup,Bishkek,Kyrgyzstan,FALSE
02/09/21,Nepal,India,1,1,Friendly,Kathmandu,Nepal,FALSE
02/09/21,Niger,Burkina Faso,0,2,FIFA World Cup qualification,Marrakech,Morocco,TRUE
02/09/21,Algeria,Djibouti,8,0,FIFA World Cup qualification,Blida,Algeria,FALSE
02/09/21,Kenya,Uganda,0,0,FIFA World Cup qualification,Nairobi,Kenya,FALSE
02/09/21,Namibia,Congo,1,1,FIFA World Cup qualification,Johannesburg,South Africa,TRUE
02/09/21,Morocco,Sudan,2,0,FIFA World Cup qualification,Rabat,Morocco,FALSE
02/09/21,DR Congo,Tanzania,1,1,FIFA World Cup qualification,Lubumbashi,DR Congo,FALSE
02/09/21,Madagascar,Benin,0,1,FIFA World Cup qualification,Antananarivo,Madagascar,FALSE
02/09/21,South Korea,Iraq,0,0,FIFA World Cup qualification,Seoul,South Korea,FALSE
02/09/21,Iran,Syria,1,0,FIFA World Cup qualification,Tehran,Iran,FALSE
02/09/21,United Arab Emirates,Lebanon,0,0,FIFA World Cup qualification,Dubai,United Arab Emirates,FALSE
02/09/21,Japan,Oman,0,1,FIFA World Cup qualification,Suita,Japan,FALSE
02/09/21,Australia,China PR,3,0,FIFA World Cup qualification,Doha,Qatar,TRUE
02/09/21,Saudi Arabia,Vietnam,3,1,FIFA World Cup qualification,Riyadh,Saudi Arabia,FALSE
02/09/21,Georgia,Kosovo,0,1,FIFA World Cup qualification,Batumi,Georgia,FALSE
02/09/21,Sweden,Spain,2,1,FIFA World Cup qualification,Stockholm,Sweden,FALSE
02/09/21,Italy,Bulgaria,1,1,FIFA World Cup qualification,Florence,Italy,FALSE
02/09/21,Lithuania,Northern Ireland,1,4,FIFA World Cup qualification,Vilnius,Lithuania,FALSE
02/09/21,Czech Republic,Belarus,1,0,FIFA World Cup qualification,Ostrava,Czech Republic,FALSE
02/09/21,Estonia,Belgium,2,5,FIFA World Cup qualification,Tallinn,Estonia,FALSE
02/09/21,Andorra,San Marino,2,0,FIFA World Cup qualification,Andorra la Vella,Andorra,FALSE
02/09/21,Hungary,England,0,4,FIFA World Cup qualification,Budapest,Hungary,FALSE
02/09/21,Poland,Albania,4,1,FIFA World Cup qualification,Warsaw,Poland,FALSE
02/09/21,Iceland,Romania,0,2,FIFA World Cup qualification,Reykjav√≠k,Iceland,FALSE
02/09/21,Liechtenstein,Germany,0,2,FIFA World Cup qualification,St. Gallen,Switzerland,TRUE
02/09/21,North Macedonia,Armenia,0,0,FIFA World Cup qualification,Skopje,North Macedonia,FALSE
02/09/21,Bolivia,Colombia,1,1,FIFA World Cup qualification,La Paz,Bolivia,FALSE
02/09/21,Ecuador,Paraguay,2,0,FIFA World Cup qualification,Quito,Ecuador,FALSE
02/09/21,Peru,Uruguay,1,1,FIFA World Cup qualification,Lima,Peru,FALSE
02/09/21,Venezuela,Argentina,1,3,FIFA World Cup qualification,Caracas,Venezuela,FALSE
02/09/21,Chile,Brazil,0,1,FIFA World Cup qualification,Santiago,Chile,FALSE
02/09/21,Canada,Honduras,1,1,FIFA World Cup qualification,Toronto,Canada,FALSE
02/09/21,El Salvador,United States,0,0,FIFA World Cup qualification,San Salvador,El Salvador,FALSE
02/09/21,Panama,Costa Rica,0,0,FIFA World Cup qualification,Panama City,Panama,FALSE
02/09/21,Mexico,Jamaica,2,1,FIFA World Cup qualification,Mexico City,Mexico,FALSE
03/09/21,Mauritania,Zambia,1,2,FIFA World Cup qualification,Nouakchott,Mauritania,FALSE
03/09/21,Tunisia,Equatorial Guinea,3,0,FIFA World Cup qualification,Rad√®s,Tunisia,FALSE
03/09/21,Nigeria,Liberia,2,0,FIFA World Cup qualification,Lagos,Nigeria,FALSE
03/09/21,Mozambique,Ivory Coast,0,0,FIFA World Cup qualification,Maputo,Mozambique,FALSE
03/09/21,Cameroon,Malawi,2,0,FIFA World Cup qualification,Yaound√©,Cameroon,FALSE
03/09/21,Zimbabwe,South Africa,0,0,FIFA World Cup qualification,Harare,Zimbabwe,FALSE
03/09/21,Ghana,Ethiopia,1,0,FIFA World Cup qualification,Cape Coast,Ghana,FALSE
04/09/21,Bosnia and Herzegovina,Kuwait,1,0,Friendly,Zenica,Bosnia and Herzegovina,FALSE
04/09/21,Burundi,Seychelles,8,1,Friendly,Moroni,Comoros,TRUE
04/09/21,Haiti,Jordan,2,0,Friendly,Riffa,Bahrain,TRUE
04/09/21,Qatar,Portugal,1,3,Friendly,Debrecen,Hungary,TRUE
04/09/21,Republic of Ireland,Azerbaijan,1,1,FIFA World Cup qualification,Dublin,Republic of Ireland,FALSE
04/09/21,Serbia,Luxembourg,4,1,FIFA World Cup qualification,Belgrade,Serbia,FALSE
04/09/21,Finland,Kazakhstan,1,0,FIFA World Cup qualification,Helsinki,Finland,FALSE
04/09/21,Ukraine,France,1,1,FIFA World Cup qualification,Kyiv,Ukraine,FALSE
04/09/21,Faroe Islands,Denmark,0,1,FIFA World Cup qualification,T√≥rshavn,Faroe Islands,FALSE
04/09/21,Scotland,Moldova,1,0,FIFA World Cup qualification,Glasgow,Scotland,FALSE
04/09/21,Israel,Austria,5,2,FIFA World Cup qualification,Haifa,Israel,FALSE
04/09/21,Latvia,Norway,0,2,FIFA World Cup qualification,Riga,Latvia,FALSE
04/09/21,Gibraltar,Turkey,0,3,FIFA World Cup qualification,Gibraltar,Gibraltar,FALSE
04/09/21,Netherlands,Montenegro,4,0,FIFA World Cup qualification,Eindhoven,Netherlands,FALSE
04/09/21,Slovenia,Malta,1,0,FIFA World Cup qualification,Ljubljana,Slovenia,FALSE
04/09/21,Cyprus,Russia,0,2,FIFA World Cup qualification,Nicosia,Cyprus,FALSE
04/09/21,Slovakia,Croatia,0,1,FIFA World Cup qualification,Bratislava,Slovakia,FALSE
05/09/21,Bangladesh,Palestine,0,2,Three Nations Cup,Bishkek,Kyrgyzstan,TRUE
05/09/21,Estonia,Northern Ireland,0,1,Friendly,Tallinn,Estonia,FALSE
05/09/21,Nepal,India,1,2,Friendly,Kathmandu,Nepal,FALSE
05/09/21,Sweden,Uzbekistan,2,1,Friendly,Stockholm,Sweden,FALSE
05/09/21,Rwanda,Kenya,1,1,FIFA World Cup qualification,Kigali,Rwanda,FALSE
05/09/21,Gabon,Egypt,1,1,FIFA World Cup qualification,Franceville,Gabon,FALSE
05/09/21,Togo,Namibia,0,1,FIFA World Cup qualification,Lom√©,Togo,FALSE
05/09/21,Kosovo,Greece,1,1,FIFA World Cup qualification,Pristina,Kosovo,FALSE
05/09/21,Spain,Georgia,4,0,FIFA World Cup qualification,Badajoz,Spain,FALSE
05/09/21,Bulgaria,Lithuania,1,0,FIFA World Cup qualification,Sofia,Bulgaria,FALSE
05/09/21,Switzerland,Italy,0,0,FIFA World Cup qualification,Basel,Switzerland,FALSE
05/09/21,Belarus,Wales,2,3,FIFA World Cup qualification,Kazan,Russia,TRUE
05/09/21,Belgium,Czech Republic,3,0,FIFA World Cup qualification,Brussels,Belgium,FALSE
05/09/21,England,Andorra,4,0,FIFA World Cup qualification,London,England,FALSE
05/09/21,Albania,Hungary,1,0,FIFA World Cup qualification,Elbasan,Albania,FALSE
05/09/21,San Marino,Poland,1,7,FIFA World Cup qualification,Serravalle,San Marino,FALSE
05/09/21,Iceland,North Macedonia,2,2,FIFA World Cup qualification,Reykjav√≠k,Iceland,FALSE
05/09/21,Germany,Armenia,6,0,FIFA World Cup qualification,Stuttgart,Germany,FALSE
05/09/21,Romania,Liechtenstein,2,0,FIFA World Cup qualification,Bucharest,Romania,FALSE
05/09/21,Ecuador,Chile,0,0,FIFA World Cup qualification,Quito,Ecuador,FALSE
05/09/21,Paraguay,Colombia,1,1,FIFA World Cup qualification,Asunci√≥n,Paraguay,FALSE
05/09/21,Uruguay,Bolivia,4,2,FIFA World Cup qualification,Montevideo,Uruguay,FALSE
05/09/21,Peru,Venezuela,1,0,FIFA World Cup qualification,Lima,Peru,FALSE
05/09/21,Costa Rica,Mexico,0,1,FIFA World Cup qualification,San Jos√©,Costa Rica,FALSE
05/09/21,El Salvador,Honduras,0,0,FIFA World Cup qualification,San Salvador,El Salvador,FALSE
05/09/21,Jamaica,Panama,0,3,FIFA World Cup qualification,Kingston,Jamaica,FALSE
05/09/21,United States,Canada,1,1,FIFA World Cup qualification,Nashville,United States,FALSE
06/09/21,Djibouti,Niger,2,4,FIFA World Cup qualification,Rabat,Morocco,TRUE
06/09/21,Liberia,Central African Republic,1,0,FIFA World Cup qualification,Douala,Cameroon,TRUE
06/09/21,Ivory Coast,Cameroon,2,1,FIFA World Cup qualification,Abidjan,Ivory Coast,FALSE
06/09/21,Uganda,Mali,0,0,FIFA World Cup qualification,Entebbe,Uganda,FALSE
06/09/21,South Africa,Ghana,1,0,FIFA World Cup qualification,Johannesburg,South Africa,FALSE
06/09/21,Benin,DR Congo,1,1,FIFA World Cup qualification,Cotonou,Benin,FALSE
07/09/21,Kyrgyzstan,Bangladesh,4,1,Three Nations Cup,Bishkek,Kyrgyzstan,FALSE
07/09/21,Bahrain,Jordan,1,2,Friendly,Riffa,Bahrain,FALSE
07/09/21,Comoros,Burundi,1,0,Friendly,Moroni,Comoros,FALSE
07/09/21,Luxembourg,Qatar,1,1,Friendly,Luxembourg,Luxembourg,FALSE
07/09/21,Burkina Faso,Algeria,1,1,FIFA World Cup qualification,Marrakech,Morocco,TRUE
07/09/21,Zambia,Tunisia,0,2,FIFA World Cup qualification,Ndola,Zambia,FALSE
07/09/21,Equatorial Guinea,Mauritania,1,0,FIFA World Cup qualification,Malabo,Equatorial Guinea,FALSE
07/09/21,Cape Verde,Nigeria,1,2,FIFA World Cup qualification,Mindelo,Cape Verde,FALSE
07/09/21,Malawi,Mozambique,1,0,FIFA World Cup qualification,Johannesburg,South Africa,TRUE
07/09/21,Angola,Libya,0,1,FIFA World Cup qualification,Luanda,Angola,FALSE
07/09/21,Ethiopia,Zimbabwe,1,0,FIFA World Cup qualification,Bahir Dar,Ethiopia,FALSE
07/09/21,Congo,Senegal,1,3,FIFA World Cup qualification,Brazzaville,Congo,FALSE
07/09/21,Sudan,Guinea-Bissau,2,4,FIFA World Cup qualification,Omdurman,Sudan,FALSE
07/09/21,Tanzania,Madagascar,3,2,FIFA World Cup qualification,Dar es Salaam,Tanzania,FALSE
07/09/21,Syria,United Arab Emirates,1,1,FIFA World Cup qualification,Amman,Jordan,TRUE
07/09/21,South Korea,Lebanon,1,0,FIFA World Cup qualification,Suwon,South Korea,FALSE
07/09/21,Iraq,Iran,0,3,FIFA World Cup qualification,Doha,Qatar,TRUE
07/09/21,China PR,Japan,0,1,FIFA World Cup qualification,Doha,Qatar,TRUE
07/09/21,Vietnam,Australia,0,1,FIFA World Cup qualification,Hanoi,Vietnam,FALSE
07/09/21,Oman,Saudi Arabia,0,1,FIFA World Cup qualification,Muscat,Oman,FALSE
07/09/21,Republic of Ireland,Serbia,1,1,FIFA World Cup qualification,Dublin,Republic of Ireland,FALSE
07/09/21,Azerbaijan,Portugal,0,3,FIFA World Cup qualification,Baku,Azerbaijan,FALSE
07/09/21,Bosnia and Herzegovina,Kazakhstan,2,2,FIFA World Cup qualification,Zenica,Bosnia and Herzegovina,FALSE
07/09/21,France,Finland,2,0,FIFA World Cup qualification,Lyon,France,FALSE
07/09/21,Faroe Islands,Moldova,2,1,FIFA World Cup qualification,T√≥rshavn,Faroe Islands,FALSE
07/09/21,Austria,Scotland,0,1,FIFA World Cup qualification,Vienna,Austria,FALSE
07/09/21,Denmark,Israel,5,0,FIFA World Cup qualification,Copenhagen,Denmark,FALSE
07/09/21,Montenegro,Latvia,0,0,FIFA World Cup qualification,Podgorica,Montenegro,FALSE
07/09/21,Netherlands,Turkey,6,1,FIFA World Cup qualification,Amsterdam,Netherlands,FALSE
07/09/21,Norway,Gibraltar,5,1,FIFA World Cup qualification,Oslo,Norway,FALSE
07/09/21,Croatia,Slovenia,3,0,FIFA World Cup qualification,Split,Croatia,FALSE
07/09/21,Slovakia,Cyprus,2,0,FIFA World Cup qualification,Bratislava,Slovakia,FALSE
07/09/21,Russia,Malta,2,0,FIFA World Cup qualification,Moscow,Russia,FALSE
08/09/21,Bulgaria,Georgia,4,1,Friendly,Sofia,Bulgaria,FALSE
08/09/21,Czech Republic,Ukraine,1,1,Friendly,Plze≈à,Czech Republic,FALSE
08/09/21,Guatemala,Nicaragua,2,2,Friendly,Antigua Guatemala City,Guatemala,FALSE
08/09/21,Kosovo,Spain,0,2,FIFA World Cup qualification,Pristina,Kosovo,FALSE
08/09/21,Greece,Sweden,2,1,FIFA World Cup qualification,Athens,Greece,FALSE
08/09/21,Northern Ireland,Switzerland,0,0,FIFA World Cup qualification,Belfast,Northern Ireland,FALSE
08/09/21,Italy,Lithuania,5,0,FIFA World Cup qualification,Reggio Emilia,Italy,FALSE
08/09/21,Wales,Estonia,0,0,FIFA World Cup qualification,Cardiff,Wales,FALSE
08/09/21,Belarus,Belgium,0,1,FIFA World Cup qualification,Kazan,Russia,TRUE
08/09/21,Albania,San Marino,5,0,FIFA World Cup qualification,Elbasan,Albania,FALSE
08/09/21,Hungary,Andorra,2,1,FIFA World Cup qualification,Budapest,Hungary,FALSE
08/09/21,Poland,England,1,1,FIFA World Cup qualification,Warsaw,Poland,FALSE
08/09/21,Iceland,Germany,0,4,FIFA World Cup qualification,Reykjav√≠k,Iceland,FALSE
08/09/21,Armenia,Liechtenstein,1,1,FIFA World Cup qualification,Yerevan,Armenia,FALSE
08/09/21,North Macedonia,Romania,0,0,FIFA World Cup qualification,Skopje,North Macedonia,FALSE
08/09/21,Costa Rica,Jamaica,1,1,FIFA World Cup qualification,San Jos√©,Costa Rica,FALSE
08/09/21,Panama,Mexico,1,1,FIFA World Cup qualification,Panama City,Panama,FALSE
08/09/21,Canada,El Salvador,3,0,FIFA World Cup qualification,Toronto,Canada,FALSE
08/09/21,Honduras,United States,1,4,FIFA World Cup qualification,San Pedro Sula,Honduras,FALSE
09/09/21,Colombia,Chile,3,1,FIFA World Cup qualification,Barranquilla,Colombia,FALSE
09/09/21,Paraguay,Venezuela,2,1,FIFA World Cup qualification,Asunci√≥n,Paraguay,FALSE
09/09/21,Uruguay,Ecuador,1,0,FIFA World Cup qualification,Montevideo,Uruguay,FALSE
09/09/21,Argentina,Bolivia,3,0,FIFA World Cup qualification,Buenos Aires,Argentina,FALSE
09/09/21,Brazil,Peru,2,0,FIFA World Cup qualification,Recife,Brazil,FALSE
24/09/21,El Salvador,Guatemala,0,2,Friendly,"Washington, D.C.",United States,TRUE
30/09/21,Egypt,Liberia,2,0,Friendly,Alexandria,Egypt,FALSE
01/10/21,Sri Lanka,Bangladesh,0,1,SAFF Cup,Mal√©,Maldives,TRUE
01/10/21,Maldives,Nepal,0,1,SAFF Cup,Mal√©,Maldives,FALSE
04/10/21,Bangladesh,India,1,1,SAFF Cup,Mal√©,Maldives,TRUE
04/10/21,Sri Lanka,Nepal,2,3,SAFF Cup,Mal√©,Maldives,TRUE
06/10/21,Sudan,Guinea,1,1,FIFA World Cup qualification,Marrakech,Morocco,TRUE
06/10/21,Morocco,Guinea-Bissau,5,0,FIFA World Cup qualification,Rabat,Morocco,FALSE
06/10/21,Bahrain,Cura√ßao,4,0,Friendly,Riffa,Bahrain,FALSE
06/10/21,Jordan,Malaysia,4,0,Friendly,Amman,Jordan,FALSE
06/10/21,Sierra Leone,South Sudan,1,1,Friendly,El Jadida,Morocco,TRUE
06/10/21,Italy,Spain,1,2,UEFA Nations League,Milan,Italy,FALSE
07/10/21,Iraq,Lebanon,0,0,FIFA World Cup qualification,Doha,Qatar,TRUE
07/10/21,South Korea,Syria,2,1,FIFA World Cup qualification,Ansan,South Korea,FALSE
07/10/21,United Arab Emirates,Iran,0,1,FIFA World Cup qualification,Dubai,United Arab Emirates,FALSE
07/10/21,Saudi Arabia,Japan,1,0,FIFA World Cup qualification,Jeddah,Saudi Arabia,FALSE
07/10/21,China PR,Vietnam,3,2,FIFA World Cup qualification,Sharjah,United Arab Emirates,TRUE
07/10/21,Australia,Oman,3,1,FIFA World Cup qualification,Doha,Qatar,TRUE
07/10/21,Honduras,Costa Rica,0,0,FIFA World Cup qualification,San Pedro Sula,Honduras,FALSE
07/10/21,United States,Jamaica,2,0,FIFA World Cup qualification,Austin,United States,FALSE
07/10/21,El Salvador,Panama,1,0,FIFA World Cup qualification,San Salvador,El Salvador,FALSE
07/10/21,Mexico,Canada,1,1,FIFA World Cup qualification,Mexico City,Mexico,FALSE
07/10/21,Equatorial Guinea,Zambia,2,0,FIFA World Cup qualification,Malabo,Equatorial Guinea,FALSE
07/10/21,Tunisia,Mauritania,3,0,FIFA World Cup qualification,Rad√®s,Tunisia,FALSE
07/10/21,Liberia,Cape Verde,1,2,FIFA World Cup qualification,Accra,Ghana,TRUE
07/10/21,Nigeria,Central African Republic,0,1,FIFA World Cup qualification,Lagos,Nigeria,FALSE
07/10/21,Rwanda,Uganda,0,1,FIFA World Cup qualification,Kigali,Rwanda,FALSE
07/10/21,Mali,Kenya,5,0,FIFA World Cup qualification,Agadir,Morocco,TRUE
07/10/21,DR Congo,Madagascar,2,0,FIFA World Cup qualification,Kinshasa,DR Congo,FALSE
07/10/21,Tanzania,Benin,0,1,FIFA World Cup qualification,Dar es Salaam,Tanzania,FALSE
07/10/21,Ecuador,Bolivia,3,0,FIFA World Cup qualification,Guayaquil,Ecuador,FALSE
07/10/21,Venezuela,Brazil,1,3,FIFA World Cup qualification,Caracas,Venezuela,FALSE
07/10/21,Paraguay,Argentina,0,0,FIFA World Cup qualification,Asunci√≥n,Paraguay,FALSE
07/10/21,Peru,Chile,2,0,FIFA World Cup qualification,Lima,Peru,FALSE
07/10/21,Uruguay,Colombia,0,0,FIFA World Cup qualification,Montevideo,Uruguay,FALSE
07/10/21,Indonesia,Taiwan,2,1,AFC Asian Cup qualification,Buriram,Thailand,TRUE
07/10/21,India,Sri Lanka,0,0,SAFF Cup,Mal√©,Maldives,TRUE
07/10/21,Maldives,Bangladesh,2,0,SAFF Cup,Mal√©,Maldives,FALSE
07/10/21,Belgium,France,2,3,UEFA Nations League,Turin,Italy,TRUE
08/10/21,Czech Republic,Wales,2,2,FIFA World Cup qualification,Prague,Czech Republic,FALSE
08/10/21,Estonia,Belarus,2,0,FIFA World Cup qualification,Tallinn,Estonia,FALSE
08/10/21,Gibraltar,Montenegro,0,3,FIFA World Cup qualification,Gibraltar,Gibraltar,FALSE
08/10/21,Latvia,Netherlands,0,1,FIFA World Cup qualification,Riga,Latvia,FALSE
08/10/21,Turkey,Norway,1,1,FIFA World Cup qualification,Istanbul,Turkey,FALSE
08/10/21,Malta,Slovenia,0,4,FIFA World Cup qualification,Ta' Qali,Malta,FALSE
08/10/21,Cyprus,Croatia,0,3,FIFA World Cup qualification,Larnaca,Cyprus,FALSE
08/10/21,Russia,Slovakia,1,0,FIFA World Cup qualification,Kazan,Russia,FALSE
08/10/21,Iceland,Armenia,1,1,FIFA World Cup qualification,Reykjav√≠k,Iceland,FALSE
08/10/21,Germany,Romania,2,1,FIFA World Cup qualification,Hamburg,Germany,FALSE
08/10/21,Liechtenstein,North Macedonia,0,4,FIFA World Cup qualification,Vaduz,Liechtenstein,FALSE
08/10/21,Algeria,Niger,6,1,FIFA World Cup qualification,Algiers,Algeria,FALSE
08/10/21,Djibouti,Burkina Faso,0,4,FIFA World Cup qualification,Marrakech,Morocco,TRUE
08/10/21,Malawi,Ivory Coast,0,3,FIFA World Cup qualification,Johannesburg,South Africa,TRUE
08/10/21,Cameroon,Mozambique,3,1,FIFA World Cup qualification,Douala,Cameroon,FALSE
08/10/21,Angola,Gabon,3,1,FIFA World Cup qualification,Luanda,Angola,FALSE
08/10/21,Egypt,Libya,1,0,FIFA World Cup qualification,Alexandria,Egypt,FALSE
09/10/21,Azerbaijan,Republic of Ireland,0,3,FIFA World Cup qualification,Baku,Azerbaijan,FALSE
09/10/21,Luxembourg,Serbia,0,1,FIFA World Cup qualification,Luxembourg,Luxembourg,FALSE
09/10/21,Sweden,Kosovo,3,0,FIFA World Cup qualification,Stockholm,Sweden,FALSE
09/10/21,Georgia,Greece,0,2,FIFA World Cup qualification,Batumi,Georgia,FALSE
09/10/21,Lithuania,Bulgaria,3,1,FIFA World Cup qualification,Vilnius,Lithuania,FALSE
09/10/21,Switzerland,Northern Ireland,2,0,FIFA World Cup qualification,Geneva,Switzerland,FALSE
09/10/21,Finland,Ukraine,1,2,FIFA World Cup qualification,Helsinki,Finland,FALSE
09/10/21,Kazakhstan,Bosnia and Herzegovina,0,2,FIFA World Cup qualification,Nur-Sultan,Kazakhstan,FALSE
09/10/21,Scotland,Israel,3,2,FIFA World Cup qualification,Glasgow,Scotland,FALSE
09/10/21,Faroe Islands,Austria,0,2,FIFA World Cup qualification,T√≥rshavn,Faroe Islands,FALSE
09/10/21,Moldova,Denmark,0,4,FIFA World Cup qualification,Chi»ôinƒÉu,Moldova,FALSE
09/10/21,Andorra,England,0,5,FIFA World Cup qualification,Andorra la Vella,Andorra,FALSE
09/10/21,Hungary,Albania,0,1,FIFA World Cup qualification,Budapest,Hungary,FALSE
09/10/21,Poland,San Marino,5,0,FIFA World Cup qualification,Warsaw,Poland,FALSE
09/10/21,Ethiopia,South Africa,1,3,FIFA World Cup qualification,Bahir Dar,Ethiopia,FALSE
09/10/21,Ghana,Zimbabwe,3,1,FIFA World Cup qualification,Cape Coast,Ghana,FALSE
09/10/21,Togo,Congo,1,1,FIFA World Cup qualification,Lom√©,Togo,FALSE
09/10/21,Senegal,Namibia,4,1,FIFA World Cup qualification,Thi√®s,Senegal,FALSE
09/10/21,Guinea,Sudan,2,2,FIFA World Cup qualification,Agadir,Morocco,TRUE
09/10/21,Cura√ßao,New Zealand,1,2,Friendly,Riffa,Bahrain,TRUE
09/10/21,Gambia,Sierra Leone,1,2,Friendly,El Jadida,Morocco,TRUE
09/10/21,Portugal,Qatar,3,0,Friendly,Faro-Loul√©,Portugal,FALSE
09/10/21,Uzbekistan,Malaysia,5,1,Friendly,Amman,Jordan,TRUE
09/10/21,Guam,Cambodia,0,1,AFC Asian Cup qualification,Isa Town,Bahrain,TRUE
09/10/21,Morocco,Guinea-Bissau,3,0,FIFA World Cup qualification,Casablanca,Morocco,FALSE
10/10/21,Costa Rica,El Salvador,2,1,FIFA World Cup qualification,San Jos√©,Costa Rica,FALSE
10/10/21,Jamaica,Canada,0,0,FIFA World Cup qualification,Kingston,Jamaica,FALSE
10/10/21,Panama,United States,1,0,FIFA World Cup qualification,Panama City,Panama,FALSE
10/10/21,Mexico,Honduras,3,0,FIFA World Cup qualification,Mexico City,Mexico,FALSE
10/10/21,Zambia,Equatorial Guinea,1,1,FIFA World Cup qualification,Lusaka,Zambia,FALSE
10/10/21,Mauritania,Tunisia,0,0,FIFA World Cup qualification,Nouakchott,Mauritania,FALSE
10/10/21,Central African Republic,Nigeria,0,2,FIFA World Cup qualification,Limb√©,Cameroon,TRUE
10/10/21,Cape Verde,Liberia,1,0,FIFA World Cup qualification,Mindelo,Cape Verde,FALSE
10/10/21,Kenya,Mali,0,1,FIFA World Cup qualification,Nairobi,Kenya,FALSE
10/10/21,Uganda,Rwanda,1,0,FIFA World Cup qualification,Entebbe,Uganda,FALSE
10/10/21,Benin,Tanzania,0,1,FIFA World Cup qualification,Cotonou,Benin,FALSE
10/10/21,Madagascar,DR Congo,1,0,FIFA World Cup qualification,Antananarivo,Madagascar,FALSE
10/10/21,Bolivia,Peru,1,0,FIFA World Cup qualification,La Paz,Bolivia,FALSE
10/10/21,Colombia,Brazil,0,0,FIFA World Cup qualification,Barranquilla,Colombia,FALSE
10/10/21,Venezuela,Ecuador,2,1,FIFA World Cup qualification,Caracas,Venezuela,FALSE
10/10/21,Argentina,Uruguay,3,0,FIFA World Cup qualification,Buenos Aires,Argentina,FALSE
10/10/21,Chile,Paraguay,2,0,FIFA World Cup qualification,Santiago,Chile,FALSE
10/10/21,Maldives,Sri Lanka,1,0,SAFF Cup,Mal√©,Maldives,FALSE
10/10/21,Nepal,India,0,1,SAFF Cup,Mal√©,Maldives,TRUE
10/10/21,Italy,Belgium,2,1,UEFA Nations League,Turin,Italy,FALSE
10/10/21,Spain,France,1,2,UEFA Nations League,Milan,Italy,TRUE
11/10/21,Belarus,Czech Republic,0,2,FIFA World Cup qualification,Kazan,Russia,TRUE
11/10/21,Estonia,Wales,0,1,FIFA World Cup qualification,Tallinn,Estonia,FALSE
11/10/21,Netherlands,Gibraltar,6,0,FIFA World Cup qualification,Rotterdam,Netherlands,FALSE
11/10/21,Norway,Montenegro,2,0,FIFA World Cup qualification,Oslo,Norway,FALSE
11/10/21,Latvia,Turkey,1,2,FIFA World Cup qualification,Riga,Latvia,FALSE
11/10/21,Cyprus,Malta,2,2,FIFA World Cup qualification,Larnaca,Cyprus,FALSE
11/10/21,Croatia,Slovakia,2,2,FIFA World Cup qualification,Osijek,Croatia,FALSE
11/10/21,Slovenia,Russia,1,2,FIFA World Cup qualification,Maribor,Slovenia,FALSE
11/10/21,Iceland,Liechtenstein,4,0,FIFA World Cup qualification,Reykjav√≠k,Iceland,FALSE
11/10/21,North Macedonia,Germany,0,4,FIFA World Cup qualification,Skopje,North Macedonia,FALSE
11/10/21,Romania,Armenia,1,0,FIFA World Cup qualification,Bucharest,Romania,FALSE
11/10/21,Burkina Faso,Djibouti,2,0,FIFA World Cup qualification,Marrakech,Morocco,TRUE
11/10/21,Mozambique,Cameroon,0,1,FIFA World Cup qualification,Tangier,Morocco,TRUE
11/10/21,Ivory Coast,Malawi,2,1,FIFA World Cup qualification,Cotonou,Benin,TRUE
11/10/21,Gabon,Angola,2,0,FIFA World Cup qualification,Franceville,Gabon,FALSE
11/10/21,Libya,Egypt,0,3,FIFA World Cup qualification,Benina,Libya,FALSE
11/10/21,Taiwan,Indonesia,0,3,AFC Asian Cup qualification,Buriram,Thailand,TRUE
12/10/21,Iran,South Korea,1,1,FIFA World Cup qualification,Tehran,Iran,FALSE
12/10/21,Syria,Lebanon,2,3,FIFA World Cup qualification,Amman,Jordan,TRUE
12/10/21,United Arab Emirates,Iraq,2,2,FIFA World Cup qualification,Dubai,United Arab Emirates,FALSE
12/10/21,Japan,Australia,2,1,FIFA World Cup qualification,Saitama,Japan,FALSE
12/10/21,Oman,Vietnam,3,1,FIFA World Cup qualification,Muscat,Oman,FALSE
12/10/21,Saudi Arabia,China PR,3,2,FIFA World Cup qualification,Jeddah,Saudi Arabia,FALSE
12/10/21,Portugal,Luxembourg,5,0,FIFA World Cup qualification,Faro-Loul√©,Portugal,FALSE
12/10/21,Serbia,Azerbaijan,3,1,FIFA World Cup qualification,Belgrade,Serbia,FALSE
12/10/21,Kosovo,Georgia,1,2,FIFA World Cup qualification,Pristina,Kosovo,FALSE
12/10/21,Sweden,Greece,2,0,FIFA World Cup qualification,Stockholm,Sweden,FALSE
12/10/21,Bulgaria,Northern Ireland,2,1,FIFA World Cup qualification,Sofia,Bulgaria,FALSE
12/10/21,Lithuania,Switzerland,0,4,FIFA World Cup qualification,Vilnius,Lithuania,FALSE
12/10/21,Kazakhstan,Finland,0,2,FIFA World Cup qualification,Nur-Sultan,Kazakhstan,FALSE
12/10/21,Ukraine,Bosnia and Herzegovina,1,1,FIFA World Cup qualification,Lviv,Ukraine,FALSE
12/10/21,Faroe Islands,Scotland,0,1,FIFA World Cup qualification,T√≥rshavn,Faroe Islands,FALSE
12/10/21,Denmark,Austria,1,0,FIFA World Cup qualification,Copenhagen,Denmark,FALSE
12/10/21,Israel,Moldova,2,1,FIFA World Cup qualification,Beer Sheva,Israel,FALSE
12/10/21,England,Hungary,1,1,FIFA World Cup qualification,London,England,FALSE
12/10/21,Albania,Poland,0,1,FIFA World Cup qualification,Tirana,Albania,FALSE
12/10/21,San Marino,Andorra,0,3,FIFA World Cup qualification,Serravalle,San Marino,FALSE
12/10/21,Niger,Algeria,0,4,FIFA World Cup qualification,Niamey,Niger,FALSE
12/10/21,Zimbabwe,Ghana,0,1,FIFA World Cup qualification,Harare,Zimbabwe,FALSE
12/10/21,South Africa,Ethiopia,1,0,FIFA World Cup qualification,Johannesburg,South Africa,FALSE
12/10/21,Namibia,Senegal,1,3,FIFA World Cup qualification,Johannesburg,South Africa,TRUE
12/10/21,Congo,Togo,1,2,FIFA World Cup qualification,Brazzaville,Congo,FALSE
12/10/21,Bahrain,New Zealand,0,1,Friendly,Riffa,Bahrain,FALSE
12/10/21,Jordan,Uzbekistan,3,0,Friendly,Amman,Jordan,FALSE
12/10/21,Republic of Ireland,Qatar,4,0,Friendly,Dublin,Republic of Ireland,FALSE
12/10/21,South Sudan,Gambia,1,2,Friendly,El Jadida,Morocco,TRUE
12/10/21,Cambodia,Guam,2,1,AFC Asian Cup qualification,Isa Town,Bahrain,TRUE
12/10/21,Morocco,Guinea,4,1,FIFA World Cup qualification,Agadir,Morocco,FALSE
13/10/21,Honduras,Jamaica,0,2,FIFA World Cup qualification,San Pedro Sula,Honduras,FALSE
13/10/21,United States,Costa Rica,2,1,FIFA World Cup qualification,Columbus,United States,FALSE
13/10/21,Canada,Panama,4,1,FIFA World Cup qualification,Toronto,Canada,FALSE
13/10/21,El Salvador,Mexico,0,2,FIFA World Cup qualification,San Salvador,El Salvador,FALSE
13/10/21,Bangladesh,Nepal,1,1,SAFF Cup,Mal√©,Maldives,TRUE
13/10/21,Maldives,India,1,3,SAFF Cup,Mal√©,Maldives,FALSE
14/10/21,Bolivia,Paraguay,4,0,FIFA World Cup qualification,La Paz,Bolivia,FALSE
14/10/21,Colombia,Ecuador,0,0,FIFA World Cup qualification,Barranquilla,Colombia,FALSE
14/10/21,Argentina,Peru,1,0,FIFA World Cup qualification,Buenos Aires,Argentina,FALSE
14/10/21,Brazil,Uruguay,4,1,FIFA World Cup qualification,Manaus,Brazil,FALSE
14/10/21,Chile,Venezuela,3,0,FIFA World Cup qualification,Santiago,Chile,FALSE
16/10/21,India,Nepal,3,0,SAFF Cup,Mal√©,Maldives,TRUE
27/10/21,Mexico,Ecuador,2,3,Friendly,Charlotte,United States,TRUE
05/11/21,El Salvador,Bolivia,0,1,Friendly,"Washington, D.C.",United States,TRUE
09/11/21,Sri Lanka,Maldives,4,4,Mahinda Rajapaksa Cup,Colombo,Sri Lanka,FALSE
10/11/21,Kosovo,Jordan,0,2,Friendly,Pristina,Kosovo,FALSE
10/11/21,Nicaragua,Cuba,0,3,Friendly,Managua,Nicaragua,FALSE
10/11/21,Bangladesh,Seychelles,1,1,Mahinda Rajapaksa Cup,Colombo,Sri Lanka,TRUE
11/11/21,Czech Republic,Kuwait,7,0,Friendly,Olomouc,Czech Republic,FALSE
11/11/21,Kyrgyzstan,Singapore,2,1,Friendly,Sharjah,United Arab Emirates,TRUE
11/11/21,Serbia,Qatar,4,0,Friendly,Belgrade,Serbia,FALSE
11/11/21,Ukraine,Bulgaria,1,1,Friendly,Odessa,Ukraine,FALSE
11/11/21,Uganda,Kenya,1,1,FIFA World Cup qualification,Entebbe,Uganda,FALSE
11/11/21,Rwanda,Mali,0,3,FIFA World Cup qualification,Kigali,Rwanda,FALSE
11/11/21,Ethiopia,Ghana,1,1,FIFA World Cup qualification,Johannesburg,South Africa,TRUE
11/11/21,South Africa,Zimbabwe,1,0,FIFA World Cup qualification,Johannesburg,South Africa,FALSE
11/11/21,Congo,Namibia,1,1,FIFA World Cup qualification,Brazzaville,Congo,FALSE
11/11/21,Togo,Senegal,1,1,FIFA World Cup qualification,Lom√©,Togo,FALSE
11/11/21,Tanzania,DR Congo,0,3,FIFA World Cup qualification,Dar es Salaam,Tanzania,FALSE
11/11/21,Benin,Madagascar,2,0,FIFA World Cup qualification,Cotonou,Benin,FALSE
11/11/21,Lebanon,Iran,1,2,FIFA World Cup qualification,Sidon,Lebanon,FALSE
11/11/21,Iraq,Syria,1,1,FIFA World Cup qualification,Al Rayyan,Qatar,TRUE
11/11/21,South Korea,United Arab Emirates,1,0,FIFA World Cup qualification,Goyang,South Korea,FALSE
11/11/21,China PR,Oman,1,1,FIFA World Cup qualification,Sharjah,United Arab Emirates,TRUE
11/11/21,Vietnam,Japan,0,1,FIFA World Cup qualification,Hanoi,Vietnam,FALSE
11/11/21,Australia,Saudi Arabia,0,0,FIFA World Cup qualification,Sydney,Australia,FALSE
11/11/21,Republic of Ireland,Portugal,0,0,FIFA World Cup qualification,Dublin,Republic of Ireland,FALSE
11/11/21,Azerbaijan,Luxembourg,1,3,FIFA World Cup qualification,Baku,Azerbaijan,FALSE
11/11/21,Georgia,Sweden,2,0,FIFA World Cup qualification,Batumi,Georgia,FALSE
11/11/21,Greece,Spain,0,1,FIFA World Cup qualification,Athens,Greece,FALSE
11/11/21,Russia,Cyprus,6,0,FIFA World Cup qualification,Saint Petersburg,Russia,FALSE
11/11/21,Malta,Croatia,1,7,FIFA World Cup qualification,Ta' Qali,Malta,FALSE
11/11/21,Slovakia,Slovenia,2,2,FIFA World Cup qualification,Trnava,Slovakia,FALSE
11/11/21,Germany,Liechtenstein,9,0,FIFA World Cup qualification,Wolfsburg,Germany,FALSE
11/11/21,Armenia,North Macedonia,0,5,FIFA World Cup qualification,Yerevan,Armenia,FALSE
11/11/21,Romania,Iceland,0,0,FIFA World Cup qualification,Bucharest,Romania,FALSE
11/11/21,Ecuador,Venezuela,1,0,FIFA World Cup qualification,Quito,Ecuador,FALSE
11/11/21,Paraguay,Chile,0,1,FIFA World Cup qualification,Asunci√≥n,Paraguay,FALSE
11/11/21,Peru,Bolivia,3,0,FIFA World Cup qualification,Lima,Peru,FALSE
11/11/21,Brazil,Colombia,1,0,FIFA World Cup qualification,S√£o Paulo,Brazil,FALSE
12/11/21,Burkina Faso,Niger,1,1,FIFA World Cup qualification,Marrakech,Morocco,TRUE
12/11/21,Djibouti,Algeria,0,4,FIFA World Cup qualification,Cairo,Egypt,TRUE
12/11/21,Gabon,Libya,1,0,FIFA World Cup qualification,Franceville,Gabon,FALSE
12/11/21,Angola,Egypt,2,2,FIFA World Cup qualification,Luanda,Angola,FALSE
12/11/21,Guinea,Guinea-Bissau,0,0,FIFA World Cup qualification,Conakry,Guinea,FALSE
12/11/21,Morocco,Sudan,3,0,FIFA World Cup qualification,Rabat,Morocco,FALSE
12/11/21,Canada,Costa Rica,1,0,FIFA World Cup qualification,Edmonton,Canada,FALSE
12/11/21,Honduras,Panama,2,3,FIFA World Cup qualification,San Pedro Sula,Honduras,FALSE
12/11/21,El Salvador,Jamaica,1,1,FIFA World Cup qualification,San Salvador,El Salvador,FALSE
12/11/21,United States,Mexico,2,0,FIFA World Cup qualification,Cincinnati,United States,FALSE
12/11/21,Northern Ireland,Lithuania,1,0,FIFA World Cup qualification,Belfast,Northern Ireland,FALSE
12/11/21,Italy,Switzerland,1,1,FIFA World Cup qualification,Rome,Italy,FALSE
12/11/21,Moldova,Scotland,0,2,FIFA World Cup qualification,Chi»ôinƒÉu,Moldova,FALSE
12/11/21,Denmark,Faroe Islands,3,1,FIFA World Cup qualification,Copenhagen,Denmark,FALSE
12/11/21,Austria,Israel,4,2,FIFA World Cup qualification,Klagenfurt,Austria,FALSE
12/11/21,England,Albania,5,0,FIFA World Cup qualification,London,England,FALSE
12/11/21,Andorra,Poland,1,4,FIFA World Cup qualification,Andorra la Vella,Andorra,FALSE
12/11/21,Hungary,San Marino,4,0,FIFA World Cup qualification,Budapest,Hungary,FALSE
12/11/21,Uruguay,Argentina,0,1,FIFA World Cup qualification,Montevideo,Uruguay,FALSE
13/11/21,Burundi,Myanmar,2,1,Friendly,Manavgat,Turkey,TRUE
13/11/21,Nicaragua,Cuba,2,0,Friendly,Managua,Nicaragua,FALSE
13/11/21,Sierra Leone,Comoros,0,2,Friendly,Sapanca,Turkey,TRUE
13/11/21,Bangladesh,Maldives,2,1,Mahinda Rajapaksa Cup,Colombo,Sri Lanka,TRUE
13/11/21,Sri Lanka,Seychelles,0,1,Mahinda Rajapaksa Cup,Colombo,Sri Lanka,FALSE
13/11/21,Zambia,Mauritania,4,0,FIFA World Cup qualification,Lusaka,Zambia,FALSE
13/11/21,Equatorial Guinea,Tunisia,1,0,FIFA World Cup qualification,Malabo,Equatorial Guinea,FALSE
13/11/21,Cape Verde,Central African Republic,2,1,FIFA World Cup qualification,Mindelo,Cape Verde,FALSE
13/11/21,Liberia,Nigeria,0,2,FIFA World Cup qualification,Tangier,Morocco,TRUE
13/11/21,Malawi,Cameroon,0,4,FIFA World Cup qualification,Johannesburg,South Africa,TRUE
13/11/21,Ivory Coast,Mozambique,3,0,FIFA World Cup qualification,Cotonou,Benin,TRUE
13/11/21,Bosnia and Herzegovina,Finland,1,3,FIFA World Cup qualification,Zenica,Bosnia and Herzegovina,FALSE
13/11/21,France,Kazakhstan,8,0,FIFA World Cup qualification,Paris,France,FALSE
13/11/21,Wales,Belarus,5,1,FIFA World Cup qualification,Cardiff,Wales,FALSE
13/11/21,Belgium,Estonia,3,1,FIFA World Cup qualification,Brussels,Belgium,FALSE
13/11/21,Norway,Latvia,0,0,FIFA World Cup qualification,Oslo,Norway,FALSE
13/11/21,Turkey,Gibraltar,6,0,FIFA World Cup qualification,Istanbul,Turkey,FALSE
13/11/21,Montenegro,Netherlands,2,2,FIFA World Cup qualification,Podgorica,Montenegro,FALSE
14/11/21,Azerbaijan,Qatar,2,2,Friendly,Baku,Azerbaijan,FALSE
14/11/21,Nicaragua,Cuba,2,0,Friendly,Managua,Nicaragua,FALSE
14/11/21,Mali,Uganda,1,0,FIFA World Cup qualification,Agadir,Morocco,TRUE
14/11/21,Zimbabwe,Ethiopia,1,1,FIFA World Cup qualification,Harare,Zimbabwe,FALSE
14/11/21,Ghana,South Africa,1,0,FIFA World Cup qualification,Cape Coast,Ghana,FALSE
14/11/21,Senegal,Congo,2,0,FIFA World Cup qualification,Thi√®s,Senegal,FALSE
14/11/21,DR Congo,Benin,2,0,FIFA World Cup qualification,Kinshasa,DR Congo,FALSE
14/11/21,Madagascar,Tanzania,1,1,FIFA World Cup qualification,Antananarivo,Madagascar,FALSE
14/11/21,Portugal,Serbia,1,2,FIFA World Cup qualification,Lisbon,Portugal,FALSE
14/11/21,Luxembourg,Republic of Ireland,0,3,FIFA World Cup qualification,Luxembourg,Luxembourg,FALSE
14/11/21,Spain,Sweden,1,0,FIFA World Cup qualification,Seville,Spain,FALSE
14/11/21,Greece,Kosovo,1,1,FIFA World Cup qualification,Athens,Greece,FALSE
14/11/21,Croatia,Russia,1,0,FIFA World Cup qualification,Split,Croatia,FALSE
14/11/21,Malta,Slovakia,0,6,FIFA World Cup qualification,Ta' Qali,Malta,FALSE
14/11/21,Slovenia,Cyprus,2,1,FIFA World Cup qualification,Ljubljana,Slovenia,FALSE
14/11/21,Liechtenstein,Romania,0,2,FIFA World Cup qualification,Vaduz,Liechtenstein,FALSE
14/11/21,North Macedonia,Iceland,3,1,FIFA World Cup qualification,Skopje,North Macedonia,FALSE
14/11/21,Armenia,Germany,1,4,FIFA World Cup qualification,Yerevan,Armenia,FALSE
15/11/21,Georgia,Uzbekistan,1,0,Friendly,Gori,Georgia,FALSE
15/11/21,Lithuania,Kuwait,1,1,Friendly,Vilnius,Lithuania,FALSE
15/11/21,Niger,Djibouti,7,2,FIFA World Cup qualification,Niamey,Niger,FALSE
15/11/21,Kenya,Rwanda,2,1,FIFA World Cup qualification,Nairobi,Kenya,FALSE
15/11/21,Namibia,Togo,0,1,FIFA World Cup qualification,Johannesburg,South Africa,TRUE
15/11/21,Guinea-Bissau,Sudan,0,0,FIFA World Cup qualification,Marrakech,Morocco,TRUE
15/11/21,Northern Ireland,Italy,0,0,FIFA World Cup qualification,Belfast,Northern Ireland,FALSE
15/11/21,Switzerland,Bulgaria,4,0,FIFA World Cup qualification,Lucerne,Switzerland,FALSE
15/11/21,Scotland,Denmark,2,0,FIFA World Cup qualification,Glasgow,Scotland,FALSE
15/11/21,Austria,Moldova,4,1,FIFA World Cup qualification,Klagenfurt,Austria,FALSE
15/11/21,Israel,Faroe Islands,3,2,FIFA World Cup qualification,Netanya,Israel,FALSE
15/11/21,Albania,Andorra,1,0,FIFA World Cup qualification,Tirana,Albania,FALSE
15/11/21,Poland,Hungary,1,2,FIFA World Cup qualification,Warsaw,Poland,FALSE
15/11/21,San Marino,England,0,10,FIFA World Cup qualification,Serravalle,San Marino,FALSE
16/11/21,Bahrain,Kyrgyzstan,4,2,Friendly,Isa Town,Bahrain,FALSE
16/11/21,Belarus,Jordan,1,0,Friendly,Minsk,Belarus,FALSE
16/11/21,Kazakhstan,Tajikistan,1,0,Friendly,Nur-Sultan,Kazakhstan,FALSE
16/11/21,New Zealand,Gambia,2,0,Friendly,Dubai,United Arab Emirates,TRUE
16/11/21,Indonesia,Afghanistan,0,1,Friendly,Antalya,Turkey,TRUE
16/11/21,Maldives,Seychelles,0,0,Mahinda Rajapaksa Cup,Colombo,Sri Lanka,TRUE
16/11/21,Sri Lanka,Bangladesh,2,1,Mahinda Rajapaksa Cup,Colombo,Sri Lanka,FALSE
16/11/21,Algeria,Burkina Faso,2,2,FIFA World Cup qualification,Blida,Algeria,FALSE
16/11/21,Mauritania,Equatorial Guinea,1,1,FIFA World Cup qualification,Nouakchott,Mauritania,FALSE
16/11/21,Tunisia,Zambia,3,1,FIFA World Cup qualification,Rad√®s,Tunisia,FALSE
16/11/21,Liberia,Central African Republic,3,1,FIFA World Cup qualification,Tangier,Morocco,TRUE
16/11/21,Nigeria,Cape Verde,1,1,FIFA World Cup qualification,Lagos,Nigeria,FALSE
16/11/21,Mozambique,Malawi,1,0,FIFA World Cup qualification,Cotonou,Benin,TRUE
16/11/21,Cameroon,Ivory Coast,1,0,FIFA World Cup qualification,Douala,Cameroon,FALSE
16/11/21,Egypt,Gabon,2,1,FIFA World Cup qualification,Alexandria,Egypt,FALSE
16/11/21,Libya,Angola,1,1,FIFA World Cup qualification,Benghazi,Libya,FALSE
16/11/21,Morocco,Guinea,3,0,FIFA World Cup qualification,Casablanca,Morocco,FALSE
16/11/21,Lebanon,United Arab Emirates,0,1,FIFA World Cup qualification,Sidon,Lebanon,FALSE
16/11/21,Iraq,South Korea,0,3,FIFA World Cup qualification,Al Rayyan,Qatar,TRUE
16/11/21,Syria,Iran,0,3,FIFA World Cup qualification,Amman,Jordan,TRUE
16/11/21,China PR,Australia,1,1,FIFA World Cup qualification,Sharjah,United Arab Emirates,TRUE
16/11/21,Vietnam,Saudi Arabia,0,1,FIFA World Cup qualification,Hanoi,Vietnam,FALSE
16/11/21,Oman,Japan,0,1,FIFA World Cup qualification,Muscat,Oman,FALSE
16/11/21,Jamaica,United States,1,1,FIFA World Cup qualification,Kingston,Jamaica,FALSE
16/11/21,Canada,Mexico,2,1,FIFA World Cup qualification,Edmonton,Canada,FALSE
16/11/21,Costa Rica,Honduras,2,1,FIFA World Cup qualification,San Jos√©,Costa Rica,FALSE
16/11/21,Panama,El Salvador,2,1,FIFA World Cup qualification,Panama City,Panama,FALSE
16/11/21,Bosnia and Herzegovina,Ukraine,0,2,FIFA World Cup qualification,Zenica,Bosnia and Herzegovina,FALSE
16/11/21,Finland,France,0,2,FIFA World Cup qualification,Helsinki,Finland,FALSE
16/11/21,Wales,Belgium,1,1,FIFA World Cup qualification,Cardiff,Wales,FALSE
16/11/21,Czech Republic,Estonia,2,0,FIFA World Cup qualification,Prague,Czech Republic,FALSE
16/11/21,Gibraltar,Latvia,1,3,FIFA World Cup qualification,Gibraltar,Gibraltar,FALSE
16/11/21,Montenegro,Turkey,1,2,FIFA World Cup qualification,Podgorica,Montenegro,FALSE
16/11/21,Netherlands,Norway,2,0,FIFA World Cup qualification,Rotterdam,Netherlands,FALSE
16/11/21,Bolivia,Uruguay,3,0,FIFA World Cup qualification,La Paz,Bolivia,FALSE
16/11/21,Venezuela,Peru,1,2,FIFA World Cup qualification,Caracas,Venezuela,FALSE
16/11/21,Colombia,Paraguay,0,0,FIFA World Cup qualification,Barranquilla,Colombia,FALSE
16/11/21,Argentina,Brazil,0,0,FIFA World Cup qualification,San Juan,Argentina,FALSE
16/11/21,Chile,Ecuador,0,2,FIFA World Cup qualification,Santiago,Chile,FALSE
19/11/21,Sri Lanka,Seychelles,3,3,Mahinda Rajapaksa Cup,Colombo,Sri Lanka,FALSE
25/11/21,Indonesia,Myanmar,4,1,Friendly,Antalya,Turkey,TRUE
30/11/21,Iraq,Oman,1,1,Arab Cup,Al Wakrah,Qatar,TRUE
30/11/21,Qatar,Bahrain,1,0,Arab Cup,Al Khor,Qatar,FALSE
30/11/21,Tunisia,Mauritania,5,1,Arab Cup,Al Rayyan,Qatar,TRUE
30/11/21,United Arab Emirates,Syria,2,1,Arab Cup,Doha,Qatar,TRUE
01/12/21,Morocco,Palestine,4,0,Arab Cup,Al Wakrah,Qatar,TRUE
01/12/21,Saudi Arabia,Jordan,0,1,Arab Cup,Al Rayyan,Qatar,TRUE
01/12/21,Algeria,Sudan,4,0,Arab Cup,Al Rayyan,Qatar,TRUE
01/12/21,Egypt,Lebanon,1,0,Arab Cup,Doha,Qatar,TRUE
03/12/21,Bahrain,Iraq,0,0,Arab Cup,Doha,Qatar,TRUE
03/12/21,Qatar,Oman,2,1,Arab Cup,Al Rayyan,Qatar,FALSE
03/12/21,Mauritania,United Arab Emirates,0,1,Arab Cup,Doha,Qatar,TRUE
03/12/21,Syria,Tunisia,2,0,Arab Cup,Al Khor,Qatar,TRUE
04/12/21,El Salvador,Ecuador,1,1,Friendly,Houston,United States,TRUE
04/12/21,Jordan,Morocco,0,4,Arab Cup,Al Rayyan,Qatar,TRUE
04/12/21,Palestine,Saudi Arabia,1,1,Arab Cup,Al Rayyan,Qatar,TRUE
04/12/21,Lebanon,Algeria,0,2,Arab Cup,Al Wakrah,Qatar,TRUE
04/12/21,Sudan,Egypt,0,5,Arab Cup,Doha,Qatar,TRUE
05/12/21,Timor-Leste,Thailand,0,2,AFF Championship,Kallang,Singapore,TRUE
05/12/21,Singapore,Myanmar,3,0,AFF Championship,Kallang,Singapore,FALSE
06/12/21,Oman,Bahrain,3,0,Arab Cup,Al Rayyan,Qatar,TRUE
06/12/21,Qatar,Iraq,3,0,Arab Cup,Al Khor,Qatar,FALSE
06/12/21,Syria,Mauritania,1,2,Arab Cup,Al Wakrah,Qatar,TRUE
06/12/21,Tunisia,United Arab Emirates,1,0,Arab Cup,Doha,Qatar,TRUE
06/12/21,Cambodia,Malaysia,1,3,AFF Championship,Bishan,Singapore,TRUE
06/12/21,Laos,Vietnam,0,2,AFF Championship,Bishan,Singapore,TRUE
07/12/21,Jordan,Palestine,5,1,Arab Cup,Doha,Qatar,TRUE
07/12/21,Morocco,Saudi Arabia,1,0,Arab Cup,Doha,Qatar,TRUE
07/12/21,Algeria,Egypt,1,1,Arab Cup,Al Wakrah,Qatar,TRUE
07/12/21,Lebanon,Sudan,1,0,Arab Cup,Al Rayyan,Qatar,TRUE
08/12/21,Mexico,Chile,2,2,Friendly,Austin,United States,TRUE
08/12/21,Myanmar,Timor-Leste,2,0,AFF Championship,Kallang,Singapore,TRUE
08/12/21,Singapore,Philippines,2,1,AFF Championship,Kallang,Singapore,FALSE
09/12/21,Tanzania,Uganda,0,2,Friendly,Dar es Salaam,Tanzania,FALSE
09/12/21,Malaysia,Laos,4,0,AFF Championship,Bishan,Singapore,TRUE
09/12/21,Indonesia,Cambodia,4,2,AFF Championship,Bishan,Singapore,TRUE
10/12/21,Tunisia,Oman,2,1,Arab Cup,Al Rayyan,Qatar,TRUE
10/12/21,Qatar,United Arab Emirates,5,0,Arab Cup,Al Khor,Qatar,FALSE
11/12/21,Egypt,Jordan,3,1,Arab Cup,Al Wakrah,Qatar,TRUE
11/12/21,Morocco,Algeria,2,2,Arab Cup,Doha,Qatar,TRUE
11/12/21,El Salvador,Chile,0,1,Friendly,Los Angeles,United States,TRUE
11/12/21,Timor-Leste,Philippines,0,7,AFF Championship,Kallang,Singapore,TRUE
11/12/21,Thailand,Myanmar,4,0,AFF Championship,Kallang,Singapore,TRUE
12/12/21,Laos,Indonesia,1,5,AFF Championship,Bishan,Singapore,TRUE
12/12/21,Vietnam,Malaysia,3,0,AFF Championship,Bishan,Singapore,TRUE
14/12/21,Philippines,Thailand,1,2,AFF Championship,Kallang,Singapore,TRUE
14/12/21,Singapore,Timor-Leste,2,0,AFF Championship,Kallang,Singapore,FALSE
15/12/21,Tunisia,Egypt,1,0,Arab Cup,Doha,Qatar,TRUE
15/12/21,Qatar,Algeria,1,2,Arab Cup,Doha,Qatar,FALSE
15/12/21,Cambodia,Laos,3,0,AFF Championship,Bishan,Singapore,TRUE
15/12/21,Indonesia,Vietnam,0,0,AFF Championship,Bishan,Singapore,TRUE
18/12/21,Qatar,Egypt,0,0,Arab Cup,Doha,Qatar,FALSE
18/12/21,Tunisia,Algeria,0,2,Arab Cup,Al Khor,Qatar,TRUE
18/12/21,United States,Bosnia and Herzegovina,1,0,Friendly,Los Angeles,United States,FALSE
18/12/21,Singapore,Thailand,0,2,AFF Championship,Kallang,Singapore,FALSE
18/12/21,Myanmar,Philippines,2,3,AFF Championship,Bishan,Singapore,TRUE
19/12/21,Vietnam,Cambodia,4,0,AFF Championship,Bishan,Singapore,TRUE
19/12/21,Malaysia,Indonesia,1,4,AFF Championship,Kallang,Singapore,TRUE
22/12/21,Singapore,Indonesia,1,1,AFF Championship,Kallang,Singapore,FALSE
23/12/21,Vietnam,Thailand,0,2,AFF Championship,Kallang,Singapore,TRUE
25/12/21,Singapore,Indonesia,2,4,AFF Championship,Kallang,Singapore,FALSE
26/12/21,Thailand,Vietnam,0,0,AFF Championship,Kallang,Singapore,TRUE
29/12/21,Indonesia,Thailand,0,4,AFF Championship,Kallang,Singapore,TRUE
30/12/21,Mauritania,Burkina Faso,0,0,Friendly,Abu Dhabi,United Arab Emirates,TRUE
30/12/21,Sudan,Ethiopia,2,3,Friendly,Limb√©,Cameroon,TRUE
31/12/21,Malawi,Comoros,2,1,Friendly,Jeddah,Saudi Arabia,TRUE
01/01/22,Thailand,Indonesia,2,2,AFF Championship,Kallang,Singapore,TRUE
02/01/22,Gabon,Burkina Faso,0,3,Friendly,Dubai,United Arab Emirates,TRUE
02/01/22,Sudan,Zimbabwe,0,0,Friendly,Yaound√©,Cameroon,TRUE
03/01/22,Rwanda,Guinea,3,0,Friendly,Kigali,Rwanda,FALSE
04/01/22,Mauritania,Gabon,1,1,Friendly,Dubai,United Arab Emirates,TRUE
05/01/22,Algeria,Ghana,3,0,Friendly,Al Rayyan,Qatar,TRUE
06/01/22,Rwanda,Guinea,0,2,Friendly,Kigali,Rwanda,FALSE
09/01/22,Cameroon,Burkina Faso,2,1,African Cup of Nations,Yaound√©,Cameroon,FALSE
09/01/22,Ethiopia,Cape Verde,0,1,African Cup of Nations,Yaound√©,Cameroon,TRUE
10/01/22,Senegal,Zimbabwe,1,0,African Cup of Nations,Bafoussam,Cameroon,TRUE
10/01/22,Guinea,Malawi,1,0,African Cup of Nations,Bafoussam,Cameroon,TRUE
10/01/22,Morocco,Ghana,1,0,African Cup of Nations,Yaound√©,Cameroon,TRUE
10/01/22,Comoros,Gabon,0,1,African Cup of Nations,Yaound√©,Cameroon,TRUE
11/01/22,Nigeria,Egypt,1,0,African Cup of Nations,Garoua,Cameroon,TRUE
11/01/22,Sudan,Guinea-Bissau,0,0,African Cup of Nations,Garoua,Cameroon,TRUE
11/01/22,Algeria,Sierra Leone,0,0,African Cup of Nations,Douala,Cameroon,TRUE
12/01/22,Iceland,Uganda,1,1,Friendly,Belek,Turkey,TRUE
12/01/22,Equatorial Guinea,Ivory Coast,0,1,African Cup of Nations,Douala,Cameroon,TRUE
12/01/22,Tunisia,Mali,0,1,African Cup of Nations,Limb√©,Cameroon,TRUE
12/01/22,Mauritania,Gambia,0,1,African Cup of Nations,Limb√©,Cameroon,TRUE
13/01/22,Cameroon,Ethiopia,4,1,African Cup of Nations,Yaound√©,Cameroon,FALSE
13/01/22,Cape Verde,Burkina Faso,0,1,African Cup of Nations,Yaound√©,Cameroon,TRUE
14/01/22,Senegal,Guinea,0,0,African Cup of Nations,Bafoussam,Cameroon,TRUE
14/01/22,Malawi,Zimbabwe,2,1,African Cup of Nations,Bafoussam,Cameroon,TRUE
14/01/22,Morocco,Comoros,2,0,African Cup of Nations,Yaound√©,Cameroon,TRUE
14/01/22,Gabon,Ghana,1,1,African Cup of Nations,Yaound√©,Cameroon,TRUE
15/01/22,South Korea,Iceland,5,1,Friendly,Antalya,Turkey,TRUE
15/01/22,Nigeria,Sudan,3,1,African Cup of Nations,Garoua,Cameroon,TRUE
15/01/22,Guinea-Bissau,Egypt,0,1,African Cup of Nations,Garoua,Cameroon,TRUE
16/01/22,Colombia,Honduras,2,1,Friendly,Fort Lauderdale,United States,TRUE
16/01/22,Peru,Panama,1,1,Friendly,Lima,Peru,FALSE
16/01/22,Ivory Coast,Sierra Leone,2,2,African Cup of Nations,Douala,Cameroon,TRUE
16/01/22,Algeria,Equatorial Guinea,0,1,African Cup of Nations,Douala,Cameroon,TRUE
16/01/22,Gambia,Mali,1,1,African Cup of Nations,Limb√©,Cameroon,TRUE
16/01/22,Tunisia,Mauritania,4,0,African Cup of Nations,Limb√©,Cameroon,TRUE
17/01/22,Burkina Faso,Ethiopia,1,1,African Cup of Nations,Bafoussam,Cameroon,TRUE
17/01/22,Cameroon,Cape Verde,1,1,African Cup of Nations,Yaound√©,Cameroon,FALSE
18/01/22,Moldova,Uganda,2,3,Friendly,Belek,Turkey,TRUE
18/01/22,Malawi,Senegal,0,0,African Cup of Nations,Bafoussam,Cameroon,TRUE
18/01/22,Zimbabwe,Guinea,2,1,African Cup of Nations,Yaound√©,Cameroon,TRUE
18/01/22,Gabon,Morocco,2,2,African Cup of Nations,Yaound√©,Cameroon,TRUE
18/01/22,Ghana,Comoros,2,3,African Cup of Nations,Garoua,Cameroon,TRUE
19/01/22,Egypt,Sudan,1,0,African Cup of Nations,Yaound√©,Cameroon,TRUE
19/01/22,Guinea-Bissau,Nigeria,0,2,African Cup of Nations,Garoua,Cameroon,TRUE
20/01/22,South Korea,Moldova,4,0,Friendly,Antalya,Turkey,TRUE
20/01/22,Peru,Jamaica,3,0,Friendly,Lima,Peru,FALSE
20/01/22,Ivory Coast,Algeria,3,1,African Cup of Nations,Douala,Cameroon,TRUE
20/01/22,Sierra Leone,Equatorial Guinea,0,1,African Cup of Nations,Limb√©,Cameroon,TRUE
20/01/22,Gambia,Tunisia,1,0,African Cup of Nations,Limb√©,Cameroon,TRUE
20/01/22,Mali,Mauritania,2,0,African Cup of Nations,Douala,Cameroon,TRUE
21/01/22,Bolivia,Trinidad and Tobago,5,0,Friendly,Sucre,Bolivia,FALSE
21/01/22,Iraq,Uganda,1,0,Friendly,Baghdad,Iraq,FALSE
23/01/22,Burkina Faso,Gabon,1,1,African Cup of Nations,Limb√©,Cameroon,TRUE
23/01/22,Nigeria,Tunisia,0,1,African Cup of Nations,Garoua,Cameroon,TRUE
24/01/22,Cameroon,Comoros,2,1,African Cup of Nations,Yaound√©,Cameroon,FALSE
24/01/22,Guinea,Gambia,0,1,African Cup of Nations,Bafoussam,Cameroon,TRUE
25/01/22,Morocco,Malawi,2,1,African Cup of Nations,Yaound√©,Cameroon,TRUE
25/01/22,Senegal,Cape Verde,2,0,African Cup of Nations,Bafoussam,Cameroon,TRUE
26/01/22,Ivory Coast,Egypt,0,0,African Cup of Nations,Douala,Cameroon,TRUE
26/01/22,Mali,Equatorial Guinea,0,0,African Cup of Nations,Limb√©,Cameroon,TRUE
27/01/22,Bahrain,Uganda,3,1,Friendly,Riffa,Bahrain,FALSE
27/01/22,Indonesia,Timor-Leste,4,1,Friendly,Gianyar,Indonesia,FALSE
27/01/22,Uzbekistan,South Sudan,3,0,Friendly,Dubai,United Arab Emirates,TRUE
27/01/22,Jamaica,Mexico,1,2,FIFA World Cup qualification,Kingston,Jamaica,FALSE
27/01/22,United States,El Salvador,1,0,FIFA World Cup qualification,Columbus,United States,FALSE
27/01/22,Honduras,Canada,0,2,FIFA World Cup qualification,San Pedro Sula,Honduras,FALSE
27/01/22,Costa Rica,Panama,1,0,FIFA World Cup qualification,San Jos√©,Costa Rica,FALSE
27/01/22,Lebanon,South Korea,0,1,FIFA World Cup qualification,Sidon,Lebanon,FALSE
27/01/22,Iran,Iraq,1,0,FIFA World Cup qualification,Tehran,Iran,FALSE
27/01/22,United Arab Emirates,Syria,2,0,FIFA World Cup qualification,Dubai,United Arab Emirates,FALSE
27/01/22,Japan,China PR,2,0,FIFA World Cup qualification,Saitama,Japan,FALSE
27/01/22,Australia,Vietnam,4,0,FIFA World Cup qualification,Melbourne,Australia,FALSE
27/01/22,Saudi Arabia,Oman,1,0,FIFA World Cup qualification,Jeddah,Saudi Arabia,FALSE
27/01/22,Ecuador,Brazil,1,1,FIFA World Cup qualification,Quito,Ecuador,FALSE
27/01/22,Paraguay,Uruguay,0,1,FIFA World Cup qualification,Asunci√≥n,Paraguay,FALSE
27/01/22,Chile,Argentina,1,2,FIFA World Cup qualification,Calama,Chile,FALSE
28/01/22,Jordan,New Zealand,3,1,Friendly,Abu Dhabi,United Arab Emirates,TRUE
28/01/22,Suriname,Barbados,1,0,Friendly,Paramaribo,Suriname,FALSE
28/01/22,Colombia,Peru,0,1,FIFA World Cup qualification,Barranquilla,Colombia,FALSE
28/01/22,Venezuela,Bolivia,4,1,FIFA World Cup qualification,Barinas,Venezuela,FALSE
29/01/22,Kuwait,Libya,2,0,Friendly,Kuwait City,Kuwait,FALSE
29/01/22,Nepal,Mauritius,1,0,Friendly,Kathmandu,Nepal,FALSE
29/01/22,Nicaragua,Belize,4,0,Friendly,Managua,Nicaragua,FALSE
29/01/22,Burkina Faso,Tunisia,1,0,African Cup of Nations,Garoua,Cameroon,TRUE
29/01/22,Cameroon,Gambia,2,0,African Cup of Nations,Douala,Cameroon,FALSE
30/01/22,Indonesia,Timor-Leste,3,0,Friendly,Gianyar,Indonesia,FALSE
30/01/22,Egypt,Morocco,2,1,African Cup of Nations,Yaound√©,Cameroon,TRUE
30/01/22,Senegal,Equatorial Guinea,3,1,African Cup of Nations,Yaound√©,Cameroon,TRUE
30/01/22,Canada,United States,2,0,FIFA World Cup qualification,Hamilton,Canada,FALSE
30/01/22,Mexico,Costa Rica,0,0,FIFA World Cup qualification,Mexico City,Mexico,FALSE
30/01/22,Panama,Jamaica,3,2,FIFA World Cup qualification,Panama City,Panama,FALSE
30/01/22,Honduras,El Salvador,0,2,FIFA World Cup qualification,San Pedro Sula,Honduras,FALSE
01/02/22,Bahrain,DR Congo,1,0,Friendly,Riffa,Bahrain,FALSE
01/02/22,Kuwait,Libya,0,2,Friendly,Kuwait City,Kuwait,FALSE
01/02/22,Nepal,Mauritius,1,0,Friendly,Kathmandu,Nepal,FALSE
01/02/22,Nicaragua,Belize,1,1,Friendly,Managua,Nicaragua,FALSE
01/02/22,Suriname,Guyana,2,1,Friendly,Paramaribo,Suriname,FALSE
01/02/22,Lebanon,Iraq,1,1,FIFA World Cup qualification,Sidon,Lebanon,FALSE
01/02/22,Iran,United Arab Emirates,1,0,FIFA World Cup qualification,Tehran,Iran,FALSE
01/02/22,Syria,South Korea,0,2,FIFA World Cup qualification,Dubai,United Arab Emirates,TRUE
01/02/22,Vietnam,China PR,3,1,FIFA World Cup qualification,Hanoi,Vietnam,FALSE
01/02/22,Japan,Saudi Arabia,2,0,FIFA World Cup qualification,Saitama,Japan,FALSE
01/02/22,Oman,Australia,2,2,FIFA World Cup qualification,Muscat,Oman,FALSE
01/02/22,Bolivia,Chile,2,3,FIFA World Cup qualification,La Paz,Bolivia,FALSE
01/02/22,Uruguay,Venezuela,4,1,FIFA World Cup qualification,Montevideo,Uruguay,FALSE
01/02/22,Argentina,Colombia,1,0,FIFA World Cup qualification,C√≥rdoba,Argentina,FALSE
01/02/22,Peru,Ecuador,1,1,FIFA World Cup qualification,Lima,Peru,FALSE
01/02/22,Brazil,Paraguay,4,0,FIFA World Cup qualification,Belo Horizonte,Brazil,FALSE
02/02/22,Burkina Faso,Senegal,1,3,African Cup of Nations,Yaound√©,Cameroon,TRUE
02/02/22,United States,Honduras,3,0,FIFA World Cup qualification,Saint Paul,United States,FALSE
02/02/22,Jamaica,Costa Rica,0,1,FIFA World Cup qualification,Kingston,Jamaica,FALSE
02/02/22,El Salvador,Canada,0,2,FIFA World Cup qualification,San Salvador,El Salvador,FALSE
02/02/22,Mexico,Panama,1,0,FIFA World Cup qualification,Mexico City,Mexico,FALSE
03/02/22,Cameroon,Egypt,0,0,African Cup of Nations,Yaound√©,Cameroon,FALSE
05/02/22,Cameroon,Burkina Faso,3,3,African Cup of Nations,Yaound√©,Cameroon,FALSE
06/02/22,Senegal,Egypt,0,0,African Cup of Nations,Yaound√©,Cameroon,TRUE
17/03/22,Cook Islands,Solomon Islands,0,2,FIFA World Cup qualification,Doha,Qatar,TRUE
18/03/22,Papua New Guinea,New Zealand,0,1,FIFA World Cup qualification,Doha,Qatar,TRUE
18/03/22,New Caledonia,Fiji,1,2,FIFA World Cup qualification,Doha,Qatar,TRUE
18/03/22,Iraq,Zambia,3,1,Friendly,Baghdad,Iraq,FALSE
19/03/22,Mauritius,Seychelles,0,0,Friendly,Saint Pierre,Mauritius,FALSE
21/03/22,Papua New Guinea,New Caledonia,1,0,FIFA World Cup qualification,Doha,Qatar,TRUE
21/03/22,New Zealand,Fiji,4,0,FIFA World Cup qualification,Doha,Qatar,TRUE
23/03/22,Bahrain,India,2,1,Friendly,Riffa,Bahrain,FALSE
23/03/22,Gibraltar,Grenada,0,0,Friendly,Gibraltar,Gibraltar,FALSE
23/03/22,Guinea-Bissau,Equatorial Guinea,3,0,Friendly,√ìbidos,Portugal,TRUE
23/03/22,Guadeloupe,Cape Verde,0,2,Friendly,Orl√©ans,France,TRUE
23/03/22,Laos,Mongolia,1,0,Friendly,Vientiane,Laos,FALSE
23/03/22,Malaysia,Philippines,2,0,Friendly,Kallang,Singapore,TRUE
23/03/22,Mozambique,Niger,1,1,Friendly,Nouakchott,Mauritania,TRUE
23/03/22,Tanzania,Central African Republic,3,1,Friendly,Dar es Salaam,Tanzania,FALSE
23/03/22,Chad,Gambia,0,1,African Cup of Nations qualification,Yaound√©,Cameroon,TRUE
23/03/22,Djibouti,South Sudan,2,4,African Cup of Nations qualification,Alexandria,Egypt,TRUE
23/03/22,Seychelles,Lesotho,0,0,African Cup of Nations qualification,Saint Pierre,Mauritius,TRUE
23/03/22,Somalia,Eswatini,0,3,African Cup of Nations qualification,Dar es Salaam,Tanzania,TRUE
24/03/22,Jamaica,El Salvador,1,1,FIFA World Cup qualification,Kingston,Jamaica,FALSE
24/03/22,Mexico,United States,0,0,FIFA World Cup qualification,Mexico City,Mexico,FALSE
24/03/22,Panama,Honduras,1,1,FIFA World Cup qualification,Panama City,Panama,FALSE
24/03/22,Costa Rica,Canada,1,0,FIFA World Cup qualification,San Jos√©,Costa Rica,FALSE
24/03/22,Lebanon,Syria,0,3,FIFA World Cup qualification,Sidon,Lebanon,FALSE
24/03/22,Iraq,United Arab Emirates,1,0,FIFA World Cup qualification,Riyadh,Saudi Arabia,TRUE
24/03/22,South Korea,Iran,2,0,FIFA World Cup qualification,Seoul,South Korea,FALSE
24/03/22,China PR,Saudi Arabia,1,1,FIFA World Cup qualification,Sharjah,United Arab Emirates,TRUE
24/03/22,Vietnam,Oman,0,1,FIFA World Cup qualification,Hanoi,Vietnam,FALSE
24/03/22,Australia,Japan,0,2,FIFA World Cup qualification,Sydney,Australia,FALSE
24/03/22,Solomon Islands,Tahiti,3,1,FIFA World Cup qualification,Doha,Qatar,TRUE
24/03/22,Fiji,Papua New Guinea,1,2,FIFA World Cup qualification,Doha,Qatar,TRUE
24/03/22,New Zealand,New Caledonia,7,1,FIFA World Cup qualification,Doha,Qatar,TRUE
24/03/22,Colombia,Bolivia,3,0,FIFA World Cup qualification,Barranquilla,Colombia,FALSE
24/03/22,Brazil,Chile,4,0,FIFA World Cup qualification,Rio de Janeiro,Brazil,FALSE
24/03/22,Paraguay,Ecuador,3,1,FIFA World Cup qualification,Ciudad del Este,Paraguay,FALSE
24/03/22,Uruguay,Peru,1,0,FIFA World Cup qualification,Montevideo,Uruguay,FALSE
24/03/22,Italy,North Macedonia,0,1,FIFA World Cup qualification,Palermo,Italy,FALSE
24/03/22,Portugal,Turkey,3,1,FIFA World Cup qualification,Porto,Portugal,FALSE
24/03/22,Sweden,Czech Republic,1,0,FIFA World Cup qualification,Stockholm,Sweden,FALSE
24/03/22,Wales,Austria,2,1,FIFA World Cup qualification,Cardiff,Wales,FALSE
24/03/22,Armenia,Montenegro,1,0,Friendly,Yerevan,Armenia,FALSE
24/03/22,Guatemala,Cuba,1,0,Friendly,Antigua Guatemala City,Guatemala,FALSE
24/03/22,Hungary,Serbia,0,1,Friendly,Budapest,Hungary,FALSE
24/03/22,Kosovo,Burkina Faso,5,0,Friendly,Pristina,Kosovo,FALSE
24/03/22,Liberia,Benin,0,4,Friendly,Antalya,Turkey,TRUE
24/03/22,Maldives,Bangladesh,2,0,Friendly,Mal√©,Maldives,FALSE
24/03/22,Scotland,Poland,1,1,Friendly,Glasgow,Scotland,FALSE
24/03/22,Thailand,Nepal,2,0,Friendly,Chonburi,Thailand,FALSE
24/03/22,Togo,Sierra Leone,3,0,Friendly,Antalya,Turkey,TRUE
24/03/22,Estonia,Cyprus,0,0,UEFA Nations League,Tallinn,Estonia,FALSE
24/03/22,Moldova,Kazakhstan,1,2,UEFA Nations League,Chi»ôinƒÉu,Moldova,FALSE
24/03/22,Mauritius,S√£o Tom√© and Pr√≠ncipe,3,0,African Cup of Nations qualification,Saint Pierre,Mauritius,FALSE
25/03/22,Cameroon,Algeria,0,1,FIFA World Cup qualification,Douala,Cameroon,FALSE
25/03/22,DR Congo,Morocco,1,1,FIFA World Cup qualification,Kinshasa,DR Congo,FALSE
25/03/22,Egypt,Senegal,1,0,FIFA World Cup qualification,Cairo,Egypt,FALSE
25/03/22,Ghana,Nigeria,0,0,FIFA World Cup qualification,Kumasi,Ghana,FALSE
25/03/22,Mali,Tunisia,0,1,FIFA World Cup qualification,Bamako,Mali,FALSE
25/03/22,Argentina,Venezuela,3,0,FIFA World Cup qualification,Buenos Aires,Argentina,FALSE
25/03/22,Andorra,Saint Kitts and Nevis,1,0,Friendly,Andorra la Vella,Andorra,FALSE
25/03/22,Bosnia and Herzegovina,Georgia,0,1,Friendly,Zenica,Bosnia and Herzegovina,FALSE
25/03/22,Cape Verde,Liechtenstein,6,0,Friendly,San Pedro del Pinatar,Spain,TRUE
25/03/22,Comoros,Ethiopia,2,1,Friendly,Moroni,Comoros,FALSE
25/03/22,Congo,Zambia,1,3,Friendly,Antalya,Turkey,TRUE
25/03/22,France,Ivory Coast,2,1,Friendly,Marseille,France,FALSE
25/03/22,Latvia,Kuwait,1,1,Friendly,Ta' Qali,Malta,TRUE
25/03/22,Luxembourg,Northern Ireland,1,3,Friendly,Luxembourg,Luxembourg,FALSE
25/03/22,Malta,Azerbaijan,1,0,Friendly,Ta' Qali,Malta,FALSE
25/03/22,Norway,Slovakia,2,0,Friendly,Oslo,Norway,FALSE
25/03/22,Romania,Greece,0,1,Friendly,Bucharest,Romania,FALSE
25/03/22,San Marino,Lithuania,1,2,Friendly,Serravalle,San Marino,FALSE
25/03/22,South Africa,Guinea,0,0,Friendly,Kortrijk,Belgium,TRUE
25/03/22,Tajikistan,Uganda,1,1,Navruz Cup,Namangan,Uzbekistan,TRUE
25/03/22,Trinidad and Tobago,Barbados,9,0,Friendly,Port of Spain,Trinidad and Tobago,FALSE
25/03/22,Uzbekistan,Kyrgyzstan,3,1,Navruz Cup,Namangan,Uzbekistan,FALSE
25/03/22,Alderney,Jersey,1,6,Muratti Vase,Alderney,Alderney,FALSE
26/03/22,Angola,Guinea-Bissau,3,2,Friendly,√ìbidos,Portugal,TRUE
26/03/22,Bahrain,Burundi,1,0,Friendly,Arad,Iran,TRUE
26/03/22,Belarus,India,3,0,Friendly,Isa Town,Bahrain,TRUE
26/03/22,Central African Republic,Sudan,0,0,Friendly,Dar es Salaam,Tanzania,TRUE
26/03/22,Croatia,Slovenia,1,1,Friendly,Al Rayyan,Qatar,TRUE
26/03/22,England,Switzerland,2,1,Friendly,London,England,FALSE
26/03/22,Finland,Iceland,1,1,Friendly,Murcia,Spain,TRUE
26/03/22,Germany,Israel,2,0,Friendly,Sinsheim,Germany,FALSE
26/03/22,Gibraltar,Faroe Islands,0,0,Friendly,Gibraltar,Gibraltar,FALSE
26/03/22,Libya,Niger,2,1,Friendly,Nouakchott,Mauritania,TRUE
26/03/22,Mauritania,Mozambique,2,1,Friendly,Nouakchott,Mauritania,FALSE
26/03/22,Netherlands,Denmark,4,2,Friendly,Amsterdam,Netherlands,FALSE
26/03/22,Qatar,Bulgaria,2,1,Friendly,Al Rayyan,Qatar,FALSE
26/03/22,Republic of Ireland,Belgium,2,2,Friendly,Dublin,Republic of Ireland,FALSE
26/03/22,Singapore,Malaysia,2,1,Friendly,Kallang,Singapore,FALSE
26/03/22,Spain,Albania,2,1,Friendly,Barcelona,Spain,FALSE
27/03/22,El Salvador,Costa Rica,1,2,FIFA World Cup qualification,San Salvador,El Salvador,FALSE
27/03/22,Canada,Jamaica,4,0,FIFA World Cup qualification,Toronto,Canada,FALSE
27/03/22,Honduras,Mexico,0,1,FIFA World Cup qualification,San Pedro Sula,Honduras,FALSE
27/03/22,United States,Panama,5,1,FIFA World Cup qualification,Orlando,United States,FALSE
27/03/22,New Zealand,Tahiti,1,0,FIFA World Cup qualification,Doha,Qatar,TRUE
27/03/22,Solomon Islands,Papua New Guinea,3,2,FIFA World Cup qualification,Doha,Qatar,TRUE
27/03/22,Barbados,Guyana,0,5,Friendly,Port of Spain,Trinidad and Tobago,TRUE
27/03/22,Belize,Cuba,0,3,Friendly,Belmopan,Belize,FALSE
27/03/22,Benin,Zambia,2,1,Friendly,Antalya,Turkey,TRUE
27/03/22,Guatemala,Haiti,2,1,Friendly,Fort Lauderdale,United States,TRUE
27/03/22,Laos,Brunei,3,2,Friendly,Vientiane,Laos,FALSE
27/03/22,Liberia,Sierra Leone,0,1,Friendly,Antalya,Turkey,TRUE
27/03/22,Thailand,Suriname,1,0,Friendly,Pathum Thani,Thailand,FALSE
27/03/22,South Sudan,Djibouti,1,0,African Cup of Nations qualification,Entebbe,Uganda,TRUE
27/03/22,Lesotho,Seychelles,3,1,African Cup of Nations qualification,Soweto,South Africa,TRUE
27/03/22,Eswatini,Somalia,2,1,African Cup of Nations qualification,Mbombela,South Africa,TRUE
27/03/22,Mauritius,S√£o Tom√© and Pr√≠ncipe,3,3,African Cup of Nations qualification,Belle Vue Harel,Mauritius,FALSE
28/03/22,Andorra,Grenada,1,0,Friendly,Andorra la Vella,Andorra,FALSE
28/03/22,Cape Verde,San Marino,2,0,Friendly,San Pedro del Pinatar,Spain,TRUE
28/03/22,Montenegro,Greece,1,0,Friendly,Podgorica,Montenegro,FALSE
28/03/22,Vanuatu,Fiji,1,2,Friendly,Doha,Qatar,TRUE
29/03/22,Algeria,Cameroon,1,2,FIFA World Cup qualification,Blida,Algeria,FALSE
29/03/22,Morocco,DR Congo,4,1,FIFA World Cup qualification,Casablanca,Morocco,FALSE
29/03/22,Nigeria,Ghana,1,1,FIFA World Cup qualification,Abuja,Nigeria,FALSE
29/03/22,Senegal,Egypt,1,0,FIFA World Cup qualification,Diamniadio,Senegal,FALSE
29/03/22,Tunisia,Mali,0,0,FIFA World Cup qualification,Tunis,Tunisia,FALSE
29/03/22,Iran,Lebanon,2,0,FIFA World Cup qualification,Mashhad,Iran,FALSE
29/03/22,Syria,Iraq,1,1,FIFA World Cup qualification,Dubai,United Arab Emirates,TRUE
29/03/22,United Arab Emirates,South Korea,1,0,FIFA World Cup qualification,Dubai,United Arab Emirates,FALSE
29/03/22,Japan,Vietnam,1,1,FIFA World Cup qualification,Saitama,Japan,FALSE
29/03/22,Oman,China PR,2,0,FIFA World Cup qualification,Muscat,Oman,FALSE
29/03/22,Saudi Arabia,Australia,1,0,FIFA World Cup qualification,Jeddah,Saudi Arabia,FALSE
29/03/22,Ecuador,Argentina,1,1,FIFA World Cup qualification,Guayaquil,Ecuador,FALSE
29/03/22,Peru,Paraguay,2,0,FIFA World Cup qualification,Lima,Peru,FALSE
29/03/22,Bolivia,Brazil,0,4,FIFA World Cup qualification,La Paz,Bolivia,FALSE
29/03/22,Venezuela,Colombia,0,1,FIFA World Cup qualification,Guayana,Venezuela,FALSE
29/03/22,Chile,Uruguay,0,2,FIFA World Cup qualification,Santiago,Chile,FALSE
29/03/22,Poland,Sweden,2,0,FIFA World Cup qualification,Chorz√≥w,Poland,FALSE
29/03/22,Portugal,North Macedonia,2,0,FIFA World Cup qualification,Porto,Portugal,FALSE
29/03/22,Albania,Georgia,0,0,Friendly,Tirana,Albania,FALSE
29/03/22,Angola,Equatorial Guinea,0,0,Friendly,√ìbidos,Portugal,TRUE
29/03/22,Austria,Scotland,2,2,Friendly,Vienna,Austria,FALSE
29/03/22,Azerbaijan,Latvia,0,1,Friendly,Ta' Qali,Malta,TRUE
29/03/22,Bahrain,Belarus,0,1,Friendly,Riffa,Bahrain,FALSE
29/03/22,Bangladesh,Mongolia,0,0,Friendly,Sylhet,Bangladesh,FALSE
29/03/22,Belgium,Burkina Faso,3,0,Friendly,Anderlecht,Belgium,FALSE
29/03/22,Bosnia and Herzegovina,Luxembourg,1,0,Friendly,Zenica,Bosnia and Herzegovina,FALSE
29/03/22,Congo,Sierra Leone,1,2,Friendly,Antalya,Turkey,TRUE
29/03/22,Croatia,Bulgaria,2,1,Friendly,Al Rayyan,Qatar,TRUE
29/03/22,Denmark,Serbia,3,0,Friendly,Copenhagen,Denmark,FALSE
29/03/22,England,Ivory Coast,3,0,Friendly,London,England,FALSE
29/03/22,Faroe Islands,Liechtenstein,1,0,Friendly,San Pedro del Pinatar,Spain,TRUE
29/03/22,Finland,Slovakia,0,2,Friendly,Murcia,Spain,TRUE
29/03/22,France,South Africa,5,0,Friendly,Villeneuve D'Ascq,Algeria,TRUE
29/03/22,Israel,Romania,2,2,Friendly,Netanya,Israel,FALSE
29/03/22,Liberia,Burundi,1,2,Friendly,Antalya,Turkey,TRUE
29/03/22,Malta,Kuwait,2,0,Friendly,Ta' Qali,Malta,FALSE
29/03/22,Mauritania,Libya,2,0,Friendly,Nouakchott,Mauritania,FALSE
29/03/22,Netherlands,Germany,1,1,Friendly,Amsterdam,Netherlands,FALSE
29/03/22,Northern Ireland,Hungary,0,1,Friendly,Belfast,Northern Ireland,FALSE
29/03/22,Norway,Armenia,9,0,Friendly,Oslo,Norway,FALSE
29/03/22,Qatar,Slovenia,0,0,Friendly,Al Rayyan,Qatar,FALSE
29/03/22,Republic of Ireland,Lithuania,1,0,Friendly,Dublin,Republic of Ireland,FALSE
29/03/22,Singapore,Philippines,2,0,Friendly,Kallang,Singapore,FALSE
29/03/22,Spain,Iceland,5,0,Friendly,La Coru√±a,Spain,FALSE
29/03/22,Switzerland,Kosovo,1,1,Friendly,Z√ºrich,Switzerland,FALSE
29/03/22,Tanzania,Sudan,1,1,Friendly,Dar es Salaam,Tanzania,FALSE
29/03/22,Togo,Benin,1,1,Friendly,Antalya,Turkey,TRUE
29/03/22,Trinidad and Tobago,Guyana,1,1,Friendly,Port of Spain,Trinidad and Tobago,FALSE
29/03/22,Turkey,Italy,2,3,Friendly,Konya,Turkey,FALSE
29/03/22,Wales,Czech Republic,1,1,Friendly,Cardiff,Wales,FALSE
29/03/22,Tajikistan,Kyrgyzstan,1,0,Navruz Cup,Namangan,Uzbekistan,TRUE
29/03/22,Uzbekistan,Uganda,4,2,Navruz Cup,Namangan,Uzbekistan,FALSE
29/03/22,Cyprus,Estonia,2,0,UEFA Nations League,Larnaca,Cyprus,FALSE
29/03/22,Kazakhstan,Moldova,0,1,UEFA Nations League,Nur-Sultan,Kazakhstan,FALSE
29/03/22,Gambia,Chad,2,2,African Cup of Nations qualification,Agadir,Morocco,TRUE
30/03/22,Mexico,El Salvador,2,0,FIFA World Cup qualification,Mexico City,Mexico,FALSE
30/03/22,Costa Rica,United States,2,0,FIFA World Cup qualification,San Jos√©,Costa Rica,FALSE
30/03/22,Panama,Canada,1,0,FIFA World Cup qualification,Panama City,Panama,FALSE
30/03/22,Jamaica,Honduras,2,1,FIFA World Cup qualification,Kingston,Jamaica,FALSE
30/03/22,Solomon Islands,New Zealand,0,5,FIFA World Cup qualification,Doha,Qatar,TRUE
23/04/22,Alderney,Guernsey,0,2,Muratti Vase,Alderney,Alderney,FALSE
24/04/22,El Salvador,Guatemala,0,4,Friendly,San Jose,United States,TRUE
27/04/22,Mexico,Guatemala,0,0,Friendly,Orlando,United States,TRUE
12/05/22,Bahamas,Turks and Caicos Islands,4,2,Friendly,Nassau,Bahamas,FALSE
12/05/22,Dominica,Saint Vincent and the Grenadines,2,1,Friendly,Roseau,Dominica,FALSE
13/05/22,Guernsey,Jersey,1,2,Muratti Vase,Guernsey,Guernsey,FALSE
14/05/22,Bahamas,Turks and Caicos Islands,1,2,Friendly,Nassau,Bahamas,FALSE
15/05/22,Dominica,Saint Vincent and the Grenadines,3,1,Friendly,Roseau,Dominica,FALSE
21/05/22,Yoruba Nation,Matabeleland,1,1,CONIFA Africa Football Cup,Johannesburg,South Africa,TRUE
21/05/22,Jersey,Guernsey,1,0,Muratti Vase,Jersey,Jersey,FALSE
22/05/22,Biafra,Matabeleland,0,1,CONIFA Africa Football Cup,Johannesburg,South Africa,TRUE
23/05/22,Yoruba Nation,Biafra,0,1,CONIFA Africa Football Cup,Johannesburg,South Africa,TRUE
24/05/22,Mozambique,Eswatini,0,1,Friendly,Maputo,Mozambique,FALSE
24/05/22,Thailand,Bahrain,3,1,Friendly,Bangkok,Thailand,FALSE
25/05/22,Biafra,Matabeleland,1,0,CONIFA Africa Football Cup,Johannesburg,South Africa,TRUE
27/05/22,Bahrain,Myanmar,2,0,Friendly,Pathum Thani,Thailand,TRUE
27/05/22,Malaysia,Brunei,4,0,Friendly,Kuala Lumpur,Malaysia,FALSE
27/05/22,Thailand,Turkmenistan,1,0,Friendly,Sisaket,Thailand,FALSE
28/05/22,Ethiopia,Lesotho,1,1,Friendly,Adama,Ethiopia,FALSE
28/05/22,India,Jordan,0,2,Friendly,Doha,Qatar,TRUE
28/05/22,Mexico,Nigeria,2,1,Friendly,Arlington,United States,TRUE
29/05/22,United Arab Emirates,Gambia,1,1,Friendly,Dubai,United Arab Emirates,FALSE
30/05/22,Ethiopia,Lesotho,1,1,Friendly,Adama,Ethiopia,FALSE
30/05/22,Trinidad and Tobago,Saint Lucia,1,0,Friendly,San Fernando,Trinidad and Tobago,FALSE
31/05/22,Thailand,Bahrain,1,2,Friendly,Pathum Thani,Thailand,FALSE
01/06/22,Italy,Argentina,0,3,CONMEBOL‚ÄìUEFA Cup of Champions,Paris,France,TRUE
01/06/22,Scotland,Ukraine,1,3,FIFA World Cup qualification,Glasgow,Scotland,FALSE
01/06/22,Angola,Central African Republic,2,1,African Cup of Nations qualification,Luanda,Angola,FALSE
01/06/22,Ghana,Madagascar,3,0,African Cup of Nations qualification,Cape Coast,Ghana,FALSE
01/06/22,Libya,Botswana,1,0,African Cup of Nations qualification,Benghazi,Libya,FALSE
01/06/22,Poland,Wales,2,1,UEFA Nations League,Wroc≈Çaw,Poland,FALSE
01/06/22,Australia,Jordan,2,1,Friendly,Al Wakrah,Qatar,TRUE
01/06/22,Indonesia,Bangladesh,0,0,Friendly,Soreang,Indonesia,FALSE
01/06/22,Malta,Venezuela,0,1,Friendly,Ta' Qali,Malta,FALSE
01/06/22,Kuwait,Singapore,2,0,Friendly,Abu Dhabi,United Arab Emirates,TRUE
01/06/22,Malaysia,Hong Kong,2,0,Friendly,Kuala Lumpur,Malaysia,FALSE
01/06/22,Syria,Tajikistan,1,0,Friendly,Dubai,United Arab Emirates,TRUE
01/06/22,United States,Morocco,3,0,Friendly,Cincinnati,United States,FALSE
01/06/22,Vietnam,Afghanistan,2,0,Friendly,Ho Chi Minh City,Vietnam,FALSE
02/06/22,Tunisia,Equatorial Guinea,4,0,African Cup of Nations qualification,Rad√®s,Tunisia,FALSE
02/06/22,Mozambique,Rwanda,1,1,African Cup of Nations qualification,Johannesburg,South Africa,TRUE
02/06/22,Panama,Costa Rica,2,0,CONCACAF Nations League,Panama City,Panama,FALSE
02/06/22,Barbados,Antigua and Barbuda,0,1,CONCACAF Nations League,Gros Islet,Saint Lucia,TRUE
02/06/22,Guadeloupe,Cuba,2,1,CONCACAF Nations League,Les Abymes,Guadeloupe,FALSE
02/06/22,Belize,Dominican Republic,0,2,CONCACAF Nations League,Belmopan,Belize,FALSE
02/06/22,French Guiana,Guatemala,2,0,CONCACAF Nations League,Cayenne,French Guiana,FALSE
02/06/22,Anguilla,Dominica,0,0,CONCACAF Nations League,The Valley,Anguilla,FALSE
02/06/22,Czech Republic,Switzerland,2,1,UEFA Nations League,Prague,Czech Republic,FALSE
02/06/22,Spain,Portugal,1,1,UEFA Nations League,Seville,Spain,FALSE
02/06/22,Israel,Iceland,2,2,UEFA Nations League,Haifa,Israel,FALSE
02/06/22,Serbia,Norway,0,1,UEFA Nations League,Belgrade,Serbia,FALSE
02/06/22,Slovenia,Sweden,0,2,UEFA Nations League,Ljubljana,Slovenia,FALSE
02/06/22,Northern Ireland,Greece,0,1,UEFA Nations League,Belfast,Northern Ireland,FALSE
02/06/22,Cyprus,Kosovo,0,2,UEFA Nations League,Larnaca,Cyprus,FALSE
02/06/22,Georgia,Gibraltar,4,0,UEFA Nations League,Tbilisi,Georgia,FALSE
02/06/22,Bulgaria,North Macedonia,1,1,UEFA Nations League,Razgrad,Bulgaria,FALSE
02/06/22,Estonia,San Marino,2,0,UEFA Nations League,Tallinn,Estonia,FALSE
02/06/22,Cambodia,Timor-Leste,2,1,Friendly,Phnom Penh,Cambodia,FALSE
02/06/22,Ecuador,Nigeria,1,0,Friendly,Harrison,United States,TRUE
02/06/22,Japan,Paraguay,4,1,Friendly,Sapporo,Japan,FALSE
02/06/22,South Korea,Brazil,1,5,Friendly,Seoul,South Korea,FALSE
02/06/22,Mexico,Uruguay,0,3,Friendly,Glendale,United States,TRUE
03/06/22,Togo,Eswatini,2,2,African Cup of Nations qualification,Lom√©,Togo,FALSE
03/06/22,Burkina Faso,Cape Verde,2,0,African Cup of Nations qualification,Marrakech,Morocco,TRUE
03/06/22,Comoros,Lesotho,2,0,African Cup of Nations qualification,Moroni,Comoros,FALSE
03/06/22,Ivory Coast,Zambia,3,1,African Cup of Nations qualification,Yamoussoukro,Ivory Coast,FALSE
03/06/22,Cura√ßao,Honduras,0,1,CONCACAF Nations League,Willemstad,Cura√ßao,FALSE
03/06/22,Bahamas,Saint Vincent and the Grenadines,1,0,CONCACAF Nations League,Nassau,Bahamas,FALSE
03/06/22,Nicaragua,Trinidad and Tobago,2,1,CONCACAF Nations League,Managua,Nicaragua,FALSE
03/06/22,Sint Maarten,United States Virgin Islands,1,1,CONCACAF Nations League,Willemstad,Cura√ßao,TRUE
03/06/22,Turks and Caicos Islands,Bonaire,1,4,CONCACAF Nations League,Providenciales,Turks and Caicos Islands,FALSE
03/06/22,Saint Martin,Aruba,0,0,CONCACAF Nations League,The Valley,Anguilla,TRUE
03/06/22,British Virgin Islands,Cayman Islands,1,1,CONCACAF Nations League,Tortola,British Virgin Islands,FALSE
03/06/22,Croatia,Austria,0,3,UEFA Nations League,Osijek,Croatia,FALSE
03/06/22,France,Denmark,1,2,UEFA Nations League,Paris,France,FALSE
03/06/22,Belgium,Netherlands,1,4,UEFA Nations League,Brussels,Belgium,FALSE
03/06/22,Kazakhstan,Azerbaijan,2,0,UEFA Nations League,Nur-Sultan,Kazakhstan,FALSE
03/06/22,Belarus,Slovakia,0,1,UEFA Nations League,Novi Sad,Serbia,TRUE
03/06/22,Liechtenstein,Moldova,0,2,UEFA Nations League,Vaduz,Liechtenstein,FALSE
03/06/22,Latvia,Andorra,3,0,UEFA Nations League,Riga,Latvia,FALSE
03/06/22,Nepal,Oman,0,2,Friendly,Doha,Qatar,TRUE
04/06/22,Namibia,Burundi,1,1,African Cup of Nations qualification,Johannesburg,South Africa,TRUE
04/06/22,Niger,Tanzania,1,1,African Cup of Nations qualification,Cotonou,Benin,TRUE
04/06/22,Algeria,Uganda,2,0,African Cup of Nations qualification,Algiers,Algeria,FALSE
04/06/22,Gambia,South Sudan,1,0,African Cup of Nations qualification,Thi√®s,Senegal,TRUE
04/06/22,Mali,Congo,4,0,African Cup of Nations qualification,Bamako,Mali,FALSE
04/06/22,Mauritania,Sudan,3,0,African Cup of Nations qualification,Nouakchott,Mauritania,FALSE
04/06/22,DR Congo,Gabon,0,1,African Cup of Nations qualification,Kinshasa,DR Congo,FALSE
04/06/22,Senegal,Benin,3,1,African Cup of Nations qualification,Diamniadio,Senegal,FALSE
04/06/22,Suriname,Jamaica,1,1,CONCACAF Nations League,Paramaribo,Suriname,FALSE
04/06/22,El Salvador,Grenada,3,1,CONCACAF Nations League,San Salvador,El Salvador,FALSE
04/06/22,Bermuda,Haiti,0,0,CONCACAF Nations League,Devonshire Parish,Bermuda,FALSE
04/06/22,Montserrat,Guyana,1,2,CONCACAF Nations League,Santo Domingo,Dominican Republic,TRUE
04/06/22,Hungary,England,1,0,UEFA Nations League,Budapest,Hungary,FALSE
04/06/22,Italy,Germany,1,1,UEFA Nations League,Bologna,Italy,FALSE
04/06/22,Armenia,Republic of Ireland,1,0,UEFA Nations League,Yerevan,Armenia,FALSE
04/06/22,Finland,Bosnia and Herzegovina,1,1,UEFA Nations League,Helsinki,Finland,FALSE
04/06/22,Montenegro,Romania,2,0,UEFA Nations League,Podgorica,Montenegro,FALSE
04/06/22,Lithuania,Luxembourg,0,2,UEFA Nations League,Vilnius,Lithuania,FALSE
04/06/22,Turkey,Faroe Islands,4,0,UEFA Nations League,Istanbul,Turkey,FALSE
05/06/22,Wales,Ukraine,1,0,FIFA World Cup qualification,Cardiff,Wales,FALSE
05/06/22,Malawi,Ethiopia,2,1,African Cup of Nations qualification,Lilongwe,Malawi,FALSE
05/06/22,Egypt,Guinea,1,0,African Cup of Nations qualification,Cairo,Egypt,FALSE
05/06/22,Central African Republic,Ghana,1,1,African Cup of Nations qualification,Luanda,Angola,TRUE
05/06/22,Madagascar,Angola,1,1,African Cup of Nations qualification,Antananarivo,Madagascar,FALSE
05/06/22,Botswana,Tunisia,0,0,African Cup of Nations qualification,Francistown,Botswana,FALSE
05/06/22,Costa Rica,Martinique,2,0,CONCACAF Nations League,San Jos√©,Costa Rica,FALSE
05/06/22,Cuba,Barbados,3,0,CONCACAF Nations League,Santiago,Cuba,FALSE
05/06/22,Antigua and Barbuda,Guadeloupe,1,0,CONCACAF Nations League,Basseterre,Saint Kitts and Nevis,TRUE
05/06/22,Guatemala,Belize,2,0,CONCACAF Nations League,Guatemala City,Guatemala,FALSE
05/06/22,Dominican Republic,French Guiana,2,3,CONCACAF Nations League,Santo Domingo,Dominican Republic,FALSE
05/06/22,Dominica,Anguilla,1,1,CONCACAF Nations League,Basseterre,Saint Kitts and Nevis,TRUE
05/06/22,Portugal,Switzerland,4,0,UEFA Nations League,Lisbon,Portugal,FALSE
05/06/22,Czech Republic,Spain,2,2,UEFA Nations League,Prague,Czech Republic,FALSE
05/06/22,Serbia,Slovenia,4,1,UEFA Nations League,Belgrade,Serbia,FALSE
05/06/22,Sweden,Norway,1,2,UEFA Nations League,Stockholm,Sweden,FALSE
05/06/22,Cyprus,Northern Ireland,0,0,UEFA Nations League,Larnaca,Cyprus,FALSE
05/06/22,Kosovo,Greece,0,1,UEFA Nations League,Pristina,Kosovo,FALSE
05/06/22,Gibraltar,North Macedonia,0,2,UEFA Nations League,Gibraltar,Gibraltar,FALSE
05/06/22,Bulgaria,Georgia,2,5,UEFA Nations League,Razgrad,Bulgaria,FALSE
05/06/22,San Marino,Malta,0,2,UEFA Nations League,Serravalle,San Marino,FALSE
05/06/22,Argentina,Estonia,5,0,Friendly,Pamplona,Spain,TRUE
05/06/22,Mexico,Ecuador,0,0,Friendly,Chicago,United States,TRUE
05/06/22,Peru,New Zealand,1,0,Friendly,Barcelona,Spain,TRUE
05/06/22,Saudi Arabia,Colombia,0,1,Friendly,Murcia,Spain,TRUE
05/06/22,United States,Uruguay,0,0,Friendly,Kansas City,United States,FALSE
06/06/22,Equatorial Guinea,Libya,2,0,African Cup of Nations qualification,Malabo,Equatorial Guinea,FALSE
06/06/22,Honduras,Cura√ßao,1,2,CONCACAF Nations League,San Pedro Sula,Honduras,FALSE
06/06/22,Saint Vincent and the Grenadines,Nicaragua,2,2,CONCACAF Nations League,Kingstown,Saint Vincent and the Grenadines,FALSE
06/06/22,Trinidad and Tobago,Bahamas,1,0,CONCACAF Nations League,Port of Spain,Trinidad and Tobago,FALSE
06/06/22,Bonaire,Sint Maarten,2,2,CONCACAF Nations League,Willemstad,Cura√ßao,TRUE
06/06/22,United States Virgin Islands,Turks and Caicos Islands,3,2,CONCACAF Nations League,Saint Croix,United States Virgin Islands,FALSE
06/06/22,Aruba,Saint Martin,3,0,CONCACAF Nations League,Willemstad,Cura√ßao,TRUE
06/06/22,Cayman Islands,British Virgin Islands,1,1,CONCACAF Nations League,George Town,Cayman Islands,FALSE
06/06/22,Austria,Denmark,1,2,UEFA Nations League,Vienna,Austria,FALSE
06/06/22,Croatia,France,1,1,UEFA Nations League,Split,Croatia,FALSE
06/06/22,Iceland,Albania,1,1,UEFA Nations League,Reykjav√≠k,Iceland,FALSE
06/06/22,Belarus,Azerbaijan,0,0,UEFA Nations League,Novi Sad,Serbia,TRUE
06/06/22,Slovakia,Kazakhstan,0,1,UEFA Nations League,Trnava,Slovakia,FALSE
06/06/22,Latvia,Liechtenstein,1,0,UEFA Nations League,Riga,Latvia,FALSE
06/06/22,Andorra,Moldova,0,0,UEFA Nations League,Andorra la Vella,Andorra,FALSE
06/06/22,South Korea,Chile,2,0,Friendly,Daejeon,South Korea,FALSE
06/06/22,Japan,Brazil,0,1,Friendly,Tokyo,Japan,FALSE
07/06/22,Eswatini,Burkina Faso,1,3,African Cup of Nations qualification,Johannesburg,South Africa,TRUE
07/06/22,Cape Verde,Togo,2,0,African Cup of Nations qualification,Marrakech,Morocco,TRUE
07/06/22,Zambia,Comoros,2,1,African Cup of Nations qualification,Lusaka,Zambia,FALSE
07/06/22,Senegal,Rwanda,1,0,African Cup of Nations qualification,Diamniadio,Senegal,FALSE
07/06/22,Jamaica,Suriname,3,1,CONCACAF Nations League,Kingston,Jamaica,FALSE
07/06/22,Grenada,El Salvador,2,2,CONCACAF Nations League,St. George's,Grenada,FALSE
07/06/22,Guyana,Bermuda,2,1,CONCACAF Nations League,Leonora,Guyana,FALSE
07/06/22,Haiti,Montserrat,3,2,CONCACAF Nations League,Santo Domingo,Dominican Republic,TRUE
07/06/22,Germany,England,1,1,UEFA Nations League,Munich,Germany,FALSE
07/06/22,Italy,Hungary,2,1,UEFA Nations League,Cesena,Italy,FALSE
07/06/22,Finland,Montenegro,2,0,UEFA Nations League,Helsinki,Finland,FALSE
07/06/22,Bosnia and Herzegovina,Romania,1,0,UEFA Nations League,Zenica,Bosnia and Herzegovina,FALSE
07/06/22,Faroe Islands,Luxembourg,0,1,UEFA Nations League,T√≥rshavn,Faroe Islands,FALSE
07/06/22,Lithuania,Turkey,0,6,UEFA Nations League,Vilnius,Lithuania,FALSE
07/06/22,United Arab Emirates,Australia,1,2,FIFA World Cup qualification,Al Rayyan,Qatar,TRUE
08/06/22,Kuwait,Indonesia,1,2,AFC Asian Cup qualification,Kuwait City,Kuwait,FALSE
08/06/22,Jordan,Nepal,2,0,AFC Asian Cup qualification,Kuwait City,Kuwait,TRUE
08/06/22,Philippines,Yemen,0,0,AFC Asian Cup qualification,Ulaanbaatar,Mongolia,TRUE
08/06/22,Mongolia,Palestine,0,1,AFC Asian Cup qualification,Ulaanbaatar,Mongolia,FALSE
08/06/22,Thailand,Maldives,3,0,AFC Asian Cup qualification,Namangan,Uzbekistan,TRUE
08/06/22,Uzbekistan,Sri Lanka,3,0,AFC Asian Cup qualification,Namangan,Uzbekistan,FALSE
08/06/22,Hong Kong,Afghanistan,2,1,AFC Asian Cup qualification,Kolkota,India,TRUE
08/06/22,India,Cambodia,2,0,AFC Asian Cup qualification,Kolkota,India,FALSE
08/06/22,Bahrain,Bangladesh,2,0,AFC Asian Cup qualification,Kuala Lumpur,Malaysia,TRUE
08/06/22,Malaysia,Turkmenistan,3,1,AFC Asian Cup qualification,Kuala Lumpur,Malaysia,FALSE
08/06/22,Tajikistan,Myanmar,4,0,AFC Asian Cup qualification,Bishkek,Kyrgyzstan,TRUE
08/06/22,Kyrgyzstan,Singapore,2,1,AFC Asian Cup qualification,Bishkek,Kyrgyzstan,FALSE
08/06/22,Uganda,Niger,1,1,African Cup of Nations qualification,Entebbe,Uganda,FALSE
08/06/22,Tanzania,Algeria,0,2,African Cup of Nations qualification,Dar es Salaam,Tanzania,FALSE
08/06/22,Congo,Gambia,1,0,African Cup of Nations qualification,Brazzaville,Congo,FALSE
08/06/22,Gabon,Mauritania,0,0,African Cup of Nations qualification,Franceville,Gabon,FALSE
08/06/22,Sudan,DR Congo,2,1,African Cup of Nations qualification,Omdurman,Sudan,FALSE
08/06/22,Benin,Mozambique,0,1,African Cup of Nations qualification,Cotonou,Benin,FALSE
08/06/22,Wales,Netherlands,1,2,UEFA Nations League,Cardiff,Wales,FALSE
08/06/22,Belgium,Poland,6,1,UEFA Nations League,Brussels,Belgium,FALSE
08/06/22,Republic of Ireland,Ukraine,0,1,UEFA Nations League,Dublin,Republic of Ireland,FALSE
08/06/22,Scotland,Armenia,2,0,UEFA Nations League,Glasgow,Scotland,FALSE
09/06/22,Guinea-Bissau,S√£o Tom√© and Pr√≠ncipe,5,1,African Cup of Nations qualification,Agadir,Morocco,TRUE
09/06/22,Nigeria,Sierra Leone,2,1,African Cup of Nations qualification,Abuja,Nigeria,FALSE
09/06/22,Burundi,Cameroon,0,1,African Cup of Nations qualification,Dar es Salaam,Tanzania,TRUE
09/06/22,Ethiopia,Egypt,2,0,African Cup of Nations qualification,Lilongwe,Malawi,TRUE
09/06/22,Guinea,Malawi,1,0,African Cup of Nations qualification,Conakry,Guinea,FALSE
09/06/22,South Sudan,Mali,1,3,African Cup of Nations qualification,Entebbe,Uganda,TRUE
09/06/22,Lesotho,Ivory Coast,0,0,African Cup of Nations qualification,Soweto,South Africa,TRUE
09/06/22,Morocco,South Africa,2,1,African Cup of Nations qualification,Rabat,Morocco,FALSE
09/06/22,Panama,Martinique,5,0,CONCACAF Nations League,Panama City,Panama,FALSE
09/06/22,Canada,Cura√ßao,4,0,CONCACAF Nations League,Vancouver,Canada,FALSE
09/06/22,Barbados,Guadeloupe,0,1,CONCACAF Nations League,Gros Islet,Saint Lucia,TRUE
09/06/22,Antigua and Barbuda,Cuba,0,2,CONCACAF Nations League,Basseterre,Saint Kitts and Nevis,TRUE
09/06/22,Belize,French Guiana,1,1,CONCACAF Nations League,Belmopan,Belize,FALSE
09/06/22,Aruba,Saint Kitts and Nevis,2,3,CONCACAF Nations League,Willemstad,Cura√ßao,TRUE
09/06/22,Dominica,Saint Lucia,0,1,CONCACAF Nations League,Roseau,Dominica,FALSE
09/06/22,Cayman Islands,Puerto Rico,0,3,CONCACAF Nations League,George Town,Cayman Islands,FALSE
09/06/22,Portugal,Czech Republic,2,0,UEFA Nations League,Lisbon,Portugal,FALSE
09/06/22,Switzerland,Spain,0,1,UEFA Nations League,Geneva,Switzerland,FALSE
09/06/22,Norway,Slovenia,0,0,UEFA Nations League,Oslo,Norway,FALSE
09/06/22,Sweden,Serbia,0,1,UEFA Nations League,Stockholm,Sweden,FALSE
09/06/22,Kosovo,Northern Ireland,3,2,UEFA Nations League,Pristina,Kosovo,FALSE
09/06/22,Greece,Cyprus,3,0,UEFA Nations League,V√≥los,Greece,FALSE
09/06/22,Gibraltar,Bulgaria,1,1,UEFA Nations League,Gibraltar,Gibraltar,FALSE
09/06/22,North Macedonia,Georgia,0,3,UEFA Nations League,Skopje,North Macedonia,FALSE
09/06/22,Malta,Estonia,1,2,UEFA Nations League,Ta' Qali,Malta,FALSE
09/06/22,New Zealand,Oman,0,0,Friendly,Al Rayyan,Qatar,TRUE
09/06/22,San Marino,Iceland,0,1,Friendly,Serravalle,San Marino,FALSE
09/06/22,Saudi Arabia,Venezuela,0,1,Friendly,Murcia,Spain,TRUE
10/06/22,United States,Grenada,5,0,CONCACAF Nations League,Austin,United States,FALSE
10/06/22,Saint Vincent and the Grenadines,Trinidad and Tobago,0,2,CONCACAF Nations League,Kingstown,Saint Vincent and the Grenadines,FALSE
10/06/22,Bahamas,Nicaragua,0,2,CONCACAF Nations League,Nassau,Bahamas,FALSE
10/06/22,Dominican Republic,Guatemala,1,1,CONCACAF Nations League,Santo Domingo,Dominican Republic,FALSE
10/06/22,Austria,France,1,1,UEFA Nations League,Vienna,Austria,FALSE
10/06/22,Denmark,Croatia,0,1,UEFA Nations League,Copenhagen,Denmark,FALSE
10/06/22,Albania,Israel,1,2,UEFA Nations League,Tirana,Albania,FALSE
10/06/22,Azerbaijan,Slovakia,0,1,UEFA Nations League,Mardakan,Azerbaijan,FALSE
10/06/22,Belarus,Kazakhstan,1,1,UEFA Nations League,Novi Sad,Serbia,TRUE
10/06/22,Moldova,Latvia,2,4,UEFA Nations League,Chi»ôinƒÉu,Moldova,FALSE
10/06/22,Andorra,Liechtenstein,2,1,UEFA Nations League,Andorra la Vella,Andorra,FALSE
10/06/22,South Korea,Paraguay,2,2,Friendly,Suwon,South Korea,FALSE
10/06/22,Chile,Tunisia,0,2,Kirin Cup,Kobe,Japan,TRUE
10/06/22,Japan,Ghana,4,1,Kirin Cup,Kobe,Japan,FALSE
11/06/22,Kuwait,Nepal,4,1,AFC Asian Cup qualification,Kuwait City,Kuwait,FALSE
11/06/22,Indonesia,Jordan,0,1,AFC Asian Cup qualification,Kuwait City,Kuwait,TRUE
11/06/22,Mongolia,Philippines,0,1,AFC Asian Cup qualification,Ulaanbaatar,Mongolia,FALSE
11/06/22,Yemen,Palestine,0,5,AFC Asian Cup qualification,Ulaanbaatar,Mongolia,TRUE
11/06/22,Sri Lanka,Thailand,0,2,AFC Asian Cup qualification,Namangan,Uzbekistan,TRUE
11/06/22,Uzbekistan,Maldives,4,0,AFC Asian Cup qualification,Namangan,Uzbekistan,FALSE
11/06/22,Cambodia,Hong Kong,0,3,AFC Asian Cup qualification,Kolkota,India,TRUE
11/06/22,India,Afghanistan,2,1,AFC Asian Cup qualification,Kolkota,India,FALSE
11/06/22,Bangladesh,Turkmenistan,1,2,AFC Asian Cup qualification,Kuala Lumpur,Malaysia,TRUE
11/06/22,Malaysia,Bahrain,1,2,AFC Asian Cup qualification,Kuala Lumpur,Malaysia,FALSE
11/06/22,Singapore,Tajikistan,0,1,AFC Asian Cup qualification,Bishkek,Kyrgyzstan,TRUE
11/06/22,Kyrgyzstan,Myanmar,2,0,AFC Asian Cup qualification,Bishkek,Kyrgyzstan,FALSE
11/06/22,Mexico,Suriname,3,0,CONCACAF Nations League,Torre√≥n,Mexico,FALSE
11/06/22,Guyana,Haiti,2,6,CONCACAF Nations League,Leonora,Guyana,FALSE
11/06/22,Montserrat,Bermuda,3,2,CONCACAF Nations League,Santo Domingo,Dominican Republic,TRUE
11/06/22,United States Virgin Islands,Bonaire,0,2,CONCACAF Nations League,Saint Croix,United States Virgin Islands,FALSE
11/06/22,Sint Maarten,Turks and Caicos Islands,8,2,CONCACAF Nations League,Willemstad,Cura√ßao,TRUE
11/06/22,England,Italy,0,0,UEFA Nations League,Wolverhampton,England,FALSE
11/06/22,Hungary,Germany,1,1,UEFA Nations League,Budapest,Hungary,FALSE
11/06/22,Wales,Belgium,1,1,UEFA Nations League,Cardiff,Wales,FALSE
11/06/22,Netherlands,Poland,2,2,UEFA Nations League,Rotterdam,Netherlands,FALSE
11/06/22,Ukraine,Armenia,3,0,UEFA Nations League,≈Å√≥d≈∫,Poland,TRUE
11/06/22,Republic of Ireland,Scotland,3,0,UEFA Nations League,Dublin,Republic of Ireland,FALSE
11/06/22,Montenegro,Bosnia and Herzegovina,1,1,UEFA Nations League,Podgorica,Montenegro,FALSE
11/06/22,Romania,Finland,1,0,UEFA Nations League,Bucharest,Romania,FALSE
11/06/22,Faroe Islands,Lithuania,2,1,UEFA Nations League,T√≥rshavn,Faroe Islands,FALSE
11/06/22,Luxembourg,Turkey,0,2,UEFA Nations League,Luxembourg,Luxembourg,FALSE
11/06/22,Ecuador,Cape Verde,1,0,Friendly,Fort Lauderdale,United States,TRUE
11/06/22,Uruguay,Panama,5,0,Friendly,Montevideo,Uruguay,FALSE
12/06/22,Martinique,Panama,0,0,CONCACAF Nations League,Fort-de-France,Martinique,FALSE
12/06/22,Cuba,Antigua and Barbuda,3,1,CONCACAF Nations League,Santiago,Cuba,FALSE
12/06/22,Guadeloupe,Barbados,2,1,CONCACAF Nations League,Les Abymes,Guadeloupe,FALSE
12/06/22,Saint Kitts and Nevis,Saint Martin,1,1,CONCACAF Nations League,Basseterre,Saint Kitts and Nevis,FALSE
12/06/22,Saint Lucia,Anguilla,2,0,CONCACAF Nations League,Gros Islet,Saint Lucia,FALSE
12/06/22,Puerto Rico,British Virgin Islands,6,0,CONCACAF Nations League,Mayag√ºez,Puerto Rico,FALSE
12/06/22,Spain,Czech Republic,2,0,UEFA Nations League,M√°laga,Spain,FALSE
12/06/22,Switzerland,Portugal,1,0,UEFA Nations League,Geneva,Switzerland,FALSE
12/06/22,Norway,Sweden,3,2,UEFA Nations League,Oslo,Norway,FALSE
12/06/22,Slovenia,Serbia,2,2,UEFA Nations League,Ljubljana,Slovenia,FALSE
12/06/22,Northern Ireland,Cyprus,2,2,UEFA Nations League,Belfast,Northern Ireland,FALSE
12/06/22,Greece,Kosovo,2,0,UEFA Nations League,V√≥los,Greece,FALSE
12/06/22,North Macedonia,Gibraltar,4,0,UEFA Nations League,Skopje,North Macedonia,FALSE
12/06/22,Georgia,Bulgaria,0,0,UEFA Nations League,Tbilisi,Georgia,FALSE
12/06/22,Malta,San Marino,1,0,UEFA Nations League,Ta' Qali,Malta,FALSE
12/06/22,Iran,Algeria,1,2,Friendly,Doha,Qatar,TRUE
13/06/22,Australia,Peru,0,0,FIFA World Cup qualification,Al Rayyan,Qatar,TRUE
13/06/22,S√£o Tom√© and Pr√≠ncipe,Nigeria,0,10,African Cup of Nations qualification,Agadir,Morocco,TRUE
13/06/22,Sierra Leone,Guinea-Bissau,2,2,African Cup of Nations qualification,Conakry,Guinea,TRUE
13/06/22,Morocco,Liberia,2,0,African Cup of Nations qualification,Casablanca,Morocco,FALSE
13/06/22,Honduras,Canada,2,1,CONCACAF Nations League,San Pedro Sula,Honduras,FALSE
13/06/22,Nicaragua,Bahamas,4,0,CONCACAF Nations League,Managua,Nicaragua,FALSE
13/06/22,Trinidad and Tobago,Saint Vincent and the Grenadines,4,1,CONCACAF Nations League,Port of Spain,Trinidad and Tobago,FALSE
13/06/22,Guatemala,Dominican Republic,2,0,CONCACAF Nations League,Guatemala City,Guatemala,FALSE
13/06/22,Denmark,Austria,2,0,UEFA Nations League,Copenhagen,Denmark,FALSE
13/06/22,France,Croatia,0,1,UEFA Nations League,Paris,France,FALSE
13/06/22,Iceland,Israel,2,2,UEFA Nations League,Reykjav√≠k,Iceland,FALSE
13/06/22,Azerbaijan,Belarus,2,0,UEFA Nations League,Mardakan,Azerbaijan,FALSE
13/06/22,Kazakhstan,Slovakia,2,1,UEFA Nations League,Nur-Sultan,Kazakhstan,FALSE
13/06/22,Albania,Estonia,0,0,Friendly,Tirana,Albania,FALSE
14/06/22,Costa Rica,New Zealand,1,0,FIFA World Cup qualification,Al Rayyan,Qatar,TRUE
14/06/22,Kuwait,Jordan,0,3,AFC Asian Cup qualification,Kuwait City,Kuwait,FALSE
14/06/22,Indonesia,Nepal,7,0,AFC Asian Cup qualification,Kuwait City,Kuwait,TRUE
14/06/22,Palestine,Philippines,4,0,AFC Asian Cup qualification,Ulaanbaatar,Mongolia,TRUE
14/06/22,Mongolia,Yemen,2,0,AFC Asian Cup qualification,Ulaanbaatar,Mongolia,FALSE
14/06/22,Maldives,Sri Lanka,1,0,AFC Asian Cup qualification,Namangan,Uzbekistan,TRUE
14/06/22,Uzbekistan,Thailand,2,0,AFC Asian Cup qualification,Namangan,Uzbekistan,FALSE
14/06/22,Afghanistan,Cambodia,2,2,AFC Asian Cup qualification,Kolkota,India,TRUE
14/06/22,India,Hong Kong,4,0,AFC Asian Cup qualification,Kolkota,India,FALSE
14/06/22,Bahrain,Turkmenistan,1,0,AFC Asian Cup qualification,Kuala Lumpur,Malaysia,TRUE
14/06/22,Malaysia,Bangladesh,4,1,AFC Asian Cup qualification,Kuala Lumpur,Malaysia,FALSE
14/06/22,Myanmar,Singapore,2,6,AFC Asian Cup qualification,Bishkek,Kyrgyzstan,TRUE
14/06/22,Kyrgyzstan,Tajikistan,0,0,AFC Asian Cup qualification,Bishkek,Kyrgyzstan,FALSE
14/06/22,Jamaica,Mexico,1,1,CONCACAF Nations League,Kingston,Jamaica,FALSE
14/06/22,El Salvador,United States,1,1,CONCACAF Nations League,San Salvador,El Salvador,FALSE
14/06/22,Haiti,Guyana,6,0,CONCACAF Nations League,Santo Domingo,Dominican Republic,TRUE
14/06/22,French Guiana,Belize,1,0,CONCACAF Nations League,Cayenne,French Guiana,FALSE
14/06/22,Bonaire,United States Virgin Islands,2,0,CONCACAF Nations League,Willemstad,Cura√ßao,TRUE
14/06/22,Turks and Caicos Islands,Sint Maarten,2,0,CONCACAF Nations League,Providenciales,Turks and Caicos Islands,FALSE
14/06/22,England,Hungary,0,4,UEFA Nations League,Wolverhampton,England,FALSE
14/06/22,Germany,Italy,5,2,UEFA Nations League,M√∂nchengladbach,Germany,FALSE
14/06/22,Netherlands,Wales,3,2,UEFA Nations League,Rotterdam,Netherlands,FALSE
14/06/22,Poland,Belgium,0,1,UEFA Nations League,Warsaw,Poland,FALSE
14/06/22,Armenia,Scotland,1,4,UEFA Nations League,Yerevan,Armenia,FALSE
14/06/22,Ukraine,Republic of Ireland,1,1,UEFA Nations League,≈Å√≥d≈∫,Poland,TRUE
14/06/22,Bosnia and Herzegovina,Finland,3,2,UEFA Nations League,Zenica,Bosnia and Herzegovina,FALSE
14/06/22,Romania,Montenegro,0,3,UEFA Nations League,Bucharest,Romania,FALSE
14/06/22,Luxembourg,Faroe Islands,2,2,UEFA Nations League,Luxembourg,Luxembourg,FALSE
14/06/22,Turkey,Lithuania,2,0,UEFA Nations League,ƒ∞zmir,Turkey,FALSE
14/06/22,Moldova,Andorra,2,1,UEFA Nations League,Chi»ôinƒÉu,Moldova,FALSE
14/06/22,Liechtenstein,Latvia,0,2,UEFA Nations League,Vaduz,Liechtenstein,FALSE
14/06/22,Chile,Ghana,0,0,Kirin Cup,Suita,Japan,TRUE
14/06/22,Japan,Tunisia,0,3,Kirin Cup,Suita,Japan,FALSE
14/06/22,South Korea,Egypt,4,1,Friendly,Seoul,South Korea,FALSE
17/06/22,Mapuche,Maule Sur,0,1,CONIFA South America Football Cup,Linares,Chile,TRUE
18/06/22,Mapuche,Aymara,3,1,CONIFA South America Football Cup,Linares,Chile,TRUE
19/06/22,Aymara,Maule Sur,0,1,CONIFA South America Football Cup,Linares,Chile,TRUE
05/07/22,Seychelles,Botswana,0,1,COSAFA Cup,Durban,South Africa,TRUE
05/07/22,Angola,Comoros,3,1,COSAFA Cup,Durban,South Africa,TRUE
06/07/22,Mauritius,Eswatini,0,3,COSAFA Cup,Durban,South Africa,TRUE
06/07/22,Lesotho,Malawi,2,1,COSAFA Cup,Durban,South Africa,TRUE
07/07/22,Comoros,Botswana,0,1,COSAFA Cup,Durban,South Africa,TRUE
07/07/22,Angola,Seychelles,3,0,COSAFA Cup,Durban,South Africa,TRUE
08/07/22,Malawi,Eswatini,1,1,COSAFA Cup,Durban,South Africa,TRUE
08/07/22,Lesotho,Mauritius,2,1,COSAFA Cup,Durban,South Africa,TRUE
10/07/22,Seychelles,Comoros,1,2,COSAFA Cup,KwaMashu,South Africa,TRUE
10/07/22,Botswana,Angola,1,0,COSAFA Cup,Durban,South Africa,TRUE
10/07/22,Mauritius,Malawi,0,2,COSAFA Cup,KwaMashu,South Africa,TRUE
10/07/22,Eswatini,Lesotho,2,0,COSAFA Cup,Durban,South Africa,TRUE
12/07/22,Madagascar,Namibia,0,2,COSAFA Cup,KwaMashu,South Africa,TRUE
12/07/22,Zambia,Botswana,1,1,COSAFA Cup,KwaMashu,South Africa,TRUE
13/07/22,South Africa,Mozambique,0,0,COSAFA Cup,KwaMashu,South Africa,FALSE
13/07/22,Senegal,Eswatini,1,1,COSAFA Cup,KwaMashu,South Africa,TRUE
15/07/22,South Africa,Madagascar,2,1,COSAFA Cup,Sugar Ray Xulu Stadium,South Africa,FALSE
15/07/22,Botswana,Eswatini,2,0,COSAFA Cup,Sugar Ray Xulu Stadium,South Africa,TRUE
15/07/22,Namibia,Mozambique,1,0,COSAFA Cup,Durban,South Africa,TRUE
15/07/22,Zambia,Senegal,4,3,COSAFA Cup,Durban,South Africa,TRUE
16/07/22,Elba Island,Raetia,5,0,Friendly,Capoliveri,Italy,FALSE
17/07/22,South Africa,Botswana,2,1,COSAFA Cup,Sugar Ray Xulu Stadium,South Africa,FALSE
17/07/22,Mozambique,Senegal,1,1,COSAFA Cup,Moses Mabhida Stadium,South Africa,TRUE
17/07/22,Namibia,Zambia,0,1,COSAFA Cup,Moses Mabhida Stadium,South Africa,TRUE
19/07/22,Japan,Hong Kong,6,0,EAFF Championship,Kashima,Japan,FALSE
20/07/22,China PR,South Korea,0,3,EAFF Championship,Toyota,Japan,TRUE
24/07/22,South Korea,Hong Kong,3,0,EAFF Championship,Toyota,Japan,TRUE
24/07/22,Japan,China PR,0,0,EAFF Championship,Toyota,Japan,FALSE
27/07/22,China PR,Hong Kong,1,0,EAFF Championship,Toyota,Japan,TRUE
27/07/22,Japan,South Korea,3,0,EAFF Championship,Toyota,Japan,FALSE
07/08/22,Raetia,Tibet,3,3,Friendly,Chur,Switzerland,FALSE
31/08/22,Mexico,Paraguay,0,1,Friendly,Atlanta,United States,TRUE
17/09/22,Fiji,New Caledonia,1,0,MSG Prime Minister's Cup,Luganville,Vanuatu,TRUE
21/09/22,Solomon Islands,New Caledonia,1,0,MSG Prime Minister's Cup,Luganville,Vanuatu,TRUE
21/09/22,Brunei,Maldives,0,3,Friendly,Bandar Seri Begawan,Brunei,FALSE
21/09/22,Hong Kong,Myanmar,2,0,Friendly,Hong Kong,Hong Kong,FALSE
21/09/22,Libya,Uganda,0,0,Friendly,Benghazi,Libya,FALSE
21/09/22,San Marino,Seychelles,0,0,Friendly,Serravalle,San Marino,FALSE
21/09/22,Vietnam,Singapore,4,0,Friendly,Ho Chi Minh City,Vietnam,FALSE
21/09/22,Scotland,Ukraine,3,0,UEFA Nations League,Glasgow,Scotland,FALSE
22/09/22,Australia,New Zealand,1,0,Friendly,Brisbane,Australia,FALSE
22/09/22,Cambodia,Bangladesh,0,1,Friendly,Phnom Penh,Cambodia,FALSE
22/09/22,Comoros,Tunisia,0,1,Friendly,Orl√©ans,France,TRUE
22/09/22,Iceland,Venezuela,1,0,Friendly,Maria Enzersdorf,Austria,TRUE
22/09/22,Suriname,Nicaragua,2,1,Friendly,Almere,Netherlands,TRUE
22/09/22,Thailand,Malaysia,1,1,King's Cup,Chiang Mai,Thailand,FALSE
22/09/22,Trinidad and Tobago,Tajikistan,1,2,King's Cup,Chiang Mai,Thailand,TRUE
22/09/22,Croatia,Denmark,2,1,UEFA Nations League,Zagreb,Croatia,FALSE
22/09/22,France,Austria,2,0,UEFA Nations League,Paris,France,FALSE
22/09/22,Belgium,Wales,2,1,UEFA Nations League,Brussels,Belgium,FALSE
22/09/22,Poland,Netherlands,0,2,UEFA Nations League,Warsaw,Poland,FALSE
22/09/22,Lithuania,Faroe Islands,1,1,UEFA Nations League,Vilnius,Lithuania,FALSE
22/09/22,Turkey,Luxembourg,3,3,UEFA Nations League,Istanbul,Turkey,FALSE
22/09/22,Kazakhstan,Belarus,2,1,UEFA Nations League,Astana,Kazakhstan,FALSE
22/09/22,Slovakia,Azerbaijan,1,2,UEFA Nations League,Trnava,Slovakia,FALSE
22/09/22,Latvia,Moldova,1,2,UEFA Nations League,Riga,Latvia,FALSE
22/09/22,Liechtenstein,Andorra,0,2,UEFA Nations League,Vaduz,Liechtenstein,FALSE
23/09/22,Japan,United States,2,0,Kirin Challenge Cup,D√ºsseldorf,Germany,TRUE
23/09/22,Algeria,Guinea,1,0,Friendly,Oran,Algeria,FALSE
23/09/22,Argentina,Honduras,3,0,Friendly,Miami Gardens,United States,TRUE
23/09/22,Bahrain,Cape Verde,1,2,Friendly,Riffa,Bahrain,FALSE
23/09/22,Brazil,Ghana,3,0,Friendly,Le Havre,France,TRUE
23/09/22,Cameroon,Uzbekistan,0,2,Friendly,Goyang,South Korea,TRUE
23/09/22,Canada,Qatar,2,0,Friendly,Vienna,Austria,TRUE
23/09/22,DR Congo,Burkina Faso,0,1,Friendly,Casablanca,Morocco,TRUE
23/09/22,Egypt,Niger,3,0,Friendly,Alexandria,Egypt,FALSE
23/09/22,Iran,Uruguay,1,0,Friendly,Sankt P√∂lten,Austria,TRUE
23/09/22,Iraq,Oman,1,1,Jordan International Tournament,Amman,Jordan,TRUE
23/09/22,Jordan,Syria,2,0,Jordan International Tournament,Amman,Jordan,FALSE
23/09/22,South Korea,Costa Rica,2,2,Friendly,Goyang,South Korea,FALSE
23/09/22,Mali,Zambia,1,0,Friendly,Bamako,Mali,FALSE
23/09/22,Morocco,Chile,2,0,Friendly,Barcelona,Spain,TRUE
23/09/22,Paraguay,United Arab Emirates,1,0,Friendly,Wiener Neustadt,Austria,TRUE
23/09/22,Rwanda,Equatorial Guinea,0,0,Friendly,Berrechid,Egypt,TRUE
23/09/22,Saudi Arabia,Ecuador,0,0,Friendly,Murcia,Spain,TRUE
23/09/22,Germany,Hungary,0,1,UEFA Nations League,Leipzig,Germany,FALSE
23/09/22,Italy,England,1,0,UEFA Nations League,Milan,Italy,FALSE
23/09/22,Bosnia and Herzegovina,Montenegro,1,0,UEFA Nations League,Zenica,Bosnia and Herzegovina,FALSE
23/09/22,Finland,Romania,1,1,UEFA Nations League,Helsinki,Finland,FALSE
23/09/22,Georgia,North Macedonia,2,0,UEFA Nations League,Tbilisi,Georgia,FALSE
23/09/22,Bulgaria,Gibraltar,5,1,UEFA Nations League,Razgrad,Bulgaria,FALSE
23/09/22,Estonia,Malta,2,1,UEFA Nations League,Tallinn,Estonia,FALSE
24/09/22,Bolivia,Senegal,0,2,Friendly,Orl√©ans,France,TRUE
24/09/22,Colombia,Guatemala,4,1,Friendly,Harrison,United States,TRUE
24/09/22,Fiji,Solomon Islands,2,2,MSG Prime Minister's Cup,Luganville,Vanuatu,TRUE
24/09/22,Grenada,Saint Vincent and the Grenadines,1,3,Friendly,Carriacou,Grenada,FALSE
24/09/22,Hong Kong,Myanmar,0,0,Friendly,Hong Kong,Hong Kong,FALSE
24/09/22,India,Singapore,1,1,Friendly,Ho Chi Minh City,Vietnam,TRUE
24/09/22,Indonesia,Cura√ßao,3,2,Friendly,Bandung,Indonesia,FALSE
24/09/22,Ivory Coast,Togo,2,1,Friendly,Rouen,France,TRUE
24/09/22,Laos,Maldives,1,3,Friendly,Bandar Seri Begawan,Brunei,TRUE
24/09/22,Madagascar,Congo,3,3,Friendly,Mohammedia,Morocco,TRUE
24/09/22,Mauritania,Benin,1,0,Friendly,Mohammedia,Morocco,TRUE
24/09/22,Mexico,Peru,1,0,Friendly,Pasadena,United States,TRUE
24/09/22,South Africa,Sierra Leone,4,0,Friendly,Johannesburg,South Africa,FALSE
24/09/22,Tanzania,Uganda,1,0,Friendly,Benghazi,Libya,TRUE
24/09/22,Kyrgyzstan,Russia,1,2,Friendly,Bishkek,Kyrgyzstan,FALSE
24/09/22,Vanuatu,Papua New Guinea,0,1,MSG Prime Minister's Cup,Port Vila,Vanuatu,FALSE
24/09/22,Czech Republic,Portugal,0,4,UEFA Nations League,Prague,Czech Republic,FALSE
24/09/22,Spain,Switzerland,1,2,UEFA Nations League,Zaragoza,Spain,FALSE
24/09/22,Armenia,Ukraine,0,5,UEFA Nations League,Yerevan,Armenia,FALSE
24/09/22,Scotland,Republic of Ireland,2,1,UEFA Nations League,Glasgow,Scotland,FALSE
24/09/22,Israel,Albania,2,1,UEFA Nations League,Tel Aviv,Israel,FALSE
24/09/22,Slovenia,Norway,2,1,UEFA Nations League,Ljubljana,Slovenia,FALSE
24/09/22,Serbia,Sweden,4,1,UEFA Nations League,Belgrade,Serbia,FALSE
24/09/22,Northern Ireland,Kosovo,2,1,UEFA Nations League,Belfast,Northern Ireland,FALSE
24/09/22,Cyprus,Greece,1,0,UEFA Nations League,Larnaca,Cyprus,FALSE
25/09/22,Thailand,Trinidad and Tobago,2,1,King's Cup,Chiang Mai,Thailand,FALSE
25/09/22,Malaysia,Tajikistan,0,0,King's Cup,Chiang Mai,Thailand,TRUE
25/09/22,New Zealand,Australia,0,2,Friendly,Auckland,New Zealand,FALSE
25/09/22,Niger,Liberia,0,0,Friendly,Cairo,Egypt,TRUE
25/09/22,Austria,Croatia,1,3,UEFA Nations League,Vienna,Austria,FALSE
25/09/22,Denmark,France,2,0,UEFA Nations League,Copenhagen,Denmark,FALSE
25/09/22,Wales,Poland,0,1,UEFA Nations League,Cardiff,Wales,FALSE
25/09/22,Netherlands,Belgium,1,0,UEFA Nations League,Amsterdam,Netherlands,FALSE
25/09/22,Faroe Islands,Turkey,2,1,UEFA Nations League,T√≥rshavn,Faroe Islands,FALSE
25/09/22,Luxembourg,Lithuania,1,0,UEFA Nations League,Luxembourg,Luxembourg,FALSE
25/09/22,Slovakia,Belarus,1,1,UEFA Nations League,Baƒçka Topola,Serbia,TRUE
25/09/22,Azerbaijan,Kazakhstan,3,0,UEFA Nations League,Baku,Azerbaijan,FALSE
25/09/22,Andorra,Latvia,1,1,UEFA Nations League,Andorra la Vella,Andorra,FALSE
25/09/22,Moldova,Liechtenstein,2,0,UEFA Nations League,Chi»ôinƒÉu,Moldova,FALSE
26/09/22,Ethiopia,Sudan,2,2,Friendly,Addis Ababa,Ethiopia,FALSE
26/09/22,Iraq,Syria,1,0,Jordan International Tournament,Amman,Jordan,TRUE
26/09/22,Jordan,Oman,1,0,Jordan International Tournament,Amman,Jordan,FALSE
26/09/22,England,Germany,3,3,UEFA Nations League,London,England,FALSE
26/09/22,Hungary,Italy,0,2,UEFA Nations League,Budapest,Hungary,FALSE
26/09/22,Montenegro,Finland,0,2,UEFA Nations League,Podgorica,Montenegro,FALSE
26/09/22,Romania,Bosnia and Herzegovina,4,1,UEFA Nations League,Bucharest,Romania,FALSE
26/09/22,Gibraltar,Georgia,1,2,UEFA Nations League,Gibraltar,Gibraltar,FALSE
26/09/22,North Macedonia,Bulgaria,0,1,UEFA Nations League,Skopje,North Macedonia,FALSE
26/09/22,San Marino,Estonia,0,4,UEFA Nations League,Serravalle,San Marino,FALSE
27/09/22,Fiji,Papua New Guinea,0,1,MSG Prime Minister's Cup,Luganville,Vanuatu,TRUE
27/09/22,Algeria,Nigeria,2,1,Friendly,Oran,Algeria,FALSE
27/09/22,Argentina,Jamaica,3,0,Friendly,Harrison,United States,TRUE
27/09/22,Bahrain,Panama,0,2,Friendly,Riffa,Bahrain,FALSE
27/09/22,Brazil,Tunisia,5,1,Friendly,Paris,France,TRUE
27/09/22,Brunei,Laos,1,0,Friendly,Bandar Seri Begawan,Brunei,FALSE
27/09/22,Burkina Faso,Comoros,2,1,Friendly,Casablanca,Morocco,TRUE
27/09/22,Canada,Uruguay,0,2,Friendly,Bratislava,Slovakia,TRUE
27/09/22,DR Congo,Sierra Leone,3,0,Friendly,Casablanca,Morocco,TRUE
27/09/22,Costa Rica,Uzbekistan,2,1,Friendly,Suwon,South Korea,TRUE
27/09/22,Ecuador,Japan,0,0,Kirin Challenge Cup,D√ºsseldorf,Germany,TRUE
27/09/22,Egypt,Liberia,3,0,Friendly,Alexandria,Egypt,FALSE
27/09/22,Equatorial Guinea,Togo,2,2,Friendly,Casablanca,Morocco,TRUE
27/09/22,Ghana,Nicaragua,1,0,Friendly,Lorca,Spain,TRUE
27/09/22,Honduras,Guatemala,2,1,Friendly,Houston,United States,TRUE
27/09/22,Indonesia,Cura√ßao,2,1,Friendly,Cibinong,Indonesia,FALSE
27/09/22,Iran,Senegal,1,1,Friendly,Maria Enzersdorf,Austria,TRUE
27/09/22,Ivory Coast,Guinea,3,1,Friendly,Amiens,France,TRUE
27/09/22,South Korea,Cameroon,1,0,Friendly,Seoul,South Korea,FALSE
27/09/22,Libya,Tanzania,2,1,Friendly,Benghazi,Libya,FALSE
27/09/22,Madagascar,Benin,3,1,Friendly,Mohammedia,Morocco,TRUE
27/09/22,Malta,Israel,2,1,Friendly,Ta' Qali,Malta,FALSE
27/09/22,Mauritania,Congo,2,0,Friendly,Mohammedia,Morocco,TRUE
27/09/22,Mexico,Colombia,2,3,Friendly,Santa Clara,United States,TRUE
27/09/22,Nepal,Bangladesh,3,1,Friendly,Kathmandu,Nepal,FALSE
27/09/22,Paraguay,Morocco,0,0,Friendly,Seville,Spain,TRUE
27/09/22,Peru,El Salvador,4,1,Friendly,"Washington, D.C.",United States,TRUE
27/09/22,Qatar,Chile,2,2,Friendly,Vienna,Austria,TRUE
27/09/22,Saudi Arabia,United States,0,0,Friendly,Murcia,Spain,TRUE
27/09/22,South Africa,Botswana,1,0,Friendly,Johannesburg,South Africa,FALSE
27/09/22,United Arab Emirates,Venezuela,0,4,Friendly,Wiener Neustadt,Austria,TRUE
27/09/22,Vietnam,India,3,0,Friendly,Ho Chi Minh City,Vietnam,FALSE
27/09/22,Portugal,Spain,0,1,UEFA Nations League,Braga,Portugal,FALSE
27/09/22,Switzerland,Czech Republic,2,1,UEFA Nations League,St. Gallen,Switzerland,FALSE
27/09/22,Republic of Ireland,Armenia,3,2,UEFA Nations League,Dublin,Republic of Ireland,FALSE
27/09/22,Ukraine,Scotland,0,0,UEFA Nations League,Krak√≥w,Poland,TRUE
27/09/22,Albania,Iceland,1,1,UEFA Nations League,Tirana,Albania,FALSE
27/09/22,Norway,Serbia,0,2,UEFA Nations League,Oslo,Norway,FALSE
27/09/22,Sweden,Slovenia,1,1,UEFA Nations League,Stockholm,Sweden,FALSE
27/09/22,Kosovo,Cyprus,5,1,UEFA Nations League,Pristina,Kosovo,FALSE
27/09/22,Greece,Northern Ireland,3,1,UEFA Nations League,Athens,Greece,FALSE
30/09/22,Fiji,Solomon Islands,1,0,MSG Prime Minister's Cup,Luganville,Vanuatu,TRUE
01/10/22,Saint Vincent and the Grenadines,Grenada,1,5,Friendly,Kingstown,Saint Vincent and the Grenadines,FALSE
22/10/22,Saudi Arabia,North Macedonia,1,0,Friendly,Abu Dhabi,United Arab Emirates,TRUE
23/10/22,Qatar,Guatemala,2,0,Friendly,M√°laga,Spain,TRUE
26/10/22,Saudi Arabia,Albania,1,1,Friendly,Abu Dhabi,United Arab Emirates,TRUE
27/10/22,Qatar,Honduras,1,0,Friendly,Marbella,Spain,TRUE
30/10/22,Saudi Arabia,Honduras,0,0,Friendly,Abu Dhabi,United Arab Emirates,TRUE
05/11/22,Brunei,Timor-Leste,6,2,AFF Championship qualification,Bandar Seri Begawan,Brunei,FALSE
06/11/22,Saudi Arabia,Iceland,1,0,Friendly,Abu Dhabi,United Arab Emirates,TRUE
07/11/22,Qatar,Panama,2,1,Friendly,Marbella,Spain,TRUE
08/11/22,Brunei,Timor-Leste,0,1,AFF Championship qualification,Bandar Seri Begawan,Brunei,FALSE
09/11/22,Albania,Qatar,0,1,Friendly,Marbella,Spain,TRUE
09/11/22,Cameroon,Jamaica,1,1,Friendly,Yaound√©,Cameroon,FALSE
09/11/22,Costa Rica,Nigeria,2,0,Friendly,San Jos√©,Costa Rica,FALSE
09/11/22,Mexico,Iraq,4,0,Friendly,Girona,Spain,TRUE
10/11/22,Iran,Nicaragua,1,0,Friendly,Tehran,Iran,FALSE
10/11/22,Saudi Arabia,Panama,1,1,Friendly,Abu Dhabi,United Arab Emirates,TRUE
11/11/22,Bahrain,Canada,2,2,Friendly,Isa Town,Bahrain,FALSE
11/11/22,South Korea,Iceland,1,0,Friendly,Hwaseong,South Korea,FALSE
12/11/22,Iraq,Ecuador,0,0,Friendly,Madrid,Spain,TRUE
13/11/22,Syria,Algeria,0,1,Friendly,Sharjah,United Arab Emirates,TRUE
13/11/22,West Papua,Raetia,1,1,Friendly,The Hague,Netherlands,TRUE
15/11/22,Venezuela,Panama,2,2,Friendly,Al Hamriyah,United Arab Emirates,TRUE
16/11/22,Albania,Italy,1,3,Friendly,Tirana,Albania,FALSE
16/11/22,Algeria,Mali,1,1,Friendly,Oran,Algeria,FALSE
16/11/22,Andorra,Austria,0,1,Friendly,M√°laga,Spain,TRUE
16/11/22,Cyprus,Bulgaria,0,2,Friendly,Larnaca,Cyprus,FALSE
16/11/22,Czech Republic,Faroe Islands,5,0,Friendly,Olomouc,Czech Republic,FALSE
16/11/22,Dominican Republic,Cuba,2,4,Friendly,Santiago de los Caballeros,Dominican Republic,FALSE
16/11/22,Gibraltar,Liechtenstein,2,0,Friendly,Gibraltar,Gibraltar,FALSE
16/11/22,Iran,Tunisia,0,2,Friendly,Doha,Qatar,TRUE
16/11/22,Ivory Coast,Burundi,4,0,Friendly,Marrakech,Morocco,TRUE
16/11/22,Kosovo,Armenia,2,2,Friendly,Pristina,Kosovo,FALSE
16/11/22,Mexico,Sweden,1,2,Friendly,Girona,Spain,TRUE
16/11/22,Moldova,Azerbaijan,1,2,Friendly,Chi»ôinƒÉu,Moldova,FALSE
16/11/22,Nepal,Pakistan,1,0,Friendly,Kathmandu,Nepal,FALSE
16/11/22,Nicaragua,El Salvador,1,0,Friendly,Managua,Nicaragua,FALSE
16/11/22,Oman,Germany,0,1,Friendly,Muscat,Oman,FALSE
16/11/22,Peru,Paraguay,1,0,Friendly,Lima,Peru,FALSE
16/11/22,Poland,Chile,1,0,Friendly,Warsaw,Poland,FALSE
16/11/22,Saudi Arabia,Croatia,0,1,Friendly,Riyadh,Saudi Arabia,FALSE
16/11/22,Turkey,Scotland,2,1,Friendly,Diyarbakir,Turkey,FALSE
16/11/22,United Arab Emirates,Argentina,0,5,Friendly,Abu Dhabi,United Arab Emirates,FALSE
16/11/22,Uzbekistan,Kazakhstan,2,0,Friendly,Tashkent,Uzbekistan,FALSE
16/11/22,Lithuania,Iceland,0,0,Baltic Cup,Kaunas,Lithuania,FALSE
16/11/22,Latvia,Estonia,1,1,Baltic Cup,Riga,Latvia,FALSE
17/11/22,Angola,Botswana,1,0,Friendly,Soweto,South Africa,TRUE
17/11/22,Gabon,Guinea-Bissau,3,1,Friendly,Antalya,Turkey,TRUE
17/11/22,Israel,Zambia,4,2,Friendly,Petah Tikva,Israel,FALSE
17/11/22,Japan,Canada,1,2,Friendly,Dubai,United Arab Emirates,TRUE
17/11/22,Jordan,Spain,1,3,Friendly,Amman,Jordan,FALSE
17/11/22,Luxembourg,Hungary,2,2,Friendly,Luxembourg,Luxembourg,FALSE
17/11/22,Malta,Greece,2,2,Friendly,Ta' Qali,Malta,FALSE
17/11/22,Montenegro,Slovakia,2,2,Friendly,Podgorica,Montenegro,FALSE
17/11/22,Morocco,Georgia,3,0,Friendly,Sharjah,United Arab Emirates,TRUE
17/11/22,Niger,Libya,2,3,Friendly,Antalya,Turkey,TRUE
17/11/22,North Macedonia,Finland,1,1,Friendly,Skopje,North Macedonia,FALSE
17/11/22,Portugal,Nigeria,4,0,Friendly,Lisbon,Portugal,FALSE
17/11/22,Republic of Ireland,Norway,1,2,Friendly,Dublin,Republic of Ireland,FALSE
17/11/22,Romania,Slovenia,1,2,Friendly,Cluj-Napoca,Romania,FALSE
17/11/22,Rwanda,Sudan,0,0,Friendly,Kigali,Rwanda,FALSE
17/11/22,South Africa,Mozambique,2,1,Friendly,Mbombela,South Africa,FALSE
17/11/22,Saint Lucia,San Marino,1,1,Friendly,Gros Islet,Saint Lucia,FALSE
17/11/22,Switzerland,Ghana,0,2,Friendly,Abu Dhabi,United Arab Emirates,TRUE
17/11/22,Syria,Belarus,0,1,Friendly,Dubai,United Arab Emirates,TRUE
17/11/22,Tajikistan,Russia,0,0,Friendly,Dushanbe,Tajikistan,FALSE
18/11/22,Bahrain,Serbia,1,5,Friendly,Arad,Bahrain,FALSE
18/11/22,Cameroon,Panama,1,1,Friendly,Abu Dhabi,United Arab Emirates,TRUE
18/11/22,Dominican Republic,Cuba,1,1,Friendly,San Crist√≥bal,Dominican Republic,FALSE
18/11/22,Egypt,Belgium,2,1,Friendly,Kuwait City,Kuwait,TRUE
19/11/22,Albania,Armenia,2,0,Friendly,Tirana,Albania,FALSE
19/11/22,Colombia,Paraguay,2,0,Friendly,Fort Lauderdale,United States,TRUE
19/11/22,Gibraltar,Andorra,1,0,Friendly,Gibraltar,Gibraltar,FALSE
19/11/22,Guatemala,Nicaragua,3,1,Friendly,Carson,United States,TRUE
19/11/22,Ivory Coast,Burkina Faso,1,2,Friendly,Marrakech,Morocco,TRUE
19/11/22,Kosovo,Faroe Islands,1,1,Friendly,Pristina,Kosovo,FALSE
19/11/22,Kuwait,Lebanon,2,0,Friendly,Dubai,United Arab Emirates,TRUE
19/11/22,Peru,Bolivia,1,0,Friendly,Arequipa,Peru,FALSE
19/11/22,Rwanda,Sudan,1,0,Friendly,Kigali,Rwanda,FALSE
19/11/22,Sweden,Algeria,2,0,Friendly,Malm√∂,Sweden,FALSE
19/11/22,Turkey,Czech Republic,2,1,Friendly,Gaziantep,Turkey,FALSE
19/11/22,United Arab Emirates,Kazakhstan,2,1,Friendly,Abu Dhabi,United Arab Emirates,FALSE
19/11/22,Estonia,Lithuania,2,0,Baltic Cup,Tallinn,Estonia,FALSE
19/11/22,Latvia,Iceland,1,1,Baltic Cup,Riga,Latvia,FALSE
20/11/22,Austria,Italy,2,0,Friendly,Vienna,Austria,FALSE
20/11/22,Gambia,Guinea-Bissau,0,0,Friendly,Antalya,Turkey,TRUE
20/11/22,Hungary,Greece,2,1,Friendly,Budapest,Hungary,FALSE
20/11/22,Israel,Cyprus,2,3,Friendly,Petah Tikva,Israel,FALSE
20/11/22,Luxembourg,Bulgaria,0,0,Friendly,Luxembourg,Luxembourg,FALSE
20/11/22,Malta,Republic of Ireland,0,1,Friendly,Ta' Qali,Malta,FALSE
20/11/22,Moldova,Romania,0,5,Friendly,Chi»ôinƒÉu,Moldova,FALSE
20/11/22,Niger,Gabon,1,3,Friendly,Antalya,Turkey,TRUE
20/11/22,North Macedonia,Azerbaijan,1,3,Friendly,Skopje,North Macedonia,FALSE
20/11/22,Norway,Finland,1,1,Friendly,Oslo,Norway,FALSE
20/11/22,Oman,Belarus,2,0,Friendly,Al Ain,United Arab Emirates,TRUE
20/11/22,Slovakia,Chile,0,0,Friendly,Bratislava,Slovakia,FALSE
20/11/22,Slovenia,Montenegro,1,0,Friendly,Ljubljana,Slovenia,FALSE
20/11/22,South Africa,Angola,1,1,Friendly,Mbombela,South Africa,FALSE
20/11/22,Saint Lucia,San Marino,1,0,Friendly,Gros Islet,Saint Lucia,FALSE
20/11/22,Syria,Venezuela,1,2,Friendly,Dubai,United Arab Emirates,TRUE
20/11/22,Uzbekistan,Russia,0,0,Friendly,Tashkent,Uzbekistan,FALSE
20/11/22,Qatar,Ecuador,0,2,FIFA World Cup,Al Khor,Qatar,FALSE
21/11/22,Senegal,Netherlands,0,2,FIFA World Cup,Doha,Qatar,TRUE
21/11/22,England,Iran,6,2,FIFA World Cup,Al Rayyan,Qatar,TRUE
21/11/22,United States,Wales,1,1,FIFA World Cup,Al Rayyan,Qatar,TRUE
22/11/22,Argentina,Saudi Arabia,1,2,FIFA World Cup,Lusail,Qatar,TRUE
22/11/22,Mexico,Poland,0,0,FIFA World Cup,Doha,Qatar,TRUE
22/11/22,Denmark,Tunisia,0,0,FIFA World Cup,Al Rayyan,Qatar,TRUE
22/11/22,France,Australia,4,1,FIFA World Cup,Al Wakrah,Qatar,TRUE
23/11/22,Germany,Japan,1,2,FIFA World Cup,Al Rayyan,Qatar,TRUE
23/11/22,Spain,Costa Rica,7,0,FIFA World Cup,Doha,Qatar,TRUE
23/11/22,Morocco,Croatia,0,0,FIFA World Cup,Al Khor,Qatar,TRUE
23/11/22,Belgium,Canada,1,0,FIFA World Cup,Al Rayyan,Qatar,TRUE
24/11/22,Switzerland,Cameroon,1,0,FIFA World Cup,Al Wakrah,Qatar,TRUE
24/11/22,Brazil,Serbia,2,0,FIFA World Cup,Lusail,Qatar,TRUE
24/11/22,Uruguay,South Korea,0,0,FIFA World Cup,Al Rayyan,Qatar,TRUE
24/11/22,Portugal,Ghana,3,2,FIFA World Cup,Doha,Qatar,TRUE
25/11/22,Qatar,Senegal,1,3,FIFA World Cup,Doha,Qatar,FALSE
25/11/22,Netherlands,Ecuador,1,1,FIFA World Cup,Al Rayyan,Qatar,TRUE
25/11/22,Wales,Iran,0,2,FIFA World Cup,Al Rayyan,Qatar,TRUE
25/11/22,England,United States,0,0,FIFA World Cup,Al Khor,Qatar,TRUE
26/11/22,Poland,Saudi Arabia,2,0,FIFA World Cup,Al Rayyan,Qatar,TRUE
26/11/22,Argentina,Mexico,2,0,FIFA World Cup,Lusail,Qatar,TRUE
26/11/22,Tunisia,Australia,0,1,FIFA World Cup,Al Wakrah,Qatar,TRUE
26/11/22,France,Denmark,2,1,FIFA World Cup,Doha,Qatar,TRUE
27/11/22,Japan,Costa Rica,0,1,FIFA World Cup,Al Rayyan,Qatar,TRUE
27/11/22,Spain,Germany,1,1,FIFA World Cup,Al Khor,Qatar,TRUE
27/11/22,Belgium,Morocco,0,2,FIFA World Cup,Doha,Qatar,TRUE
27/11/22,Croatia,Canada,4,1,FIFA World Cup,Al Rayyan,Qatar,TRUE
28/11/22,Cameroon,Serbia,3,3,FIFA World Cup,Al Wakrah,Qatar,TRUE
28/11/22,Brazil,Switzerland,1,0,FIFA World Cup,Doha,Qatar,TRUE
28/11/22,South Korea,Ghana,2,3,FIFA World Cup,Al Rayyan,Qatar,TRUE
28/11/22,Portugal,Uruguay,2,0,FIFA World Cup,Lusail,Qatar,TRUE
29/11/22,Ecuador,Senegal,1,2,FIFA World Cup,Al Rayyan,Qatar,TRUE
29/11/22,Qatar,Netherlands,0,2,FIFA World Cup,Al Khor,Qatar,FALSE
29/11/22,Wales,England,0,3,FIFA World Cup,Al Rayyan,Qatar,TRUE
29/11/22,Iran,United States,0,1,FIFA World Cup,Doha,Qatar,TRUE
30/11/22,Poland,Argentina,0,2,FIFA World Cup,Doha,Qatar,TRUE
30/11/22,Saudi Arabia,Mexico,1,2,FIFA World Cup,Lusail,Qatar,TRUE
30/11/22,Australia,Denmark,1,0,FIFA World Cup,Al Wakrah,Qatar,TRUE
30/11/22,Tunisia,France,1,0,FIFA World Cup,Al Rayyan,Qatar,TRUE
01/12/22,Japan,Spain,2,1,FIFA World Cup,Al Rayyan,Qatar,TRUE
01/12/22,Costa Rica,Germany,2,4,FIFA World Cup,Al Khor,Qatar,TRUE
01/12/22,Croatia,Belgium,0,0,FIFA World Cup,Al Rayyan,Qatar,TRUE
01/12/22,Canada,Morocco,1,2,FIFA World Cup,Doha,Qatar,TRUE
02/12/22,Serbia,Switzerland,2,3,FIFA World Cup,Doha,Qatar,TRUE
02/12/22,Cameroon,Brazil,1,0,FIFA World Cup,Lusail,Qatar,TRUE
02/12/22,Ghana,Uruguay,0,2,FIFA World Cup,Al Wakrah,Qatar,TRUE
02/12/22,South Korea,Portugal,2,1,FIFA World Cup,Al Rayyan,Qatar,TRUE
03/12/22,Netherlands,United States,3,1,FIFA World Cup,Al Rayyan,Qatar,TRUE
03/12/22,Argentina,Australia,2,1,FIFA World Cup,Al Rayyan,Qatar,TRUE
04/12/22,France,Poland,3,1,FIFA World Cup,Doha,Qatar,TRUE
04/12/22,England,Senegal,3,0,FIFA World Cup,Al Khor,Qatar,TRUE
05/12/22,Japan,Croatia,1,1,FIFA World Cup,Al Wakrah,Qatar,TRUE
05/12/22,Brazil,South Korea,4,1,FIFA World Cup,Doha,Qatar,TRUE
06/12/22,Morocco,Spain,0,0,FIFA World Cup,Al Rayyan,Qatar,TRUE
06/12/22,Portugal,Switzerland,6,1,FIFA World Cup,Lusail,Qatar,TRUE
09/12/22,Croatia,Brazil,1,1,FIFA World Cup,Al Rayyan,Qatar,TRUE
09/12/22,Netherlands,Argentina,2,2,FIFA World Cup,Lusail,Qatar,TRUE
09/12/22,Malaysia,Cambodia,4,0,Friendly,Kuala Lumpur,Malaysia,FALSE
10/12/22,Morocco,Portugal,1,0,FIFA World Cup,Doha,Qatar,TRUE
10/12/22,England,France,1,2,FIFA World Cup,Al Khor,Qatar,TRUE
11/12/22,Thailand,Myanmar,6,0,Friendly,Pathum Thani,Thailand,FALSE
13/12/22,Argentina,Croatia,3,0,FIFA World Cup,Lusail,Qatar,TRUE
14/12/22,France,Morocco,2,0,FIFA World Cup,Al Khor,Qatar,TRUE
14/12/22,Malaysia,Maldives,3,0,Friendly,Kuala Lumpur,Malaysia,FALSE
14/12/22,Thailand,Taiwan,0,1,Friendly,Pathum Thani,Thailand,FALSE
14/12/22,Vietnam,Philippines,1,0,Friendly,Hanoi,Vietnam,FALSE
17/12/22,Croatia,Morocco,2,1,FIFA World Cup,Al Rayyan,Qatar,TRUE
17/12/22,Singapore,Maldives,3,1,Friendly,Singapore,Singapore,FALSE
18/12/22,Argentina,France,3,3,FIFA World Cup,Lusail,Qatar,TRUE
20/12/22,Cambodia,Philippines,3,2,AFF Championship,Phnom Penh,Cambodia,FALSE
20/12/22,Brunei,Thailand,0,5,AFF Championship,Kuala Lumpur,Malaysia,TRUE
21/12/22,Myanmar,Malaysia,0,1,AFF Championship,Yangon,Myanmar,FALSE
21/12/22,Laos,Vietnam,0,6,AFF Championship,Vientiane,Laos,FALSE
23/12/22,Oman,Syria,2,1,Friendly,Dubai,United Arab Emirates,TRUE
23/12/22,Philippines,Brunei,5,1,AFF Championship,Manila,Philippines,FALSE
23/12/22,Indonesia,Cambodia,2,1,AFF Championship,Jakarta,Indonesia,FALSE
24/12/22,Singapore,Myanmar,3,2,AFF Championship,Singapore,Singapore,FALSE
24/12/22,Malaysia,Laos,5,0,AFF Championship,Kuala Lumpur,Malaysia,FALSE
26/12/22,Brunei,Indonesia,0,7,AFF Championship,Kuala Lumpur,Malaysia,TRUE
26/12/22,Thailand,Philippines,4,0,AFF Championship,Pathum Thani,Thailand,FALSE
27/12/22,Laos,Singapore,0,2,AFF Championship,Vientiane,Laos,FALSE
27/12/22,Vietnam,Malaysia,3,0,AFF Championship,Hanoi,Vietnam,FALSE
29/12/22,Cambodia,Brunei,5,1,AFF Championship,Phnom Penh,Cambodia,FALSE
29/12/22,Indonesia,Thailand,1,1,AFF Championship,Jakarta,Indonesia,FALSE
30/12/22,Iraq,Kuwait,1,0,Friendly,Basra,Iraq,FALSE
30/12/22,Oman,Syria,1,0,Friendly,Dubai,United Arab Emirates,TRUE
30/12/22,United Arab Emirates,Lebanon,1,0,Friendly,Abu Dhabi,United Arab Emirates,FALSE
30/12/22,Myanmar,Laos,2,2,AFF Championship,Yangon,Myanmar,FALSE
30/12/22,Singapore,Vietnam,0,0,AFF Championship,Singapore,Singapore,FALSE
02/01/23,Thailand,Cambodia,3,1,AFF Championship,Pathum Thani,Thailand,FALSE
02/01/23,Philippines,Indonesia,1,2,AFF Championship,Manila,Philippines,FALSE
03/01/23,Vietnam,Myanmar,3,0,AFF Championship,Hanoi,Vietnam,FALSE
03/01/23,Malaysia,Singapore,4,1,AFF Championship,Kuala Lumpur,Malaysia,FALSE
06/01/23,Iraq,Oman,0,0,Gulf Cup,Basra,Iraq,FALSE
06/01/23,Yemen,Saudi Arabia,0,2,Gulf Cup,Basra,Iraq,TRUE
06/01/23,Indonesia,Vietnam,0,0,AFF Championship,Jakarta,Indonesia,FALSE
07/01/23,Bahrain,United Arab Emirates,2,1,Gulf Cup,Basra,Iraq,TRUE
07/01/23,Kuwait,Qatar,0,2,Gulf Cup,Basra,Iraq,TRUE
07/01/23,Malaysia,Thailand,1,0,AFF Championship,Kuala Lumpur,Malaysia,FALSE
08/01/23,Iceland,Estonia,1,1,Friendly,Albufeira,Portugal,TRUE
09/01/23,Sweden,Finland,2,0,Friendly,Faro-Loul√©,Portugal,TRUE
09/01/23,Oman,Yemen,3,2,Gulf Cup,Basra,Iraq,TRUE
09/01/23,Iraq,Saudi Arabia,2,0,Gulf Cup,Basra,Iraq,FALSE
09/01/23,Vietnam,Indonesia,2,0,AFF Championship,Hanoi,Vietnam,FALSE
10/01/23,United Arab Emirates,Kuwait,0,1,Gulf Cup,Basra,Iraq,TRUE
10/01/23,Qatar,Bahrain,1,2,Gulf Cup,Basra,Iraq,TRUE
10/01/23,Thailand,Malaysia,3,0,AFF Championship,Pathum Thani,Thailand,FALSE
12/01/23,Finland,Estonia,0,1,Friendly,Albufeira,Portugal,TRUE
12/01/23,Sweden,Iceland,2,1,Friendly,Faro-Loul√©,Portugal,TRUE
12/01/23,Iraq,Yemen,5,0,Gulf Cup,Basra,Iraq,FALSE
12/01/23,Saudi Arabia,Oman,1,2,Gulf Cup,Basra,Iraq,TRUE
13/01/23,Bahrain,Kuwait,1,1,Gulf Cup,Basra,Iraq,TRUE
13/01/23,Qatar,United Arab Emirates,1,1,Gulf Cup,Basra,Iraq,TRUE
13/01/23,Vietnam,Thailand,2,2,AFF Championship,Hanoi,Vietnam,FALSE
16/01/23,Iraq,Qatar,2,1,Gulf Cup,Basra,Iraq,FALSE
16/01/23,Bahrain,Oman,0,1,Gulf Cup,Basra,Iraq,TRUE
16/01/23,Thailand,Vietnam,1,0,AFF Championship,Pathum Thani,Thailand,FALSE
19/01/23,Iraq,Oman,3,2,Gulf Cup,Basra,Iraq,FALSE
25/01/23,United States,Serbia,1,2,Friendly,Los Angeles,United States,FALSE
28/01/23,United States,Colombia,0,0,Friendly,Carson,United States,FALSE
22/02/23,Grenada,Barbados,1,1,Friendly,Sauteurs,Grenada,FALSE
26/02/23,Grenada,Barbados,2,2,Friendly,St. George's,Grenada,FALSE
03/03/23,Grenada,Saint Lucia,1,2,Friendly,St. George's,Grenada,FALSE
04/03/23,Saint Barth√©lemy,Sint Maarten,5,1,Friendly,Saint-Jean,Saint Barth√©lemy,FALSE
05/03/23,Grenada,Saint Lucia,2,0,Friendly,Gouyave,Grenada,FALSE
10/03/23,Saint Martin,Saint Barth√©lemy,3,2,Friendly,Quartier-d'Orleans,Saint Martin,FALSE
11/03/23,Jamaica,Trinidad and Tobago,0,1,Friendly,Montego Bay,Jamaica,FALSE
12/03/23,Guatemala,Panama,1,1,Friendly,San Jose,United States,TRUE
14/03/23,Jamaica,Trinidad and Tobago,0,0,Friendly,Kingston,Jamaica,FALSE
15/03/23,Bangladesh,Malawi,1,1,Friendly,Medina,Saudi Arabia,TRUE
19/03/23,Ethiopia,Rwanda,1,0,Friendly,Adama,Ethiopia,FALSE
20/03/23,Fiji,Vanuatu,1,2,Friendly,Lautoka,Fiji,FALSE
21/03/23,Maldives,Pakistan,1,0,Friendly,Laamu,Maldives,FALSE
21/03/23,Tahiti,New Caledonia,0,2,Friendly,Pirae,Tahiti,FALSE
22/03/23,Honduras,El Salvador,1,0,Friendly,Los Angeles,United States,TRUE
22/03/23,India,Myanmar,1,0,Tri Nation Tournament,Imphal,India,FALSE
22/03/23,Nepal,Laos,2,0,Tri Nation Tournament,Kathmandu,Nepal,FALSE
22/03/23,Republic of Ireland,Latvia,3,2,Friendly,Dublin,Republic of Ireland,FALSE
22/03/23,Sierra Leone,S√£o Tom√© and Pr√≠ncipe,2,2,African Cup of Nations qualification,Agadir,Morocco,TRUE
22/03/23,Benin,Rwanda,1,1,African Cup of Nations qualification,Cotonou,Benin,FALSE
23/03/23,Argentina,Panama,2,0,Friendly,Buenos Aires,Argentina,FALSE
23/03/23,Hong Kong,Singapore,1,1,Friendly,Hong Kong,Hong Kong,FALSE
23/03/23,Hungary,Estonia,1,0,Friendly,Budapest,Hungary,FALSE
23/03/23,Iran,Russia,1,1,Friendly,Tehran,Iran,FALSE
23/03/23,Malaysia,Turkmenistan,1,0,Friendly,Johor Bahru,Malaysia,FALSE
23/03/23,New Zealand,China PR,0,0,Friendly,Auckland,New Zealand,FALSE
23/03/23,Solomon Islands,Vanuatu,2,0,Friendly,Lautoka,Fiji,TRUE
23/03/23,Madagascar,Central African Republic,0,3,African Cup of Nations qualification,Antananarivo,Madagascar,FALSE
23/03/23,Ghana,Angola,1,0,African Cup of Nations qualification,Kumasi,Ghana,FALSE
23/03/23,Algeria,Niger,2,1,African Cup of Nations qualification,Algiers,Algeria,FALSE
23/03/23,Congo,South Sudan,1,2,African Cup of Nations qualification,Brazzaville,Congo,FALSE
23/03/23,Zambia,Lesotho,3,1,African Cup of Nations qualification,Ndola,Zambia,FALSE
23/03/23,Gabon,Sudan,1,0,African Cup of Nations qualification,Franceville,Gabon,FALSE
23/03/23,Italy,England,1,2,UEFA Euro qualification,Napoli,Italy,FALSE
23/03/23,North Macedonia,Malta,2,1,UEFA Euro qualification,Skopje,North Macedonia,FALSE
23/03/23,Denmark,Finland,3,1,UEFA Euro qualification,Copenhagen,Denmark,FALSE
23/03/23,San Marino,Northern Ireland,0,2,UEFA Euro qualification,Serravalle,San Marino,FALSE
23/03/23,Kazakhstan,Slovenia,1,2,UEFA Euro qualification,Astana,Kazakhstan,FALSE
23/03/23,Portugal,Liechtenstein,4,0,UEFA Euro qualification,Lisbon,Portugal,FALSE
23/03/23,Bosnia and Herzegovina,Iceland,3,0,UEFA Euro qualification,Zenica,Bosnia and Herzegovina,FALSE
23/03/23,Slovakia,Luxembourg,0,0,UEFA Euro qualification,Trnava,Slovakia,FALSE
23/03/23,Suriname,Mexico,0,2,CONCACAF Nations League,Paramaribo,Suriname,FALSE
23/03/23,Barbados,Cuba,0,1,CONCACAF Nations League,Bridgetown,Barbados,FALSE
23/03/23,Guadeloupe,Antigua and Barbuda,0,1,CONCACAF Nations League,Les Abymes,Guadeloupe,FALSE
23/03/23,French Guiana,Dominican Republic,1,1,CONCACAF Nations League,Cayenne,French Guiana,FALSE
23/03/23,Saint Martin,Saint Kitts and Nevis,1,3,CONCACAF Nations League,The Valley,Anguilla,TRUE
23/03/23,British Virgin Islands,Puerto Rico,1,3,CONCACAF Nations League,Road Town,British Virgin Islands,FALSE
24/03/23,Australia,Ecuador,3,1,Friendly,Sydney,Australia,FALSE
24/03/23,Japan,Uruguay,1,1,Friendly,Tokyo,Japan,FALSE
24/03/23,South Korea,Colombia,2,2,Friendly,Ulsan,South Korea,FALSE
24/03/23,Kuwait,Philippines,2,0,Friendly,Kuwait City,Kuwait,FALSE
24/03/23,Saudi Arabia,Venezuela,1,2,Friendly,Jeddah,Saudi Arabia,FALSE
24/03/23,Tahiti,New Caledonia,2,1,Friendly,Pirae,Tahiti,FALSE
24/03/23,Uzbekistan,Bolivia,1,0,Friendly,Jeddah,Saudi Arabia,TRUE
24/03/23,Nigeria,Guinea-Bissau,0,1,African Cup of Nations qualification,Abuja,Nigeria,FALSE
24/03/23,Cape Verde,Eswatini,0,0,African Cup of Nations qualification,Praia,Cape Verde,FALSE
24/03/23,Burkina Faso,Togo,1,0,African Cup of Nations qualification,Marrakech,Morocco,TRUE
24/03/23,Cameroon,Namibia,1,1,African Cup of Nations qualification,Yaound√©,Cameroon,FALSE
24/03/23,Guinea,Ethiopia,2,0,African Cup of Nations qualification,Casablanca,Morocco,TRUE
24/03/23,Egypt,Malawi,2,0,African Cup of Nations qualification,Cairo,Egypt,FALSE
24/03/23,Uganda,Tanzania,0,1,African Cup of Nations qualification,Ismailia,Egypt,TRUE
24/03/23,Mali,Gambia,2,0,African Cup of Nations qualification,Bamako,Mali,FALSE
24/03/23,Ivory Coast,Comoros,3,1,African Cup of Nations qualification,Bouak√©,Ivory Coast,FALSE
24/03/23,DR Congo,Mauritania,3,1,African Cup of Nations qualification,Douala,Cameroon,TRUE
24/03/23,Equatorial Guinea,Botswana,2,0,African Cup of Nations qualification,Malabo,Equatorial Guinea,FALSE
24/03/23,Tunisia,Libya,3,0,African Cup of Nations qualification,Rad√®s,Tunisia,FALSE
24/03/23,South Africa,Liberia,2,2,African Cup of Nations qualification,Johannesburg,South Africa,FALSE
24/03/23,Senegal,Mozambique,5,1,African Cup of Nations qualification,Diamniadio,Senegal,FALSE
24/03/23,Gibraltar,Greece,0,3,UEFA Euro qualification,Faro-Loul√©,Portugal,TRUE
24/03/23,France,Netherlands,4,0,UEFA Euro qualification,Paris,France,FALSE
24/03/23,Czech Republic,Poland,3,1,UEFA Euro qualification,Prague,Czech Republic,FALSE
24/03/23,Moldova,Faroe Islands,1,1,UEFA Euro qualification,Chi»ôinƒÉu,Moldova,FALSE
24/03/23,Austria,Azerbaijan,4,1,UEFA Euro qualification,Pasching,Austria,FALSE
24/03/23,Sweden,Belgium,0,3,UEFA Euro qualification,Stockholm,Sweden,FALSE
24/03/23,Bulgaria,Montenegro,0,1,UEFA Euro qualification,Razgrad,Bulgaria,FALSE
24/03/23,Serbia,Lithuania,2,0,UEFA Euro qualification,Belgrade,Serbia,FALSE
24/03/23,Grenada,United States,1,7,CONCACAF Nations League,St. George's,Grenada,FALSE
24/03/23,Bahamas,Trinidad and Tobago,0,3,CONCACAF Nations League,Nassau,Bahamas,FALSE
24/03/23,Nicaragua,Saint Vincent and the Grenadines,4,1,CONCACAF Nations League,Managua,Nicaragua,FALSE
24/03/23,Belize,Guatemala,1,2,CONCACAF Nations League,Belmopan,Belize,FALSE
24/03/23,Anguilla,Saint Lucia,1,2,CONCACAF Nations League,The Valley,Anguilla,FALSE
25/03/23,Bahrain,Palestine,1,2,Friendly,Arad,Bahrain,FALSE
25/03/23,Bangladesh,Seychelles,1,0,Friendly,Sylhet,Bangladesh,FALSE
25/03/23,Bhutan,Laos,1,2,Tri Nation Tournament,Kathmandu,Nepal,TRUE
25/03/23,Georgia,Mongolia,6,1,Friendly,Batumi,Georgia,FALSE
25/03/23,Germany,Peru,2,0,Friendly,Mainz,Germany,FALSE
25/03/23,Indonesia,Burundi,3,1,Friendly,Bekasi,Indonesia,FALSE
25/03/23,Morocco,Brazil,2,1,Friendly,Tangier,Morocco,FALSE
25/03/23,Myanmar,Kyrgyzstan,1,1,Tri Nation Tournament,Imphal,India,TRUE
25/03/23,Thailand,Syria,1,3,Friendly,Dubai,United Arab Emirates,TRUE
25/03/23,United Arab Emirates,Tajikistan,0,0,Friendly,Abu Dhabi,United Arab Emirates,FALSE
25/03/23,Scotland,Cyprus,3,0,UEFA Euro qualification,Glasgow,Scotland,FALSE
25/03/23,Spain,Norway,3,0,UEFA Euro qualification,M√°laga,Spain,FALSE
25/03/23,Croatia,Wales,1,1,UEFA Euro qualification,Split,Croatia,FALSE
25/03/23,Armenia,Turkey,1,2,UEFA Euro qualification,Yerevan,Armenia,FALSE
25/03/23,Belarus,Switzerland,0,5,UEFA Euro qualification,Novi Sad,Serbia,TRUE
25/03/23,Israel,Kosovo,1,1,UEFA Euro qualification,Tel Aviv,Israel,FALSE
25/03/23,Andorra,Romania,0,2,UEFA Euro qualification,Andorra la Vella,Andorra,FALSE
25/03/23,Martinique,Costa Rica,1,2,CONCACAF Nations League,Fort-de-France,Martinique,FALSE
25/03/23,Cura√ßao,Canada,0,2,CONCACAF Nations League,Willemstad,Cura√ßao,FALSE
25/03/23,Bermuda,Guyana,0,2,CONCACAF Nations League,Devonshire Parish,Bermuda,FALSE
25/03/23,Montserrat,Haiti,0,4,CONCACAF Nations League,Lookout,Montserrat,FALSE
25/03/23,Sint Maarten,Bonaire,6,1,CONCACAF Nations League,Saint Croix,United States Virgin Islands,TRUE
25/03/23,Turks and Caicos Islands,United States Virgin Islands,1,0,CONCACAF Nations League,Providenciales,Turks and Caicos Islands,FALSE
26/03/23,Fiji,Solomon Islands,0,2,Friendly,Lautoka,Fiji,FALSE
26/03/23,Macau,Singapore,0,1,Friendly,Taipa,Macau,FALSE
26/03/23,New Zealand,China PR,2,1,Friendly,Wellington,New Zealand,FALSE
26/03/23,Russia,Iraq,2,0,Friendly,Saint Petersburg,Russia,FALSE
26/03/23,S√£o Tom√© and Pr√≠ncipe,Sierra Leone,0,2,African Cup of Nations qualification,Agadir,Morocco,TRUE
26/03/23,Lesotho,Zambia,0,2,African Cup of Nations qualification,Soweto,South Africa,TRUE
26/03/23,England,Ukraine,2,0,UEFA Euro qualification,London,England,FALSE
26/03/23,Malta,Italy,0,2,UEFA Euro qualification,Ta' Qali,Malta,FALSE
26/03/23,Slovenia,San Marino,2,0,UEFA Euro qualification,Ljubljana,Slovenia,FALSE
26/03/23,Kazakhstan,Denmark,3,2,UEFA Euro qualification,Astana,Kazakhstan,FALSE
26/03/23,Northern Ireland,Finland,0,1,UEFA Euro qualification,Belfast,Northern Ireland,FALSE
26/03/23,Liechtenstein,Iceland,0,7,UEFA Euro qualification,Vaduz,Liechtenstein,FALSE
26/03/23,Luxembourg,Portugal,0,6,UEFA Euro qualification,Luxembourg,Luxembourg,FALSE
26/03/23,Slovakia,Bosnia and Herzegovina,2,0,UEFA Euro qualification,Bratislava,Slovakia,FALSE
26/03/23,Mexico,Jamaica,2,2,CONCACAF Nations League,Mexico City,Mexico,FALSE
26/03/23,Antigua and Barbuda,Barbados,1,2,CONCACAF Nations League,North Sound,Antigua and Barbuda,FALSE
26/03/23,Cuba,Guadeloupe,1,0,CONCACAF Nations League,Santiago,Cuba,FALSE
26/03/23,Puerto Rico,Cayman Islands,5,1,CONCACAF Nations League,Bayam√≥n,Puerto Rico,FALSE
27/03/23,Chile,Paraguay,3,2,Friendly,Santiago,Chile,FALSE
27/03/23,Greece,Lithuania,0,0,Friendly,Athens,Greece,FALSE
27/03/23,North Macedonia,Faroe Islands,1,0,Friendly,Skopje,North Macedonia,FALSE
27/03/23,Oman,Lebanon,2,0,Friendly,Muscat,Oman,FALSE
27/03/23,Guinea-Bissau,Nigeria,0,1,African Cup of Nations qualification,Bissau,Guinea-Bissau,FALSE
27/03/23,Ethiopia,Guinea,2,3,African Cup of Nations qualification,Rabat,Morocco,TRUE
27/03/23,Central African Republic,Madagascar,2,0,African Cup of Nations qualification,Douala,Cameroon,TRUE
27/03/23,Angola,Ghana,1,1,African Cup of Nations qualification,Luanda,Angola,FALSE
27/03/23,Niger,Algeria,0,1,African Cup of Nations qualification,Rad√®s,Tunisia,TRUE
27/03/23,South Sudan,Congo,0,1,African Cup of Nations qualification,Dar es Salaam,Tanzania,TRUE
27/03/23,Sudan,Gabon,1,0,African Cup of Nations qualification,Omdurman,Sudan,FALSE
27/03/23,Republic of Ireland,France,0,1,UEFA Euro qualification,Dublin,Republic of Ireland,FALSE
27/03/23,Netherlands,Gibraltar,3,0,UEFA Euro qualification,Rotterdam,Netherlands,FALSE
27/03/23,Poland,Albania,1,0,UEFA Euro qualification,Warsaw,Poland,FALSE
27/03/23,Moldova,Czech Republic,0,0,UEFA Euro qualification,Chi»ôinƒÉu,Moldova,FALSE
27/03/23,Austria,Estonia,2,1,UEFA Euro qualification,Pasching,Austria,FALSE
27/03/23,Sweden,Azerbaijan,5,0,UEFA Euro qualification,Stockholm,Sweden,FALSE
27/03/23,Hungary,Bulgaria,3,0,UEFA Euro qualification,Budapest,Hungary,FALSE
27/03/23,Montenegro,Serbia,0,2,UEFA Euro qualification,Podgorica,Montenegro,FALSE
27/03/23,United States,El Salvador,1,0,CONCACAF Nations League,Orlando,United States,FALSE
27/03/23,Saint Vincent and the Grenadines,Bahamas,1,1,CONCACAF Nations League,Kingstown,Saint Vincent and the Grenadines,FALSE
27/03/23,Trinidad and Tobago,Nicaragua,1,1,CONCACAF Nations League,Bacolet,Trinidad and Tobago,FALSE
27/03/23,Dominican Republic,Belize,2,0,CONCACAF Nations League,Santo Domingo,Dominican Republic,FALSE
27/03/23,Guatemala,French Guiana,4,0,CONCACAF Nations League,Guatemala City,Guatemala,FALSE
27/03/23,Saint Kitts and Nevis,Aruba,2,0,CONCACAF Nations League,Basseterre,Saint Kitts and Nevis,FALSE
27/03/23,Saint Lucia,Dominica,3,1,CONCACAF Nations League,Gros Islet,Saint Lucia,FALSE
28/03/23,Argentina,Cura√ßao,7,0,Friendly,Santiago del Estero,Argentina,FALSE
28/03/23,Armenia,Cyprus,2,2,Friendly,Yerevan,Armenia,FALSE
28/03/23,Australia,Ecuador,1,2,Friendly,Melbourne,Australia,FALSE
28/03/23,Bahrain,Syria,1,0,Friendly,Arad,Bahrain,FALSE
28/03/23,Bangladesh,Seychelles,0,1,Friendly,Sylhet,Bangladesh,FALSE
28/03/23,Germany,Belgium,2,3,Friendly,Cologne,Germany,FALSE
28/03/23,India,Kyrgyzstan,2,0,Tri Nation Tournament,Imphal,India,FALSE
28/03/23,Indonesia,Burundi,2,2,Friendly,Bekasi,Indonesia,FALSE
28/03/23,Iran,Kenya,2,1,Friendly,Tehran,Iran,FALSE
28/03/23,Japan,Colombia,1,2,Friendly,Osaka,Japan,FALSE
28/03/23,Jordan,Philippines,4,0,Friendly,Al Wakrah,Qatar,TRUE
28/03/23,South Korea,Uruguay,1,2,Friendly,Seoul,South Korea,FALSE
28/03/23,Kuwait,Tajikistan,2,1,Friendly,Kuwait City,Kuwait,FALSE
28/03/23,Malaysia,Hong Kong,2,0,Friendly,Johor Bahru,Malaysia,FALSE
28/03/23,Morocco,Peru,0,0,Friendly,Madrid,Spain,TRUE
28/03/23,Nepal,Bhutan,1,1,Tri Nation Tournament,Kathmandu,Nepal,FALSE
28/03/23,Saudi Arabia,Bolivia,1,2,Friendly,Jeddah,Saudi Arabia,FALSE
28/03/23,United Arab Emirates,Thailand,2,0,Friendly,Abu Dhabi,United Arab Emirates,FALSE
28/03/23,Uzbekistan,Venezuela,1,1,Friendly,Jeddah,Saudi Arabia,TRUE
28/03/23,Eswatini,Cape Verde,0,1,African Cup of Nations qualification,Mbombela,South Africa,TRUE
28/03/23,Togo,Burkina Faso,1,1,African Cup of Nations qualification,Lom√©,Togo,FALSE
28/03/23,Namibia,Cameroon,2,1,African Cup of Nations qualification,Soweto,South Africa,TRUE
28/03/23,Malawi,Egypt,0,4,African Cup of Nations qualification,Lilongwe,Malawi,FALSE
28/03/23,Tanzania,Uganda,0,1,African Cup of Nations qualification,Dar es Salaam,Tanzania,FALSE
28/03/23,Gambia,Mali,1,0,African Cup of Nations qualification,Casablanca,Morocco,TRUE
28/03/23,Comoros,Ivory Coast,0,2,African Cup of Nations qualification,Moroni,Comoros,FALSE
28/03/23,Mauritania,DR Congo,1,1,African Cup of Nations qualification,Nouakchott,Mauritania,FALSE
28/03/23,Botswana,Equatorial Guinea,2,3,African Cup of Nations qualification,Francistown,Botswana,FALSE
28/03/23,Libya,Tunisia,0,1,African Cup of Nations qualification,Benghazi,Libya,FALSE
28/03/23,Liberia,South Africa,1,2,African Cup of Nations qualification,Monrovia,Liberia,FALSE
28/03/23,Mozambique,Senegal,0,1,African Cup of Nations qualification,Maputo,Mozambique,FALSE
28/03/23,Scotland,Spain,2,0,UEFA Euro qualification,Glasgow,Scotland,FALSE
28/03/23,Georgia,Norway,1,1,UEFA Euro qualification,Batumi,Georgia,FALSE
28/03/23,Wales,Latvia,1,0,UEFA Euro qualification,Cardiff,Wales,FALSE
28/03/23,Turkey,Croatia,0,2,UEFA Euro qualification,Bursa,Turkey,FALSE
28/03/23,Kosovo,Andorra,1,1,UEFA Euro qualification,Pristina,Kosovo,FALSE
28/03/23,Switzerland,Israel,3,0,UEFA Euro qualification,Geneva,Switzerland,FALSE
28/03/23,Romania,Belarus,2,1,UEFA Euro qualification,Bucharest,Romania,FALSE
28/03/23,Costa Rica,Panama,0,1,CONCACAF Nations League,San Jos√©,Costa Rica,FALSE
28/03/23,Canada,Honduras,4,1,CONCACAF Nations League,Toronto,Canada,FALSE
28/03/23,Haiti,Bermuda,3,1,CONCACAF Nations League,San Crist√≥bal,Dominican Republic,TRUE
28/03/23,Guyana,Montserrat,0,0,CONCACAF Nations League,Bridgetown,Barbados,TRUE
28/03/23,Bonaire,Turks and Caicos Islands,1,2,CONCACAF Nations League,Rincon,Bonaire,FALSE
28/03/23,United States Virgin Islands,Sint Maarten,1,2,CONCACAF Nations League,Saint Croix,United States Virgin Islands,FALSE
29/03/23,Rwanda,Benin,1,1,African Cup of Nations qualification,Kigali,Rwanda,FALSE
31/03/23,Nepal,Laos,2,1,Tri Nation Tournament,Kathmandu,Nepal,FALSE
19/04/23,United States,Mexico,1,1,Friendly,Glendale,United States,FALSE
07/06/23,Mexico,Guatemala,2,0,Friendly,Mazatl√°n,Mexico,FALSE
09/06/23,Luxembourg,Malta,0,1,Friendly,Luxembourg,Luxembourg,FALSE
10/06/23,Mexico,Cameroon,2,2,Friendly,San Diego,United States,TRUE
10/06/23,Panama,Nicaragua,3,2,Friendly,Penonom√©,Panama,FALSE
11/06/23,Chile,Cuba,3,0,Friendly,Concepci√≥n,Chile,FALSE
11/06/23,Guatemala,Trinidad and Tobago,0,1,Friendly,Chester,United States,TRUE
11/06/23,Tajikistan,Turkmenistan,1,1,CAFA Nations Cup,Tashkent,Uzbekistan,TRUE
11/06/23,Uzbekistan,Oman,3,0,CAFA Nations Cup,Tashkent,Uzbekistan,FALSE
11/06/23,Mauritius,Pakistan,3,0,Mauritius Four Nations Cup,Saint Pierre,Mauritius,FALSE
12/06/23,Germany,Ukraine,3,3,Friendly,Bremen,Germany,FALSE
12/06/23,Morocco,Cape Verde,0,0,Friendly,Rabat,Morocco,FALSE
13/06/23,Iran,Afghanistan,6,1,CAFA Nations Cup,Bishkek,Kyrgyzstan,TRUE
13/06/23,Cura√ßao,Costa Rica,0,0,Friendly,Fort Lauderdale,United States,TRUE
14/06/23,DR Congo,Uganda,1,0,Friendly,Douala,Cameroon,TRUE
14/06/23,Indonesia,Palestine,0,0,Friendly,Surabaya,Indonesia,FALSE
14/06/23,Malaysia,Solomon Islands,4,1,Friendly,Terengganu,Malaysia,FALSE
14/06/23,Mozambique,Malawi,1,1,Friendly,Maputo,Mozambique,FALSE
14/06/23,Togo,Lesotho,2,0,Friendly,Johannesburg,South Africa,TRUE
14/06/23,Uruguay,Nicaragua,4,1,Friendly,Montevideo,Uruguay,FALSE
14/06/23,Netherlands,Croatia,2,4,UEFA Nations League,Rotterdam,Netherlands,FALSE
14/06/23,Oman,Tajikistan,1,1,CAFA Nations Cup,Tashkent,Uzbekistan,TRUE
14/06/23,Uzbekistan,Turkmenistan,2,0,CAFA Nations Cup,Tashkent,Uzbekistan,FALSE
14/06/23,Pakistan,Kenya,0,1,Mauritius Four Nations Cup,Saint Pierre,Mauritius,TRUE
14/06/23,Mauritius,Djibouti,1,3,Mauritius Four Nations Cup,Saint Pierre,Mauritius,FALSE
14/06/23,Guinea-Bissau,S√£o Tom√© and Pr√≠ncipe,1,0,African Cup of Nations qualification,Bissau,Guinea-Bissau,FALSE
14/06/23,Guinea,Egypt,1,2,African Cup of Nations qualification,Marrakech,Morocco,TRUE
14/06/23,South Sudan,Gambia,2,3,African Cup of Nations qualification,Ismailia,Egypt,TRUE
15/06/23,Panama,Canada,0,2,CONCACAF Nations League,Las Vegas,United States,TRUE
15/06/23,United States,Mexico,3,0,CONCACAF Nations League,Las Vegas,United States,FALSE
15/06/23,Argentina,Australia,2,0,Friendly,Beijing,China PR,TRUE
15/06/23,Cambodia,Bangladesh,0,1,Friendly,Phnom Penh,Cambodia,FALSE
15/06/23,Costa Rica,Guatemala,0,1,Friendly,Carson,United States,TRUE
15/06/23,Honduras,Venezuela,0,1,Friendly,"Washington, D.C.",United States,TRUE
15/06/23,Jamaica,Qatar,1,2,Friendly,Ritzing,Austria,TRUE
15/06/23,Japan,El Salvador,6,0,Friendly,Toyota,Japan,FALSE
15/06/23,Philippines,Nepal,1,0,Friendly,Manila,Philippines,FALSE
15/06/23,Vietnam,Hong Kong,1,0,Friendly,Haiphong,Vietnam,FALSE
15/06/23,Spain,Italy,2,1,UEFA Nations League,Enschede,Netherlands,TRUE
16/06/23,Antigua and Barbuda,Guadeloupe,0,5,Gold Cup qualification,Fort Lauderdale,United States,TRUE
16/06/23,Martinique,Saint Lucia,3,1,Gold Cup qualification,Fort Lauderdale,United States,TRUE
16/06/23,Cura√ßao,Saint Kitts and Nevis,1,1,Gold Cup qualification,Fort Lauderdale,United States,TRUE
16/06/23,Chile,Dominican Republic,5,0,Friendly,Vi√±a del Mar,Chile,FALSE
16/06/23,China PR,Myanmar,4,0,Friendly,Dalian,China PR,FALSE
16/06/23,Taiwan,Thailand,2,2,Friendly,Kaohsiung,Taiwan,FALSE
16/06/23,Colombia,Iraq,1,0,Friendly,Valencia,Spain,TRUE
16/06/23,South Korea,Peru,0,1,Friendly,Busan,South Korea,FALSE
16/06/23,Poland,Germany,1,0,Friendly,Warsaw,Poland,FALSE
16/06/23,Serbia,Jordan,3,2,Friendly,Vienna,Austria,TRUE
16/06/23,Singapore,Papua New Guinea,2,2,Friendly,Kallang,Singapore,FALSE
16/06/23,Sweden,New Zealand,4,1,Friendly,Stockholm,Sweden,FALSE
16/06/23,Gibraltar,France,0,3,UEFA Euro qualification,Faro-Loul√©,Portugal,TRUE
16/06/23,Greece,Republic of Ireland,2,1,UEFA Euro qualification,Athens,Greece,FALSE
16/06/23,Malta,England,0,4,UEFA Euro qualification,Ta' Qali,Malta,FALSE
16/06/23,North Macedonia,Ukraine,2,3,UEFA Euro qualification,Skopje,North Macedonia,FALSE
16/06/23,Wales,Armenia,2,4,UEFA Euro qualification,Cardiff,Wales,FALSE
16/06/23,Latvia,Turkey,2,3,UEFA Euro qualification,Riga,Latvia,FALSE
16/06/23,Finland,Slovenia,2,0,UEFA Euro qualification,Helsinki,Finland,FALSE
16/06/23,Denmark,Northern Ireland,1,0,UEFA Euro qualification,Copenhagen,Denmark,FALSE
16/06/23,San Marino,Kazakhstan,0,3,UEFA Euro qualification,Parma,Italy,TRUE
16/06/23,Andorra,Switzerland,1,2,UEFA Euro qualification,Andorra la Vella,Andorra,FALSE
16/06/23,Belarus,Israel,1,2,UEFA Euro qualification,Budapest,Hungary,TRUE
16/06/23,Kosovo,Romania,0,0,UEFA Euro qualification,Pristina,Kosovo,FALSE
16/06/23,Kyrgyzstan,Iran,1,5,CAFA Nations Cup,Bishkek,Kyrgyzstan,FALSE
17/06/23,Guyana,Grenada,1,1,Gold Cup qualification,Fort Lauderdale,United States,TRUE
17/06/23,Suriname,Puerto Rico,0,0,Gold Cup qualification,Fort Lauderdale,United States,TRUE
17/06/23,French Guiana,Sint Maarten,4,1,Gold Cup qualification,Fort Lauderdale,United States,TRUE
17/06/23,Brazil,Guinea,4,1,Friendly,Barcelona,Spain,TRUE
17/06/23,Ecuador,Bolivia,1,0,Friendly,Harrison,United States,TRUE
17/06/23,Norway,Scotland,1,2,UEFA Euro qualification,Oslo,Norway,FALSE
17/06/23,Cyprus,Georgia,1,2,UEFA Euro qualification,Larnaca,Cyprus,FALSE
17/06/23,Faroe Islands,Czech Republic,0,3,UEFA Euro qualification,T√≥rshavn,Faroe Islands,FALSE
17/06/23,Albania,Moldova,2,0,UEFA Euro qualification,Tirana,Albania,FALSE
17/06/23,Azerbaijan,Estonia,1,1,UEFA Euro qualification,Baku,Azerbaijan,FALSE
17/06/23,Belgium,Austria,1,1,UEFA Euro qualification,Brussels,Belgium,FALSE
17/06/23,Lithuania,Bulgaria,1,1,UEFA Euro qualification,Kaunas,Lithuania,FALSE
17/06/23,Montenegro,Hungary,0,0,UEFA Euro qualification,Podgorica,Montenegro,FALSE
17/06/23,Luxembourg,Liechtenstein,2,0,UEFA Euro qualification,Luxembourg,Luxembourg,FALSE
17/06/23,Iceland,Slovakia,1,2,UEFA Euro qualification,Reykjav√≠k,Iceland,FALSE
17/06/23,Portugal,Bosnia and Herzegovina,3,0,UEFA Euro qualification,Lisbon,Portugal,FALSE
17/06/23,Ticino,Raetia,1,8,CONIFA World Football Cup qualification,Tenero-Contra,Switzerland,FALSE
17/06/23,Turkmenistan,Oman,0,2,CAFA Nations Cup,Tashkent,Uzbekistan,TRUE
17/06/23,Uzbekistan,Tajikistan,5,1,CAFA Nations Cup,Tashkent,Uzbekistan,FALSE
17/06/23,Djibouti,Pakistan,3,1,Mauritius Four Nations Cup,Saint Pierre,Mauritius,TRUE
17/06/23,Central African Republic,Angola,1,2,African Cup of Nations qualification,Douala,Cameroon,TRUE
17/06/23,Zambia,Ivory Coast,3,0,African Cup of Nations qualification,Ndola,Zambia,FALSE
17/06/23,Lesotho,Comoros,0,1,African Cup of Nations qualification,Johannesburg,South Africa,TRUE
17/06/23,Equatorial Guinea,Tunisia,1,0,African Cup of Nations qualification,Malabo,Equatorial Guinea,FALSE
17/06/23,Botswana,Libya,1,0,African Cup of Nations qualification,Francistown,Botswana,FALSE
17/06/23,South Africa,Morocco,2,1,African Cup of Nations qualification,Johannesburg,South Africa,FALSE
17/06/23,Benin,Senegal,1,1,African Cup of Nations qualification,Cotonou,Benin,FALSE
18/06/23,Panama,Mexico,0,1,CONCACAF Nations League,Las Vegas,United States,TRUE
18/06/23,United States,Canada,2,0,CONCACAF Nations League,Las Vegas,United States,FALSE
18/06/23,Egypt,South Sudan,3,0,Friendly,Cairo,Egypt,FALSE
18/06/23,Guatemala,Venezuela,0,1,Friendly,East Hartford,United States,TRUE
18/06/23,Paraguay,Nicaragua,2,0,Friendly,Asunci√≥n,Paraguay,FALSE
18/06/23,Singapore,Solomon Islands,1,1,Friendly,Kallang,Singapore,FALSE
18/06/23,Netherlands,Italy,2,3,UEFA Nations League,Enschede,Netherlands,FALSE
18/06/23,Croatia,Spain,0,0,UEFA Nations League,Rotterdam,Netherlands,TRUE
18/06/23,Mauritius,Kenya,1,0,Mauritius Four Nations Cup,Saint Pierre,Mauritius,FALSE
18/06/23,Sierra Leone,Nigeria,2,3,African Cup of Nations qualification,Monrovia,Liberia,TRUE
18/06/23,Cape Verde,Burkina Faso,3,1,African Cup of Nations qualification,Praia,Cape Verde,FALSE
18/06/23,Eswatini,Togo,0,2,African Cup of Nations qualification,Mbombela,South Africa,TRUE
18/06/23,Madagascar,Ghana,0,0,African Cup of Nations qualification,Antananarivo,Madagascar,FALSE
18/06/23,Tanzania,Niger,1,0,African Cup of Nations qualification,Dar es Salaam,Tanzania,FALSE
18/06/23,Uganda,Algeria,1,2,African Cup of Nations qualification,Douala,Cameroon,TRUE
18/06/23,Congo,Mali,0,2,African Cup of Nations qualification,Brazzaville,Congo,FALSE
18/06/23,Gabon,DR Congo,0,2,African Cup of Nations qualification,Franceville,Gabon,FALSE
18/06/23,Rwanda,Mozambique,0,2,African Cup of Nations qualification,Butare,Rwanda,FALSE
19/06/23,Hong Kong,Thailand,0,1,Friendly,Hong Kong,Hong Kong,FALSE
19/06/23,Indonesia,Argentina,0,2,Friendly,Jakarta,Indonesia,FALSE
19/06/23,Jamaica,Jordan,1,2,Friendly,Wiener Neustadt,Austria,TRUE
19/06/23,Macau,Myanmar,0,2,Friendly,Dalian,China PR,TRUE
19/06/23,Philippines,Taiwan,2,3,Friendly,Manila,Philippines,FALSE
19/06/23,Republic of Ireland,Gibraltar,3,0,UEFA Euro qualification,Dublin,Republic of Ireland,FALSE
19/06/23,France,Greece,1,0,UEFA Euro qualification,Paris,France,FALSE
19/06/23,Ukraine,Malta,1,0,UEFA Euro qualification,Trnava,Slovakia,TRUE
19/06/23,England,North Macedonia,7,0,UEFA Euro qualification,Manchester,England,FALSE
19/06/23,Armenia,Latvia,2,1,UEFA Euro qualification,Yerevan,Armenia,FALSE
19/06/23,Turkey,Wales,2,0,UEFA Euro qualification,Samsun,Turkey,FALSE
19/06/23,Finland,San Marino,6,0,UEFA Euro qualification,Helsinki,Finland,FALSE
19/06/23,Northern Ireland,Kazakhstan,0,1,UEFA Euro qualification,Belfast,Northern Ireland,FALSE
19/06/23,Slovenia,Denmark,1,1,UEFA Euro qualification,Ljubljana,Slovenia,FALSE
19/06/23,Belarus,Kosovo,2,1,UEFA Euro qualification,Budapest,Hungary,TRUE
19/06/23,Switzerland,Romania,2,2,UEFA Euro qualification,Lucerne,Switzerland,FALSE
19/06/23,Israel,Andorra,2,1,UEFA Euro qualification,Jerusalem,Israel,FALSE
20/06/23,Guadeloupe,Guyana,2,0,Gold Cup qualification,Fort Lauderdale,United States,TRUE
20/06/23,Martinique,Puerto Rico,2,0,Gold Cup qualification,Fort Lauderdale,United States,TRUE
20/06/23,Saint Kitts and Nevis,French Guiana,1,1,Gold Cup qualification,Fort Lauderdale,United States,TRUE
20/06/23,Algeria,Tunisia,1,1,Friendly,Annaba,Algeria,FALSE
20/06/23,Bolivia,Chile,0,0,Friendly,Santa Cruz,Bolivia,FALSE
20/06/23,Brazil,Senegal,2,4,Friendly,Lisbon,Portugal,TRUE
20/06/23,China PR,Palestine,2,0,Friendly,Dalian,China PR,FALSE
20/06/23,Ecuador,Costa Rica,3,1,Friendly,Chester,United States,TRUE
20/06/23,Germany,Colombia,0,2,Friendly,Gelsenkirchen,Germany,FALSE
20/06/23,Haiti,Trinidad and Tobago,0,0,Friendly,Palm Beach Gardens,United States,TRUE
20/06/23,Japan,Peru,4,1,Friendly,Suita,Japan,FALSE
20/06/23,South Korea,El Salvador,1,1,Friendly,Daejeon,South Korea,FALSE
20/06/23,Malaysia,Papua New Guinea,10,0,Friendly,Terengganu,Malaysia,FALSE
20/06/23,Montenegro,Czech Republic,1,4,Friendly,Podgorica,Montenegro,FALSE
20/06/23,Uruguay,Cuba,2,0,Friendly,Montevideo,Uruguay,FALSE
20/06/23,Vietnam,Syria,1,0,Friendly,Nam ƒê·ªãnh,Vietnam,FALSE
20/06/23,Scotland,Georgia,2,0,UEFA Euro qualification,Glasgow,Scotland,FALSE
20/06/23,Norway,Cyprus,3,1,UEFA Euro qualification,Oslo,Norway,FALSE
20/06/23,Faroe Islands,Albania,1,3,UEFA Euro qualification,T√≥rshavn,Faroe Islands,FALSE
20/06/23,Moldova,Poland,3,2,UEFA Euro qualification,Chi»ôinƒÉu,Moldova,FALSE
20/06/23,Austria,Sweden,2,0,UEFA Euro qualification,Vienna,Austria,FALSE
20/06/23,Estonia,Belgium,0,3,UEFA Euro qualification,Tallinn,Estonia,FALSE
20/06/23,Hungary,Lithuania,2,0,UEFA Euro qualification,Budapest,Hungary,FALSE
20/06/23,Bulgaria,Serbia,1,1,UEFA Euro qualification,Razgrad,Bulgaria,FALSE
20/06/23,Iceland,Portugal,0,1,UEFA Euro qualification,Reykjav√≠k,Iceland,FALSE
20/06/23,Bosnia and Herzegovina,Luxembourg,0,2,UEFA Euro qualification,Zenica,Bosnia and Herzegovina,FALSE
20/06/23,Liechtenstein,Slovakia,0,1,UEFA Euro qualification,Vaduz,Liechtenstein,FALSE
20/06/23,Kyrgyzstan,Oman,0,1,CAFA Nations Cup,Tashkent,Uzbekistan,TRUE
20/06/23,Uzbekistan,Iran,0,1,CAFA Nations Cup,Tashkent,Uzbekistan,FALSE
20/06/23,Burundi,Namibia,3,2,African Cup of Nations qualification,Dar es Salaam,Tanzania,TRUE
20/06/23,Ethiopia,Malawi,0,0,African Cup of Nations qualification,Maputo,Mozambique,TRUE
20/06/23,Sudan,Mauritania,0,3,African Cup of Nations qualification,Agadir,Morocco,TRUE
21/06/23,Kuwait,Nepal,3,1,SAFF Cup,Bengaluru,India,TRUE
21/06/23,India,Pakistan,4,0,SAFF Cup,Bengaluru,India,FALSE
22/06/23,Lebanon,Bangladesh,2,0,SAFF Cup,Bengaluru,India,TRUE
22/06/23,Maldives,Bhutan,2,0,SAFF Cup,Bengaluru,India,TRUE
24/06/23,Pakistan,Kuwait,0,4,SAFF Cup,Bengaluru,India,TRUE
24/06/23,India,Nepal,2,0,SAFF Cup,Bengaluru,India,FALSE
24/06/23,United States,Jamaica,1,1,Gold Cup,Chicago,United States,FALSE
25/06/23,Bangladesh,Maldives,3,1,SAFF Cup,Bengaluru,India,TRUE
25/06/23,Bhutan,Lebanon,1,4,SAFF Cup,Bengaluru,India,TRUE
25/06/23,Trinidad and Tobago,Saint Kitts and Nevis,3,0,Gold Cup,Fort Lauderdale,United States,TRUE
25/06/23,Haiti,Qatar,2,1,Gold Cup,Houston,United States,TRUE
25/06/23,Mexico,Honduras,4,0,Gold Cup,Houston,United States,TRUE
26/06/23,El Salvador,Martinique,1,2,Gold Cup,Fort Lauderdale,United States,TRUE
26/06/23,Costa Rica,Panama,1,2,Gold Cup,Fort Lauderdale,United States,TRUE
27/06/23,Nepal,Pakistan,1,0,SAFF Cup,Bengaluru,India,TRUE
27/06/23,India,Kuwait,1,1,SAFF Cup,Bengaluru,India,FALSE
27/06/23,Canada,Guadeloupe,2,2,Gold Cup,Toronto,Canada,FALSE
27/06/23,Guatemala,Cuba,1,0,Gold Cup,Fort Lauderdale,United States,TRUE
28/06/23,Lebanon,Maldives,1,0,SAFF Cup,Bengaluru,India,TRUE
28/06/23,Bhutan,Bangladesh,1,3,SAFF Cup,Bengaluru,India,TRUE
28/06/23,Jamaica,Trinidad and Tobago,4,1,Gold Cup,St. Louis,United States,TRUE
28/06/23,United States,Saint Kitts and Nevis,6,0,Gold Cup,St. Louis,United States,FALSE
29/06/23,Qatar,Honduras,1,1,Gold Cup,Glendale,United States,TRUE
29/06/23,Haiti,Mexico,1,3,Gold Cup,Glendale,United States,TRUE
30/06/23,Sz√©kely Land,Chameria,3,2,CONIFA World Football Cup qualification,Miercurea Ciuc,Hungary,FALSE
30/06/23,Martinique,Panama,1,2,Gold Cup,Harrison,United States,TRUE
30/06/23,El Salvador,Costa Rica,0,0,Gold Cup,Harrison,United States,TRUE
01/07/23,Chameria,Two Sicilies,3,1,CONIFA World Football Cup qualification,Miercurea Ciuc,Hungary,TRUE
01/07/23,India,Lebanon,0,0,SAFF Cup,Bengaluru,India,FALSE
01/07/23,Kuwait,Bangladesh,1,0,SAFF Cup,Bengaluru,India,TRUE
01/07/23,Cuba,Guadeloupe,1,4,Gold Cup,Houston,United States,TRUE
01/07/23,Guatemala,Canada,0,0,Gold Cup,Houston,United States,TRUE
02/07/23,Sz√©kely Land,Two Sicilies,7,0,CONIFA World Football Cup qualification,Miercurea Ciuc,Hungary,FALSE
02/07/23,United States,Trinidad and Tobago,6,0,Gold Cup,Charlotte,United States,FALSE
02/07/23,Jamaica,Saint Kitts and Nevis,5,0,Gold Cup,Santa Clara,United States,TRUE
02/07/23,Honduras,Haiti,2,1,Gold Cup,Charlotte,United States,TRUE
02/07/23,Mexico,Qatar,0,1,Gold Cup,Santa Clara,United States,TRUE
04/07/23,India,Kuwait,1,1,SAFF Cup,Bengaluru,India,FALSE
04/07/23,Costa Rica,Martinique,6,4,Gold Cup,Harrison,United States,TRUE
04/07/23,Panama,El Salvador,2,2,Gold Cup,Houston,United States,TRUE
04/07/23,Guadeloupe,Guatemala,2,3,Gold Cup,Harrison,United States,TRUE
04/07/23,Canada,Cuba,4,2,Gold Cup,Houston,United States,TRUE
05/07/23,Eswatini,Botswana,0,1,COSAFA Cup,Durban,South Africa,TRUE
05/07/23,South Africa,Namibia,1,1,COSAFA Cup,Durban,South Africa,FALSE
06/07/23,Seychelles,Comoros,0,3,COSAFA Cup,Durban,South Africa,TRUE
06/07/23,Zambia,Malawi,0,1,COSAFA Cup,Durban,South Africa,TRUE
07/07/23,Mauritius,Lesotho,0,2,COSAFA Cup,Durban,South Africa,TRUE
07/07/23,Mozambique,Angola,1,1,COSAFA Cup,Durban,South Africa,TRUE
08/07/23,Panama,Qatar,4,0,Gold Cup,Arlington,United States,TRUE
08/07/23,Mexico,Costa Rica,2,0,Gold Cup,Arlington,United States,TRUE
08/07/23,South Africa,Botswana,2,1,COSAFA Cup,Durban,South Africa,FALSE
08/07/23,Namibia,Eswatini,1,2,COSAFA Cup,Durban,South Africa,TRUE
09/07/23,Guatemala,Jamaica,0,1,Gold Cup,Cincinnati,United States,TRUE
09/07/23,United States,Canada,2,2,Gold Cup,Cincinnati,United States,FALSE
09/07/23,√Öland Islands,Isle of Wight,0,2,Island Games,Saint Sampson,Guernsey,TRUE
09/07/23,Guernsey,Western Isles,1,0,Island Games,Saint Sampson,Guernsey,FALSE
09/07/23,Isle of Man,Falkland Islands,3,0,Island Games,Saint Martin,Guernsey,TRUE
09/07/23,Ynys M√¥n,Shetland,2,0,Island Games,Saint Sampson,Guernsey,TRUE
09/07/23,Orkney,Greenland,2,2,Island Games,Saint Martin,Guernsey,TRUE
09/07/23,Jersey,Gozo,1,0,Island Games,Saint Sampson,Guernsey,TRUE
09/07/23,Menorca,Saint Helena,5,0,Island Games,Saint Sampson,Guernsey,TRUE
09/07/23,Zambia,Comoros,2,1,COSAFA Cup,Durban,South Africa,TRUE
09/07/23,Malawi,Seychelles,2,0,COSAFA Cup,Durban,South Africa,TRUE
10/07/23,Western Isles,Isle of Wight,0,1,Island Games,Saint Martin,Guernsey,TRUE
10/07/23,Guernsey,√Öland Islands,4,1,Island Games,Saint Sampson,Guernsey,FALSE
10/07/23,Falkland Islands,Ynys M√¥n,1,5,Island Games,Saint Sampson,Guernsey,TRUE
10/07/23,Shetland,Isle of Man,3,2,Island Games,Saint Sampson,Guernsey,TRUE
10/07/23,Greenland,Fr√∏ya,2,0,Island Games,Saint Sampson,Guernsey,TRUE
10/07/23,Gozo,Saint Helena,3,0,Island Games,Saint Sampson,Guernsey,TRUE
10/07/23,Jersey,Menorca,4,0,Island Games,Saint Sampson,Guernsey,TRUE
10/07/23,Angola,Mauritius,0,1,COSAFA Cup,KwaMashu,South Africa,TRUE
10/07/23,Mozambique,Lesotho,0,1,COSAFA Cup,KwaMashu,South Africa,TRUE
11/07/23,Guernsey,Isle of Wight,1,2,Island Games,Saint Sampson,Guernsey,FALSE
11/07/23,√Öland Islands,Western Isles,0,2,Island Games,Saint Sampson,Guernsey,TRUE
11/07/23,Falkland Islands,Shetland,1,4,Island Games,Saint Sampson,Guernsey,TRUE
11/07/23,Isle of Man,Ynys M√¥n,1,2,Island Games,Saint Martin,Guernsey,TRUE
11/07/23,Fr√∏ya,Orkney,2,3,Island Games,St. Peter Port,Guernsey,TRUE
11/07/23,Menorca,Gozo,0,1,Island Games,Saint Martin,Guernsey,TRUE
11/07/23,Saint Helena,Jersey,0,5,Island Games,Saint Sampson,Guernsey,TRUE
11/07/23,Namibia,Botswana,0,0,COSAFA Cup,Durban,South Africa,TRUE
11/07/23,South Africa,Eswatini,2,1,COSAFA Cup,KwaMashu,South Africa,FALSE
11/07/23,Malawi,Comoros,2,0,COSAFA Cup,Durban,South Africa,TRUE
11/07/23,Seychelles,Zambia,2,4,COSAFA Cup,KwaMashu,South Africa,TRUE
12/07/23,United States,Panama,1,1,Gold Cup,San Diego,United States,FALSE
12/07/23,Jamaica,Mexico,0,3,Gold Cup,Paradise,United States,TRUE
12/07/23,Angola,Lesotho,4,2,COSAFA Cup,Durban,South Africa,TRUE
12/07/23,Mauritius,Mozambique,0,1,COSAFA Cup,KwaMashu,South Africa,TRUE
13/07/23,Fr√∏ya,Saint Helena,4,2,Island Games,Saint Martin,Guernsey,TRUE
13/07/23,√Öland Islands,Falkland Islands,1,1,Island Games,Saint Sampson,Guernsey,TRUE
13/07/23,Western Isles,Menorca,2,1,Island Games,Saint Sampson,Guernsey,TRUE
13/07/23,Orkney,Isle of Man,0,1,Island Games,Saint Sampson,Guernsey,TRUE
13/07/23,Shetland,Greenland,5,1,Island Games,Saint Sampson,Guernsey,TRUE
13/07/23,Guernsey,Gozo,1,0,Island Games,Saint Martin,Guernsey,FALSE
13/07/23,Isle of Wight,Jersey,2,3,Island Games,Saint Sampson,Guernsey,TRUE
14/07/23,Ynys M√¥n,Jersey,2,5,Island Games,St. Peter Port,Guernsey,TRUE
14/07/23,Malawi,Lesotho,1,1,COSAFA Cup,Durban,South Africa,TRUE
14/07/23,South Africa,Zambia,1,2,COSAFA Cup,Durban,South Africa,FALSE
16/07/23,Kernow,S√°pmi,2,1,CONIFA World Football Cup qualification,Falmouth,England,FALSE
16/07/23,Mexico,Panama,1,0,Gold Cup,Inglewood,United States,TRUE
16/07/23,South Africa,Malawi,0,0,COSAFA Cup,Durban,South Africa,FALSE
16/07/23,Lesotho,Zambia,0,1,COSAFA Cup,Durban,South Africa,TRUE
02/08/23,Ethiopia,Guyana,2,0,Friendly,Leesburg,United States,TRUE
04/08/23,Tamil Eelam,Hmong,3,0,CONIFA Asia Cup,Alcochete,Portugal,TRUE
05/08/23,Hmong,Tibet,5,4,CONIFA Asia Cup,Alcochete,Portugal,TRUE
06/08/23,Tibet,Tamil Eelam,1,3,CONIFA Asia Cup,Alcochete,Portugal,TRUE
06/08/23,Raetia,Ticino,5,1,Friendly,Domat/Ems,Switzerland,FALSE
08/08/23,Tamil Eelam,Hmong,3,1,CONIFA Asia Cup,Alcochete,Portugal,TRUE
24/08/23,Comoros,Mayotte,0,0,Indian Ocean Island Games,Antananarivo,Madagascar,TRUE
24/08/23,Madagascar,Seychelles,1,0,Indian Ocean Island Games,Antananarivo,Madagascar,FALSE
26/08/23,R√©union,Mayotte,0,0,Indian Ocean Island Games,Antananarivo,Madagascar,TRUE
26/08/23,Madagascar,Mauritius,1,1,Indian Ocean Island Games,Antananarivo,Madagascar,FALSE
27/08/23,Bolivia,Panama,1,2,Friendly,Cochabamba,Bolivia,FALSE
28/08/23,Tahiti,Cook Islands,9,1,Friendly,Pirae,Tahiti,FALSE
28/08/23,Comoros,R√©union,1,1,Indian Ocean Island Games,Antananarivo,Madagascar,TRUE
28/08/23,Mauritius,Seychelles,1,0,Indian Ocean Island Games,Antananarivo,Madagascar,TRUE
31/08/23,Tahiti,Cook Islands,3,0,Friendly,Pirae,Tahiti,FALSE
31/08/23,Madagascar,Comoros,4,2,Indian Ocean Island Games,Madagascar,Madagascar,FALSE
31/08/23,R√©union,Mauritius,2,1,Indian Ocean Island Games,Madagascar,Madagascar,TRUE
02/09/23,Comoros,Mauritius,0,2,Indian Ocean Island Games,Madagascar,Madagascar,TRUE
02/09/23,Madagascar,R√©union,1,0,Indian Ocean Island Games,Madagascar,Madagascar,FALSE
03/09/23,Bangladesh,Afghanistan,0,0,Friendly,Dhaka,Bangladesh,FALSE
03/09/23,Guatemala,Honduras,0,0,Friendly,Fort Lauderdale,United States,TRUE
04/09/23,Mozambique,Benin,3,2,African Cup of Nations qualification,Maputo,Mozambique,FALSE
06/09/23,Macau,Bhutan,0,1,Friendly,Taipa,Macau,FALSE
06/09/23,Malta,Gibraltar,1,0,Friendly,Ta' Qali,Malta,FALSE
06/09/23,Oman,Palestine,2,1,Friendly,Muscat,Oman,FALSE
06/09/23,Syria,Malaysia,2,2,Friendly,Chengdu,China PR,TRUE
06/09/23,Libya,Equatorial Guinea,1,1,African Cup of Nations qualification,Benghazi,Libya,FALSE
07/09/23,Trinidad and Tobago,Cura√ßao,1,0,CONCACAF Nations League,Port of Spain,Trinidad and Tobago,FALSE
07/09/23,Panama,Martinique,3,0,CONCACAF Nations League,Panama City,Panama,FALSE
07/09/23,Guatemala,El Salvador,2,0,CONCACAF Nations League,Guatemala City,Guatemala,FALSE
07/09/23,Sint Maarten,Saint Lucia,1,5,CONCACAF Nations League,Willemstad,Cura√ßao,TRUE
07/09/23,Saint Kitts and Nevis,Guadeloupe,1,2,CONCACAF Nations League,Basseterre,Saint Kitts and Nevis,FALSE
07/09/23,Anguilla,Saint Martin,0,6,CONCACAF Nations League,The Valley,Anguilla,FALSE
07/09/23,United States Virgin Islands,Cayman Islands,2,2,CONCACAF Nations League,Saint Croix,United States Virgin Islands,FALSE
07/09/23,Colombia,Venezuela,1,0,FIFA World Cup qualification,Barranquilla,Colombia,FALSE
07/09/23,Paraguay,Peru,0,0,FIFA World Cup qualification,Ciudad del Este,Paraguay,FALSE
07/09/23,Argentina,Ecuador,1,0,FIFA World Cup qualification,Buenos Aires,Argentina,FALSE
07/09/23,Austria,Moldova,1,1,Friendly,Pasching,Austria,FALSE
07/09/23,Bahrain,Kuwait,1,3,Friendly,Dubai,United Arab Emirates,TRUE
07/09/23,Bangladesh,Afghanistan,1,1,Friendly,Dhaka,Bangladesh,FALSE
07/09/23,Bulgaria,Iran,0,1,Friendly,Plovdiv,Bulgaria,FALSE
07/09/23,Cambodia,Hong Kong,1,1,Friendly,Phnom Penh,Cambodia,FALSE
07/09/23,Norway,Jordan,6,0,Friendly,Oslo,Norway,FALSE
07/09/23,Qatar,Kenya,1,2,Friendly,Al Wakrah,Qatar,FALSE
07/09/23,Wales,South Korea,0,0,Friendly,Cardiff,Wales,FALSE
07/09/23,Ghana,Central African Republic,2,1,African Cup of Nations qualification,Kumasi,Ghana,FALSE
07/09/23,Angola,Madagascar,0,0,African Cup of Nations qualification,Lubango,Angola,FALSE
07/09/23,Algeria,Tanzania,0,0,African Cup of Nations qualification,Annaba,Algeria,FALSE
07/09/23,Niger,Uganda,0,2,African Cup of Nations qualification,Marrakech,Morocco,TRUE
07/09/23,Tunisia,Botswana,3,0,African Cup of Nations qualification,Rad√®s,Tunisia,FALSE
07/09/23,France,Republic of Ireland,2,0,UEFA Euro qualification,Paris,France,FALSE
07/09/23,Netherlands,Greece,3,0,UEFA Euro qualification,Eindhoven,Netherlands,FALSE
07/09/23,Czech Republic,Albania,1,1,UEFA Euro qualification,Prague,Czech Republic,FALSE
07/09/23,Poland,Faroe Islands,2,0,UEFA Euro qualification,Warsaw,Poland,FALSE
07/09/23,Serbia,Hungary,1,2,UEFA Euro qualification,Belgrade,Serbia,FALSE
07/09/23,Lithuania,Montenegro,2,2,UEFA Euro qualification,Kaunas,Lithuania,FALSE
07/09/23,Kazakhstan,Finland,0,1,UEFA Euro qualification,Astana,Kazakhstan,FALSE
07/09/23,Denmark,San Marino,4,0,UEFA Euro qualification,Copenhagen,Denmark,FALSE
07/09/23,Slovenia,Northern Ireland,4,2,UEFA Euro qualification,Ljubljana,Slovenia,FALSE
07/09/23,Iraq,India,2,2,King's Cup,Chiang Mai,Thailand,TRUE
07/09/23,Thailand,Lebanon,2,1,King's Cup,Chiang Mai,Thailand,FALSE
08/09/23,Haiti,Cuba,0,0,CONCACAF Nations League,Santo Domingo,Dominican Republic,TRUE
08/09/23,Grenada,Suriname,1,1,CONCACAF Nations League,St. George's,Grenada,FALSE
08/09/23,Jamaica,Honduras,1,0,CONCACAF Nations League,Kingston,Jamaica,FALSE
08/09/23,Barbados,Montserrat,2,3,CONCACAF Nations League,Bridgetown,Barbados,FALSE
08/09/23,Dominican Republic,Nicaragua,0,2,CONCACAF Nations League,Santo Domingo,Dominican Republic,FALSE
08/09/23,Bermuda,French Guiana,0,0,CONCACAF Nations League,Devonshire Parish,Bermuda,FALSE
08/09/23,Belize,Saint Vincent and the Grenadines,1,2,CONCACAF Nations League,Belmopan,Belize,FALSE
08/09/23,Uruguay,Chile,3,1,FIFA World Cup qualification,Montevideo,Uruguay,FALSE
08/09/23,Brazil,Bolivia,5,1,FIFA World Cup qualification,Bel√©m,Brazil,FALSE
08/09/23,Taiwan,Philippines,1,1,Friendly,Kaohsiung,Taiwan,FALSE
08/09/23,Costa Rica,Saudi Arabia,3,1,Friendly,Newcastle,England,TRUE
08/09/23,Indonesia,Turkmenistan,2,0,Friendly,Surabaya,Indonesia,FALSE
08/09/23,Myanmar,Nepal,0,0,Friendly,Yangon,Myanmar,FALSE
08/09/23,Singapore,Tajikistan,0,2,Friendly,Bishan,Singapore,FALSE
08/09/23,Burkina Faso,Eswatini,0,0,African Cup of Nations qualification,Marrakech,Morocco,TRUE
08/09/23,Egypt,Ethiopia,1,0,African Cup of Nations qualification,Cairo,Egypt,FALSE
08/09/23,Mali,South Sudan,4,0,African Cup of Nations qualification,Bamako,Mali,FALSE
08/09/23,Georgia,Spain,1,7,UEFA Euro qualification,Tbilisi,Georgia,FALSE
08/09/23,Cyprus,Scotland,0,3,UEFA Euro qualification,Larnaca,Cyprus,FALSE
08/09/23,Croatia,Latvia,5,0,UEFA Euro qualification,Rijeka,Croatia,FALSE
08/09/23,Turkey,Armenia,1,1,UEFA Euro qualification,Eski≈üehir,Turkey,FALSE
08/09/23,Bosnia and Herzegovina,Liechtenstein,2,1,UEFA Euro qualification,Zenica,Bosnia and Herzegovina,FALSE
08/09/23,Luxembourg,Iceland,3,1,UEFA Euro qualification,Luxembourg,Luxembourg,FALSE
08/09/23,Slovakia,Portugal,0,1,UEFA Euro qualification,Bratislava,Slovakia,FALSE
09/09/23,Antigua and Barbuda,Guyana,1,5,CONCACAF Nations League,North Sound,Antigua and Barbuda,FALSE
09/09/23,Bahamas,Puerto Rico,1,6,CONCACAF Nations League,Nassau,Bahamas,FALSE
09/09/23,British Virgin Islands,Turks and Caicos Islands,3,1,CONCACAF Nations League,Road Town,British Virgin Islands,FALSE
09/09/23,China PR,Malaysia,1,1,Friendly,Chengdu,China PR,FALSE
09/09/23,Germany,Japan,1,4,Friendly,Wolfsburg,Germany,FALSE
09/09/23,Mexico,Australia,2,2,Friendly,Arlington,United States,TRUE
09/09/23,South Africa,Namibia,0,0,Friendly,Johannesburg,South Africa,FALSE
09/09/23,United States,Uzbekistan,3,0,Friendly,St. Louis,United States,FALSE
09/09/23,Malawi,Guinea,2,2,African Cup of Nations qualification,Lilongwe,Malawi,FALSE
09/09/23,Ivory Coast,Lesotho,1,0,African Cup of Nations qualification,San-P√©dro,Ivory Coast,FALSE
09/09/23,Comoros,Zambia,1,1,African Cup of Nations qualification,Moroni,Comoros,FALSE
09/09/23,Mauritania,Gabon,2,1,African Cup of Nations qualification,Nouakchott,Mauritania,FALSE
09/09/23,DR Congo,Sudan,2,0,African Cup of Nations qualification,Kinshasa,DR Congo,FALSE
09/09/23,Rwanda,Senegal,1,1,African Cup of Nations qualification,Butare,Rwanda,FALSE
09/09/23,Ukraine,England,1,1,UEFA Euro qualification,Wroc≈Çaw,Poland,TRUE
09/09/23,North Macedonia,Italy,1,1,UEFA Euro qualification,Skopje,North Macedonia,FALSE
09/09/23,Azerbaijan,Belgium,0,1,UEFA Euro qualification,Baku,Azerbaijan,FALSE
09/09/23,Estonia,Sweden,0,5,UEFA Euro qualification,Tallinn,Estonia,FALSE
09/09/23,Andorra,Belarus,0,0,UEFA Euro qualification,Andorra la Vella,Andorra,FALSE
09/09/23,Kosovo,Switzerland,2,2,UEFA Euro qualification,Pristina,Kosovo,FALSE
09/09/23,Romania,Israel,1,1,UEFA Euro qualification,Bucharest,Romania,FALSE
10/09/23,Guatemala,Panama,1,1,CONCACAF Nations League,Guatemala City,Guatemala,FALSE
10/09/23,El Salvador,Trinidad and Tobago,2,3,CONCACAF Nations League,San Salvador,El Salvador,FALSE
10/09/23,Martinique,Cura√ßao,1,0,CONCACAF Nations League,Fort-de-France,Martinique,FALSE
10/09/23,Guadeloupe,Sint Maarten,4,0,CONCACAF Nations League,Sainte-Anne,Guadeloupe,FALSE
10/09/23,Saint Lucia,Saint Kitts and Nevis,2,0,CONCACAF Nations League,Gros Islet,Saint Lucia,FALSE
10/09/23,Hungary,Czech Republic,1,1,Friendly,Budapest,Hungary,FALSE
10/09/23,Nigeria,S√£o Tom√© and Pr√≠ncipe,6,0,African Cup of Nations qualification,Uyo,Nigeria,FALSE
10/09/23,Togo,Cape Verde,3,2,African Cup of Nations qualification,Lom√©,Togo,FALSE
10/09/23,Gambia,Congo,2,2,African Cup of Nations qualification,Marrakech,Morocco,TRUE
10/09/23,Republic of Ireland,Netherlands,1,2,UEFA Euro qualification,Dublin,Republic of Ireland,FALSE
10/09/23,Greece,Gibraltar,5,0,UEFA Euro qualification,Athens,Greece,FALSE
10/09/23,Faroe Islands,Moldova,0,1,UEFA Euro qualification,T√≥rshavn,Faroe Islands,FALSE
10/09/23,Albania,Poland,2,0,UEFA Euro qualification,Tirana,Albania,FALSE
10/09/23,Montenegro,Bulgaria,2,1,UEFA Euro qualification,Podgorica,Montenegro,FALSE
10/09/23,Lithuania,Serbia,1,3,UEFA Euro qualification,Kaunas,Lithuania,FALSE
10/09/23,Finland,Denmark,0,1,UEFA Euro qualification,Helsinki,Finland,FALSE
10/09/23,Kazakhstan,Northern Ireland,1,0,UEFA Euro qualification,Astana,Kazakhstan,FALSE
10/09/23,San Marino,Slovenia,0,4,UEFA Euro qualification,Serravalle,San Marino,FALSE
10/09/23,Lebanon,India,1,0,King's Cup,Chiang Mai,Thailand,TRUE
10/09/23,Thailand,Iraq,2,2,King's Cup,Chiang Mai,Thailand,FALSE
11/09/23,Dominican Republic,Montserrat,3,0,CONCACAF Nations League,Santo Domingo,Dominican Republic,FALSE
11/09/23,Nicaragua,Barbados,5,1,CONCACAF Nations League,Managua,Nicaragua,FALSE
11/09/23,Saint Martin,Bonaire,2,1,CONCACAF Nations League,Basseterre,Saint Kitts and Nevis,TRUE
11/09/23,Cayman Islands,Aruba,1,2,CONCACAF Nations League,George Town,Cayman Islands,FALSE
11/09/23,Cambodia,Macau,4,0,Friendly,Phnom Penh,Cambodia,FALSE
11/09/23,Hong Kong,Brunei,10,0,Friendly,Hong Kong,Hong Kong,FALSE
11/09/23,Kuwait,Kyrgyzstan,1,3,Friendly,Dubai,United Arab Emirates,TRUE
11/09/23,Myanmar,Nepal,1,0,Friendly,Yangon,Myanmar,FALSE
11/09/23,Vietnam,Palestine,2,0,Friendly,Nam ƒê·ªãnh,Vietnam,FALSE
11/09/23,Guinea-Bissau,Sierra Leone,2,1,African Cup of Nations qualification,Bissau,Guinea-Bissau,FALSE
11/09/23,Armenia,Croatia,0,1,UEFA Euro qualification,Yerevan,Armenia,FALSE
11/09/23,Latvia,Wales,0,2,UEFA Euro qualification,Riga,Latvia,FALSE
11/09/23,Iceland,Bosnia and Herzegovina,1,0,UEFA Euro qualification,Reykjav√≠k,Iceland,FALSE
11/09/23,Portugal,Luxembourg,9,0,UEFA Euro qualification,S√£o Jo√£o da Venda,Portugal,FALSE
11/09/23,Slovakia,Liechtenstein,3,0,UEFA Euro qualification,Bratislava,Slovakia,FALSE
12/09/23,Cuba,Suriname,1,0,CONCACAF Nations League,Santiago,Cuba,FALSE
12/09/23,Jamaica,Haiti,2,2,CONCACAF Nations League,Kingston,Jamaica,FALSE
12/09/23,Honduras,Grenada,4,0,CONCACAF Nations League,Tegucigalpa,Honduras,FALSE
12/09/23,Saint Vincent and the Grenadines,Bermuda,4,3,CONCACAF Nations League,Kingstown,Saint Vincent and the Grenadines,FALSE
12/09/23,French Guiana,Belize,0,2,CONCACAF Nations League,Cayenne,French Guiana,FALSE
12/09/23,Guyana,Bahamas,3,2,CONCACAF Nations League,Leonora,Guyana,FALSE
12/09/23,Puerto Rico,Antigua and Barbuda,5,0,CONCACAF Nations League,Nassau,Bahamas,TRUE
12/09/23,Turks and Caicos Islands,Dominica,0,3,CONCACAF Nations League,Providenciales,Turks and Caicos Islands,FALSE
12/09/23,Bolivia,Argentina,0,3,FIFA World Cup qualification,La Paz,Bolivia,FALSE
12/09/23,Ecuador,Uruguay,2,1,FIFA World Cup qualification,Quito,Ecuador,FALSE
12/09/23,Venezuela,Paraguay,1,0,FIFA World Cup qualification,Matur√≠n,Venezuela,FALSE
12/09/23,Peru,Brazil,0,1,FIFA World Cup qualification,Lima,Peru,FALSE
12/09/23,Chile,Colombia,0,0,FIFA World Cup qualification,Santiago,Chile,FALSE
12/09/23,Azerbaijan,Jordan,2,1,Friendly,Baku,Azerbaijan,FALSE
12/09/23,Bahrain,Turkmenistan,1,1,Friendly,Dubai,United Arab Emirates,TRUE
12/09/23,China PR,Syria,0,1,Friendly,Chengdu,China PR,FALSE
12/09/23,Egypt,Tunisia,1,3,Friendly,Cairo,Egypt,FALSE
12/09/23,Germany,France,2,1,Friendly,Dortmund,Germany,FALSE
12/09/23,Qatar,Russia,1,1,Friendly,Al Wakrah,Qatar,FALSE
12/09/23,Ghana,Liberia,3,1,Friendly,Accra,Ghana,FALSE
12/09/23,Iran,Angola,4,0,Friendly,Tehran,Iran,FALSE
12/09/23,Japan,Turkey,4,2,Friendly,Genk,Belgium,TRUE
12/09/23,Kenya,South Sudan,0,1,Friendly,Nairobi,Kenya,FALSE
12/09/23,South Korea,Saudi Arabia,1,0,Friendly,Newcastle,England,TRUE
12/09/23,Mexico,Uzbekistan,3,3,Friendly,Atlanta,United States,TRUE
12/09/23,Morocco,Burkina Faso,1,0,Friendly,Lens,France,TRUE
12/09/23,Philippines,Afghanistan,2,1,Friendly,Manila,Philippines,FALSE
12/09/23,Scotland,England,1,3,Friendly,Glasgow,Scotland,FALSE
12/09/23,Senegal,Algeria,0,1,Friendly,Diamniadio,Senegal,FALSE
12/09/23,Singapore,Taiwan,3,1,Friendly,Bishan,Singapore,FALSE
12/09/23,South Africa,DR Congo,1,0,Friendly,Johannesburg,South Africa,FALSE
12/09/23,United Arab Emirates,Costa Rica,4,1,Friendly,Zagreb,Croatia,TRUE
12/09/23,United States,Oman,4,0,Friendly,Saint Paul,United States,FALSE
12/09/23,Cameroon,Burundi,3,0,African Cup of Nations qualification,Garoua,Cameroon,FALSE
12/09/23,Norway,Georgia,2,1,UEFA Euro qualification,Oslo,Norway,FALSE
12/09/23,Spain,Cyprus,6,0,UEFA Euro qualification,Granada,Spain,FALSE
12/09/23,Italy,Ukraine,2,1,UEFA Euro qualification,Milan,Italy,FALSE
12/09/23,Malta,North Macedonia,0,2,UEFA Euro qualification,Ta' Qali,Malta,FALSE
12/09/23,Belgium,Estonia,5,0,UEFA Euro qualification,Brussels,Belgium,FALSE
12/09/23,Sweden,Austria,1,3,UEFA Euro qualification,Stockholm,Sweden,FALSE
12/09/23,Switzerland,Andorra,3,0,UEFA Euro qualification,Sion,Switzerland,FALSE
12/09/23,Israel,Belarus,1,0,UEFA Euro qualification,Tel Aviv,Israel,FALSE
12/09/23,Romania,Kosovo,2,0,UEFA Euro qualification,Bucharest,Romania,FALSE
08/10/23,Papua New Guinea,Solomon Islands,1,3,MSG Prime Minister's Cup,New Caledonia,New Caledonia,TRUE
08/10/23,New Caledonia,Vanuatu,4,0,MSG Prime Minister's Cup,New Caledonia,New Caledonia,FALSE
10/10/23,China PR,Vietnam,2,0,Friendly,Dalian,China PR,FALSE
11/10/23,Wales,Gibraltar,4,0,Friendly,Wrexham,Wales,FALSE
11/10/23,Solomon Islands,Vanuatu,1,0,MSG Prime Minister's Cup,New Caledonia,New Caledonia,TRUE
11/10/23,New Caledonia,Papua New Guinea,3,1,MSG Prime Minister's Cup,New Caledonia,New Caledonia,FALSE
12/10/23,Suriname,Haiti,1,1,CONCACAF Nations League,Paramaribo,Suriname,FALSE
12/10/23,Grenada,Jamaica,1,4,CONCACAF Nations League,St. George's,Grenada,FALSE
12/10/23,Cuba,Honduras,0,0,CONCACAF Nations League,Santo Domingo,Dominican Republic,TRUE
12/10/23,Sint Maarten,Saint Kitts and Nevis,2,3,CONCACAF Nations League,The Valley,Anguilla,TRUE
12/10/23,Saint Lucia,Guadeloupe,2,1,CONCACAF Nations League,Gros Islet,Saint Lucia,FALSE
12/10/23,Bonaire,Anguilla,2,0,CONCACAF Nations League,Rincon,Bonaire,FALSE
12/10/23,Dominica,British Virgin Islands,1,1,CONCACAF Nations League,Gros Islet,Saint Lucia,TRUE
12/10/23,Colombia,Uruguay,2,2,FIFA World Cup qualification,Barranquilla,Colombia,FALSE
12/10/23,Bolivia,Ecuador,1,2,FIFA World Cup qualification,La Paz,Bolivia,FALSE
12/10/23,Argentina,Paraguay,1,0,FIFA World Cup qualification,Buenos Aires,Argentina,FALSE
12/10/23,Brazil,Venezuela,1,1,FIFA World Cup qualification,Cuiab√°,Brazil,FALSE
12/10/23,Chile,Peru,2,0,FIFA World Cup qualification,Santiago,Chile,FALSE
12/10/23,Afghanistan,Mongolia,1,0,FIFA World Cup qualification,Dushanbe,Tajikistan,TRUE
12/10/23,Cambodia,Pakistan,0,0,FIFA World Cup qualification,Phnom Penh,Cambodia,FALSE
12/10/23,Taiwan,Timor-Leste,4,0,FIFA World Cup qualification,Kaohsiung,Taiwan,FALSE
12/10/23,Hong Kong,Bhutan,4,0,FIFA World Cup qualification,Hong Kong,Hong Kong,FALSE
12/10/23,Indonesia,Brunei,6,0,FIFA World Cup qualification,Jakarta,Indonesia,FALSE
12/10/23,Maldives,Bangladesh,1,1,FIFA World Cup qualification,Mal√©,Maldives,FALSE
12/10/23,Myanmar,Macau,5,1,FIFA World Cup qualification,Yangon,Myanmar,FALSE
12/10/23,Nepal,Laos,1,1,FIFA World Cup qualification,Kathmandu,Nepal,FALSE
12/10/23,Singapore,Guam,2,1,FIFA World Cup qualification,Kallang,Singapore,FALSE
12/10/23,Yemen,Sri Lanka,3,0,FIFA World Cup qualification,Abha,Saudi Arabia,TRUE
12/10/23,Algeria,Cape Verde,5,1,Friendly,Constantine,Algeria,FALSE
12/10/23,Bahrain,Kyrgyzstan,2,0,Friendly,Arad,Bahrain,FALSE
12/10/23,Egypt,Zambia,1,0,Friendly,Al Ain,United Arab Emirates,TRUE
12/10/23,Georgia,Thailand,8,0,Friendly,Tbilisi,Georgia,FALSE
12/10/23,Montenegro,Lebanon,3,2,Friendly,Podgorica,Montenegro,FALSE
12/10/23,Russia,Cameroon,1,0,Friendly,Moscow,Russia,FALSE
12/10/23,Sweden,Moldova,3,1,Friendly,Stockholm,Sweden,FALSE
12/10/23,Spain,Scotland,2,0,UEFA Euro qualification,Seville,Spain,FALSE
12/10/23,Cyprus,Norway,0,4,UEFA Euro qualification,Larnaca,Cyprus,FALSE
12/10/23,Latvia,Armenia,2,0,UEFA Euro qualification,Riga,Latvia,FALSE
12/10/23,Croatia,Turkey,0,1,UEFA Euro qualification,Osijek,Croatia,FALSE
12/10/23,Faroe Islands,Poland,0,2,UEFA Euro qualification,T√≥rshavn,Faroe Islands,FALSE
12/10/23,Albania,Czech Republic,3,0,UEFA Euro qualification,Tirana,Albania,FALSE
12/10/23,Andorra,Kosovo,0,3,UEFA Euro qualification,Andorra la Vella,Andorra,FALSE
12/10/23,Belarus,Romania,0,0,UEFA Euro qualification,Budapest,Hungary,TRUE
13/10/23,Cura√ßao,Panama,1,2,CONCACAF Nations League,Willemstad,Cura√ßao,FALSE
13/10/23,Martinique,El Salvador,1,0,CONCACAF Nations League,Fort-de-France,Martinique,FALSE
13/10/23,Trinidad and Tobago,Guatemala,3,2,CONCACAF Nations League,Port of Spain,Trinidad and Tobago,FALSE
13/10/23,Montserrat,Nicaragua,0,3,CONCACAF Nations League,Bridgetown,Barbados,TRUE
13/10/23,Barbados,Dominican Republic,0,5,CONCACAF Nations League,Bridgetown,Barbados,FALSE
13/10/23,Saint Vincent and the Grenadines,French Guiana,1,4,CONCACAF Nations League,Kingstown,Saint Vincent and the Grenadines,FALSE
13/10/23,Belize,Bermuda,0,1,CONCACAF Nations League,Belmopan,Belize,FALSE
13/10/23,DR Congo,New Zealand,1,1,Friendly,Murcia,Spain,TRUE
13/10/23,England,Australia,1,0,Friendly,London,England,FALSE
13/10/23,Equatorial Guinea,Burkina Faso,0,0,Friendly,Malabo,Equatorial Guinea,FALSE
13/10/23,Guinea,Guinea-Bissau,1,0,Friendly,Set√∫bal,Portugal,TRUE
13/10/23,Iraq,Qatar,0,0,Friendly,Amman,Jordan,TRUE
13/10/23,Japan,Canada,4,1,Friendly,Niigata,Japan,FALSE
13/10/23,South Korea,Tunisia,4,0,Friendly,Seoul,South Korea,FALSE
13/10/23,Mali,Uganda,1,0,Friendly,Bamako,Mali,FALSE
13/10/23,Nigeria,Saudi Arabia,2,2,Friendly,Portim√£o,Portugal,TRUE
13/10/23,South Africa,Eswatini,0,0,Friendly,Johannesburg,South Africa,FALSE
13/10/23,Vietnam,Uzbekistan,0,2,Friendly,Dalian,China PR,TRUE
13/10/23,Republic of Ireland,Greece,0,2,UEFA Euro qualification,Dublin,Republic of Ireland,FALSE
13/10/23,Netherlands,France,1,2,UEFA Euro qualification,Amsterdam,Netherlands,FALSE
13/10/23,Estonia,Azerbaijan,0,2,UEFA Euro qualification,Tallinn,Estonia,FALSE
13/10/23,Austria,Belgium,2,3,UEFA Euro qualification,Vienna,Austria,FALSE
13/10/23,Iceland,Luxembourg,1,1,UEFA Euro qualification,Reykjav√≠k,Iceland,FALSE
13/10/23,Portugal,Slovakia,3,2,UEFA Euro qualification,Porto,Portugal,FALSE
13/10/23,Liechtenstein,Bosnia and Herzegovina,0,2,UEFA Euro qualification,Vaduz,Liechtenstein,FALSE
13/10/23,Angola,Mozambique,1,1,Friendly,Albufeira,Portugal,TRUE
14/10/23,Puerto Rico,Guyana,1,3,CONCACAF Nations League,A√±asco,Puerto Rico,FALSE
14/10/23,Bahamas,Antigua and Barbuda,1,4,CONCACAF Nations League,Nassau,Bahamas,FALSE
14/10/23,Aruba,United States Virgin Islands,3,1,CONCACAF Nations League,Oranjestad,Aruba,FALSE
14/10/23,Ivory Coast,Morocco,1,1,Friendly,Abidjan,Ivory Coast,FALSE
14/10/23,Liberia,Libya,2,3,Friendly,Khouribga,Morocco,TRUE
14/10/23,Mauritania,Madagascar,2,1,Friendly,Mohammedia,Morocco,TRUE
14/10/23,Mexico,Ghana,2,0,Friendly,Charlotte,United States,TRUE
14/10/23,Niger,Somalia,3,0,Friendly,Mohammedia,Morocco,TRUE
14/10/23,Sierra Leone,Benin,1,1,Friendly,Khouribga,Morocco,TRUE
14/10/23,United States,Germany,1,3,Friendly,East Hartford,United States,FALSE
14/10/23,Ukraine,North Macedonia,2,0,UEFA Euro qualification,Prague,Czech Republic,TRUE
14/10/23,Italy,Malta,4,0,UEFA Euro qualification,Bari,Italy,FALSE
14/10/23,Bulgaria,Lithuania,0,2,UEFA Euro qualification,Sofia,Bulgaria,FALSE
14/10/23,Hungary,Serbia,2,1,UEFA Euro qualification,Budapest,Hungary,FALSE
14/10/23,Northern Ireland,San Marino,3,0,UEFA Euro qualification,Belfast,Northern Ireland,FALSE
14/10/23,Slovenia,Finland,3,0,UEFA Euro qualification,Ljubljana,Slovenia,FALSE
14/10/23,Denmark,Kazakhstan,3,1,UEFA Euro qualification,Copenhagen,Denmark,FALSE
14/10/23,Papua New Guinea,Vanuatu,0,1,MSG Prime Minister's Cup,New Caledonia,New Caledonia,TRUE
14/10/23,New Caledonia,Solomon Islands,0,1,MSG Prime Minister's Cup,New Caledonia,New Caledonia,FALSE
15/10/23,Honduras,Cuba,4,0,CONCACAF Nations League,Tegucigalpa,Honduras,FALSE
15/10/23,Haiti,Jamaica,2,3,CONCACAF Nations League,Port of Spain,Trinidad and Tobago,TRUE
15/10/23,Suriname,Grenada,4,0,CONCACAF Nations League,Paramaribo,Suriname,FALSE
15/10/23,Guadeloupe,Saint Lucia,2,0,CONCACAF Nations League,Sainte-Anne,Guadeloupe,FALSE
15/10/23,Saint Kitts and Nevis,Sint Maarten,0,1,CONCACAF Nations League,Basseterre,Saint Kitts and Nevis,FALSE
15/10/23,Kyrgyzstan,Philippines,0,1,Friendly,Manama,Bahrain,TRUE
15/10/23,Sudan,Tanzania,1,1,Friendly,Taif,Saudi Arabia,TRUE
15/10/23,Georgia,Cyprus,4,0,UEFA Euro qualification,Tbilisi,Georgia,FALSE
15/10/23,Norway,Spain,0,1,UEFA Euro qualification,Oslo,Norway,FALSE
15/10/23,Wales,Croatia,2,1,UEFA Euro qualification,Cardiff,Wales,FALSE
15/10/23,Turkey,Latvia,4,0,UEFA Euro qualification,Konya,Turkey,FALSE
15/10/23,Czech Republic,Faroe Islands,1,0,UEFA Euro qualification,Plze≈à,Czech Republic,FALSE
15/10/23,Poland,Moldova,1,1,UEFA Euro qualification,Warsaw,Poland,FALSE
15/10/23,Switzerland,Belarus,3,3,UEFA Euro qualification,St. Gallen,Switzerland,FALSE
15/10/23,Romania,Andorra,4,0,UEFA Euro qualification,Bucharest,Romania,FALSE
16/10/23,Dominican Republic,Barbados,5,2,CONCACAF Nations League,Santiago de los Caballeros,Dominican Republic,FALSE
16/10/23,Nicaragua,Montserrat,3,0,CONCACAF Nations League,Managua,Nicaragua,FALSE
16/10/23,French Guiana,Saint Vincent and the Grenadines,3,2,CONCACAF Nations League,Fort-de-France,Martinique,TRUE
16/10/23,Saint Martin,Anguilla,8,0,CONCACAF Nations League,Basseterre,Saint Kitts and Nevis,TRUE
16/10/23,Turks and Caicos Islands,British Virgin Islands,2,2,CONCACAF Nations League,Providenciales,Turks and Caicos Islands,FALSE
16/10/23,Algeria,Egypt,1,1,Friendly,Al Ain,United Arab Emirates,TRUE
16/10/23,Botswana,Eswatini,2,1,Friendly,Lobatse,Botswana,FALSE
16/10/23,Kenya,Russia,2,2,Friendly,Antalya,Turkey,TRUE
16/10/23,China PR,Uzbekistan,1,2,Friendly,Dalian,China PR,FALSE
16/10/23,Mozambique,Nigeria,2,3,Friendly,Albufeira,Portugal,TRUE
16/10/23,Senegal,Cameroon,1,0,Friendly,Lens,France,TRUE
16/10/23,Gibraltar,Republic of Ireland,0,4,UEFA Euro qualification,Faro-Loul√©,Portugal,TRUE
16/10/23,Greece,Netherlands,0,1,UEFA Euro qualification,Athens,Greece,FALSE
16/10/23,Azerbaijan,Austria,0,1,UEFA Euro qualification,Baku,Azerbaijan,FALSE
16/10/23,Belgium,Sweden,1,1,UEFA Euro qualification,Brussels,Belgium,FALSE
16/10/23,Iceland,Liechtenstein,4,0,UEFA Euro qualification,Reykjav√≠k,Iceland,FALSE
16/10/23,Bosnia and Herzegovina,Portugal,0,5,UEFA Euro qualification,Zenica,Bosnia and Herzegovina,FALSE
16/10/23,Luxembourg,Slovakia,0,1,UEFA Euro qualification,Luxembourg,Luxembourg,FALSE
17/10/23,El Salvador,Martinique,0,0,CONCACAF Nations League,San Salvador,El Salvador,FALSE
17/10/23,Panama,Guatemala,3,0,CONCACAF Nations League,Panama City,Panama,FALSE
17/10/23,Cura√ßao,Trinidad and Tobago,5,3,CONCACAF Nations League,Willemstad,Cura√ßao,FALSE
17/10/23,Bermuda,Belize,1,1,CONCACAF Nations League,Devonshire Parish,Bermuda,FALSE
17/10/23,Antigua and Barbuda,Bahamas,2,2,CONCACAF Nations League,Piggotts,Antigua and Barbuda,FALSE
17/10/23,Guyana,Puerto Rico,3,1,CONCACAF Nations League,Basseterre,Saint Kitts and Nevis,TRUE
17/10/23,Cayman Islands,United States Virgin Islands,2,1,CONCACAF Nations League,George Town,Cayman Islands,FALSE
17/10/23,Venezuela,Chile,3,0,FIFA World Cup qualification,Matur√≠n,Venezuela,FALSE
17/10/23,Ecuador,Colombia,0,0,FIFA World Cup qualification,Quito,Ecuador,FALSE
17/10/23,Paraguay,Bolivia,1,0,FIFA World Cup qualification,Asunci√≥n,Paraguay,FALSE
17/10/23,Peru,Argentina,0,2,FIFA World Cup qualification,Lima,Peru,FALSE
17/10/23,Uruguay,Brazil,2,0,FIFA World Cup qualification,Montevideo,Uruguay,FALSE
17/10/23,Bangladesh,Maldives,2,1,FIFA World Cup qualification,Dhaka,Bangladesh,FALSE
17/10/23,Bhutan,Hong Kong,2,0,FIFA World Cup qualification,Thimphu,Bhutan,FALSE
17/10/23,Brunei,Indonesia,0,6,FIFA World Cup qualification,Bandar Seri Begawan,Brunei,FALSE
17/10/23,Guam,Singapore,0,1,FIFA World Cup qualification,Dededo,Guam,FALSE
17/10/23,Laos,Nepal,0,1,FIFA World Cup qualification,Vientiane,Laos,FALSE
17/10/23,Macau,Myanmar,0,0,FIFA World Cup qualification,Taipa,Macau,FALSE
17/10/23,Mongolia,Afghanistan,0,1,FIFA World Cup qualification,Ulaanbaatar,Mongolia,FALSE
17/10/23,Pakistan,Cambodia,1,0,FIFA World Cup qualification,Islamabad,Pakistan,FALSE
17/10/23,Sri Lanka,Yemen,1,1,FIFA World Cup qualification,Colombo,Sri Lanka,FALSE
17/10/23,Taiwan,Timor-Leste,3,0,FIFA World Cup qualification,Kaohsiung,Taiwan,FALSE
17/10/23,Albania,Bulgaria,2,0,Friendly,Tirana,Albania,FALSE
17/10/23,Angola,DR Congo,0,0,Friendly,Set√∫bal,Portugal,TRUE
17/10/23,Australia,New Zealand,2,0,Soccer Ashes,Brentford,England,TRUE
17/10/23,Bahrain,Philippines,1,0,Friendly,Arad,Bahrain,FALSE
17/10/23,Benin,Madagascar,1,2,Friendly,Casablanca,Morocco,TRUE
17/10/23,Burkina Faso,Mauritania,2,1,Friendly,Casablanca,Morocco,TRUE
17/10/23,Cape Verde,Comoros,1,2,Friendly,Fos-sur-Mer,Cape Verde,FALSE
17/10/23,Estonia,Thailand,1,1,Friendly,Tallinn,Estonia,FALSE
17/10/23,France,Scotland,4,1,Friendly,Lille,France,FALSE
17/10/23,Guinea,Gabon,1,1,Friendly,Faro-Loul√©,Portugal,TRUE
17/10/23,Ivory Coast,South Africa,1,1,Friendly,Abidjan,Ivory Coast,FALSE
17/10/23,South Korea,Vietnam,6,0,Friendly,Suwon,South Korea,FALSE
17/10/23,Libya,Niger,1,1,Friendly,Khouribga,Morocco,TRUE
17/10/23,Mali,Saudi Arabia,3,1,Friendly,Portim√£o,Portugal,TRUE
17/10/23,Mexico,Germany,2,2,Friendly,Philadelphia,United States,TRUE
17/10/23,North Macedonia,Armenia,3,1,Friendly,Strumica,North Macedonia,FALSE
17/10/23,Somalia,Sierra Leone,0,2,Friendly,Khouribga,Morocco,TRUE
17/10/23,Sudan,Chad,1,0,Friendly,Taif,Saudi Arabia,TRUE
17/10/23,Syria,Kuwait,1,2,Friendly,Dubai,United Arab Emirates,TRUE
17/10/23,United Arab Emirates,Lebanon,2,1,Friendly,Dubai,United Arab Emirates,FALSE
17/10/23,United States,Ghana,4,0,Friendly,Nashville,United States,FALSE
17/10/23,Zambia,Uganda,3,0,Friendly,Sharjah,United Arab Emirates,TRUE
17/10/23,Morocco,Liberia,3,0,African Cup of Nations qualification,Agadir,Morocco,FALSE
17/10/23,England,Italy,3,1,UEFA Euro qualification,London,England,FALSE
17/10/23,Malta,Ukraine,1,3,UEFA Euro qualification,Ta' Qali,Malta,FALSE
17/10/23,Serbia,Montenegro,3,1,UEFA Euro qualification,Belgrade,Serbia,FALSE
17/10/23,Lithuania,Hungary,2,2,UEFA Euro qualification,Kaunas,Lithuania,FALSE
17/10/23,Finland,Kazakhstan,1,2,UEFA Euro qualification,Helsinki,Finland,FALSE
17/10/23,Northern Ireland,Slovenia,0,1,UEFA Euro qualification,Belfast,Northern Ireland,FALSE
17/10/23,San Marino,Denmark,1,2,UEFA Euro qualification,Serravalle,San Marino,FALSE
23/10/23,United Arab Emirates,Kuwait,1,0,Friendly,Dubai,United Arab Emirates,FALSE
11/11/23,Guatemala,Jamaica,0,0,Friendly,Harrison,United States,TRUE
12/11/23,Kosovo,Israel,1,0,UEFA Euro qualification,Pristina,Kosovo,FALSE
15/11/23,Ethiopia,Sierra Leone,0,0,FIFA World Cup qualification,El Jadida,Morocco,TRUE
15/11/23,DR Congo,Mauritania,2,0,FIFA World Cup qualification,Kinshasa,DR Congo,FALSE
15/11/23,Rwanda,Zimbabwe,0,0,FIFA World Cup qualification,Butare,Rwanda,FALSE
15/11/23,Equatorial Guinea,Namibia,0,3,FIFA World Cup qualification,Malabo,Equatorial Guinea,FALSE
15/11/23,Belgium,Serbia,1,0,Friendly,Leuven,Belgium,FALSE
15/11/23,Israel,Switzerland,1,1,UEFA Euro qualification,Felcs√∫t,Hungary,TRUE
16/11/23,Sint Maarten,Guadeloupe,0,2,CONCACAF Nations League,Bridgetown,Barbados,TRUE
16/11/23,Saint Kitts and Nevis,Saint Lucia,0,0,CONCACAF Nations League,Basseterre,Saint Kitts and Nevis,FALSE
16/11/23,United States Virgin Islands,Aruba,1,4,CONCACAF Nations League,Saint Croix,United States Virgin Islands,FALSE
16/11/23,British Virgin Islands,Dominica,1,2,CONCACAF Nations League,Road Town,British Virgin Islands,FALSE
16/11/23,Costa Rica,Panama,0,3,CONCACAF Nations League,San Jos√©,Costa Rica,FALSE
16/11/23,United States,Trinidad and Tobago,3,0,CONCACAF Nations League,Austin,United States,FALSE
16/11/23,Bolivia,Peru,2,0,FIFA World Cup qualification,La Paz,Bolivia,FALSE
16/11/23,Venezuela,Ecuador,0,0,FIFA World Cup qualification,Matur√≠n,Venezuela,FALSE
16/11/23,Colombia,Brazil,2,1,FIFA World Cup qualification,Barranquilla,Colombia,FALSE
16/11/23,Argentina,Uruguay,0,2,FIFA World Cup qualification,Buenos Aires,Argentina,FALSE
16/11/23,Chile,Paraguay,0,0,FIFA World Cup qualification,Santiago,Chile,FALSE
16/11/23,Qatar,Afghanistan,8,1,FIFA World Cup qualification,Al Rayyan,Qatar,FALSE
16/11/23,Kuwait,India,0,1,FIFA World Cup qualification,Kuwait City,Kuwait,FALSE
16/11/23,Japan,Myanmar,5,0,FIFA World Cup qualification,Suita,Japan,FALSE
16/11/23,Syria,North Korea,1,0,FIFA World Cup qualification,Jeddah,Saudi Arabia,TRUE
16/11/23,Thailand,China PR,1,2,FIFA World Cup qualification,Bangkok,Thailand,FALSE
16/11/23,South Korea,Singapore,5,0,FIFA World Cup qualification,Seoul,South Korea,FALSE
16/11/23,Oman,Taiwan,3,0,FIFA World Cup qualification,Muscat,Oman,FALSE
16/11/23,Malaysia,Kyrgyzstan,4,3,FIFA World Cup qualification,Kuala Lumpur,Malaysia,FALSE
16/11/23,Iran,Hong Kong,4,0,FIFA World Cup qualification,Tehran,Iran,FALSE
16/11/23,Turkmenistan,Uzbekistan,1,3,FIFA World Cup qualification,Ashgabat,Turkmenistan,FALSE
16/11/23,Iraq,Indonesia,5,1,FIFA World Cup qualification,Basra,Iraq,FALSE
16/11/23,Philippines,Vietnam,0,2,FIFA World Cup qualification,Manila,Philippines,FALSE
16/11/23,Tajikistan,Jordan,1,1,FIFA World Cup qualification,Dushanbe,Tajikistan,FALSE
16/11/23,Saudi Arabia,Pakistan,4,0,FIFA World Cup qualification,Al Hofuf,Saudi Arabia,FALSE
16/11/23,United Arab Emirates,Nepal,4,0,FIFA World Cup qualification,Dubai,United Arab Emirates,FALSE
16/11/23,Yemen,Bahrain,0,2,FIFA World Cup qualification,Abha,Saudi Arabia,TRUE
16/11/23,Lebanon,Palestine,0,0,FIFA World Cup qualification,Sharjah,United Arab Emirates,TRUE
16/11/23,Australia,Bangladesh,7,0,FIFA World Cup qualification,Melbourne,Australia,FALSE
16/11/23,Egypt,Djibouti,6,0,FIFA World Cup qualification,Cairo,Egypt,FALSE
16/11/23,Sudan,Togo,1,1,FIFA World Cup qualification,Benghazi,Libya,TRUE
16/11/23,Nigeria,Lesotho,1,1,FIFA World Cup qualification,Uyo,Nigeria,FALSE
16/11/23,Cape Verde,Angola,0,0,FIFA World Cup qualification,Praia,Cape Verde,FALSE
16/11/23,Burundi,Gambia,3,2,FIFA World Cup qualification,Dar es Salaam,Tanzania,TRUE
16/11/23,Gabon,Kenya,2,1,FIFA World Cup qualification,Franceville,Gabon,FALSE
16/11/23,Botswana,Mozambique,2,3,FIFA World Cup qualification,Francistown,Botswana,FALSE
16/11/23,Algeria,Somalia,3,1,FIFA World Cup qualification,Algiers,Algeria,FALSE
16/11/23,Cura√ßao,El Salvador,1,1,Friendly,Willemstad,Cura√ßao,FALSE
16/11/23,Norway,Faroe Islands,2,0,Friendly,Oslo,Norway,FALSE
16/11/23,Cyprus,Spain,1,3,UEFA Euro qualification,Limassol,Cyprus,FALSE
16/11/23,Georgia,Scotland,2,2,UEFA Euro qualification,Tbilisi,Georgia,FALSE
16/11/23,Estonia,Austria,0,2,UEFA Euro qualification,Tallinn,Estonia,FALSE
16/11/23,Azerbaijan,Sweden,3,0,UEFA Euro qualification,Baku,Azerbaijan,FALSE
16/11/23,Bulgaria,Hungary,2,2,UEFA Euro qualification,Sofia,Bulgaria,FALSE
16/11/23,Montenegro,Lithuania,2,0,UEFA Euro qualification,Podgorica,Montenegro,FALSE
16/11/23,Liechtenstein,Portugal,0,2,UEFA Euro qualification,Vaduz,Liechtenstein,FALSE
16/11/23,Luxembourg,Bosnia and Herzegovina,4,1,UEFA Euro qualification,Luxembourg,Luxembourg,FALSE
16/11/23,Slovakia,Iceland,4,2,UEFA Euro qualification,Bratislava,Slovakia,FALSE
17/11/23,Montserrat,Dominican Republic,2,1,CONCACAF Nations League,Lookout,Montserrat,FALSE
17/11/23,Barbados,Nicaragua,0,4,CONCACAF Nations League,Bridgetown,Barbados,FALSE
17/11/23,Bermuda,Saint Vincent and the Grenadines,3,1,CONCACAF Nations League,Devonshire Parish,Bermuda,FALSE
17/11/23,Belize,French Guiana,1,0,CONCACAF Nations League,Belmopan,Belize,FALSE
17/11/23,Honduras,Mexico,2,0,CONCACAF Nations League,Tegucigalpa,Honduras,FALSE
17/11/23,Burkina Faso,Guinea-Bissau,1,1,FIFA World Cup qualification,Marrakech,Morocco,TRUE
17/11/23,Eswatini,Libya,0,1,FIFA World Cup qualification,Mbombela,South Africa,TRUE
17/11/23,Cameroon,Mauritius,3,0,FIFA World Cup qualification,Douala,Cameroon,FALSE
17/11/23,Zambia,Congo,4,2,FIFA World Cup qualification,Ndola,Zambia,FALSE
17/11/23,Ivory Coast,Seychelles,9,0,FIFA World Cup qualification,Abidjan,Ivory Coast,FALSE
17/11/23,Guinea,Uganda,2,1,FIFA World Cup qualification,Berkane,Morocco,TRUE
17/11/23,Liberia,Malawi,0,1,FIFA World Cup qualification,Monrovia,Liberia,FALSE
17/11/23,Tunisia,S√£o Tom√© and Pr√≠ncipe,4,0,FIFA World Cup qualification,Rad√®s,Tunisia,FALSE
17/11/23,Comoros,Central African Republic,4,2,FIFA World Cup qualification,Moroni,Comoros,FALSE
17/11/23,Ghana,Madagascar,1,0,FIFA World Cup qualification,Kumasi,Ghana,FALSE
17/11/23,Mali,Chad,3,1,FIFA World Cup qualification,Bamako,Mali,FALSE
17/11/23,Greece,New Zealand,2,0,Friendly,Athens,Greece,FALSE
17/11/23,England,Malta,2,0,UEFA Euro qualification,London,England,FALSE
17/11/23,Italy,North Macedonia,5,2,UEFA Euro qualification,Rome,Italy,FALSE
17/11/23,Moldova,Albania,1,1,UEFA Euro qualification,Chi»ôinƒÉu,Moldova,FALSE
17/11/23,Poland,Czech Republic,1,1,UEFA Euro qualification,Warsaw,Poland,FALSE
17/11/23,Finland,Northern Ireland,4,0,UEFA Euro qualification,Helsinki,Finland,FALSE
17/11/23,Denmark,Slovenia,2,1,UEFA Euro qualification,Copenhagen,Denmark,FALSE
17/11/23,Kazakhstan,San Marino,3,1,UEFA Euro qualification,Astana,Kazakhstan,FALSE
17/11/23,Papua New Guinea,Tuvalu,3,0,Pacific Games,Honiara,Solomon Islands,TRUE
17/11/23,Solomon Islands,Samoa,1,0,Pacific Games,Honiara,Solomon Islands,FALSE
18/11/23,Antigua and Barbuda,Puerto Rico,2,3,CONCACAF Nations League,Piggotts,Antigua and Barbuda,FALSE
18/11/23,Anguilla,Bonaire,0,3,CONCACAF Nations League,The Valley,Anguilla,FALSE
18/11/23,Jamaica,Canada,1,2,CONCACAF Nations League,Kingston,Jamaica,FALSE
18/11/23,Senegal,South Sudan,4,0,FIFA World Cup qualification,Diamniadio,Senegal,FALSE
18/11/23,South Africa,Benin,2,1,FIFA World Cup qualification,Durban,South Africa,FALSE
18/11/23,Niger,Tanzania,0,1,FIFA World Cup qualification,Marrakech,Morocco,TRUE
18/11/23,Germany,Turkey,2,3,Friendly,Berlin,Germany,FALSE
18/11/23,France,Gibraltar,14,0,UEFA Euro qualification,Nice,France,FALSE
18/11/23,Netherlands,Republic of Ireland,1,0,UEFA Euro qualification,Amsterdam,Netherlands,FALSE
18/11/23,Armenia,Wales,1,1,UEFA Euro qualification,Yerevan,Armenia,FALSE
18/11/23,Latvia,Croatia,0,2,UEFA Euro qualification,Riga,Latvia,FALSE
18/11/23,Belarus,Andorra,1,0,UEFA Euro qualification,Budapest,Hungary,TRUE
18/11/23,Switzerland,Kosovo,1,1,UEFA Euro qualification,Basel,Switzerland,FALSE
18/11/23,Israel,Romania,1,2,UEFA Euro qualification,Felcs√∫t,Hungary,TRUE
18/11/23,New Caledonia,Tonga,7,0,Pacific Games,Honiara,Solomon Islands,TRUE
18/11/23,Fiji,Northern Mariana Islands,10,0,Pacific Games,Honiara,Solomon Islands,TRUE
19/11/23,Guadeloupe,Saint Kitts and Nevis,5,0,CONCACAF Nations League,Sainte-Anne,Guadeloupe,FALSE
19/11/23,Saint Lucia,Sint Maarten,1,2,CONCACAF Nations League,Gros Islet,Saint Lucia,FALSE
19/11/23,Sierra Leone,Egypt,0,2,FIFA World Cup qualification,Monrovia,Liberia,TRUE
19/11/23,Sudan,DR Congo,1,0,FIFA World Cup qualification,Benghazi,Libya,TRUE
19/11/23,Zimbabwe,Nigeria,1,1,FIFA World Cup qualification,Butare,Rwanda,TRUE
19/11/23,Burundi,Gabon,1,2,FIFA World Cup qualification,Dar es Salaam,Tanzania,TRUE
19/11/23,Mozambique,Algeria,0,2,FIFA World Cup qualification,Maputo,Mozambique,FALSE
19/11/23,Cyprus,Lithuania,1,0,Friendly,Limassol,Cyprus,FALSE
19/11/23,Scotland,Norway,3,3,UEFA Euro qualification,Glasgow,Scotland,FALSE
19/11/23,Spain,Georgia,3,1,UEFA Euro qualification,Valladolid,Spain,FALSE
19/11/23,Belgium,Azerbaijan,5,0,UEFA Euro qualification,Brussels,Belgium,FALSE
19/11/23,Sweden,Estonia,2,0,UEFA Euro qualification,Stockholm,Sweden,FALSE
19/11/23,Hungary,Montenegro,3,1,UEFA Euro qualification,Budapest,Hungary,FALSE
19/11/23,Serbia,Bulgaria,2,2,UEFA Euro qualification,Leskovac,Serbia,FALSE
19/11/23,Portugal,Iceland,2,0,UEFA Euro qualification,Lisbon,Portugal,FALSE
19/11/23,Bosnia and Herzegovina,Slovakia,1,2,UEFA Euro qualification,Zenica,Bosnia and Herzegovina,FALSE
19/11/23,Liechtenstein,Luxembourg,0,1,UEFA Euro qualification,Vaduz,Liechtenstein,FALSE
20/11/23,Montserrat,Barbados,4,2,CONCACAF Nations League,Lookout,Montserrat,FALSE
20/11/23,Aruba,Cayman Islands,5,1,CONCACAF Nations League,Oranjestad,Aruba,FALSE
20/11/23,Dominica,Turks and Caicos Islands,2,0,CONCACAF Nations League,Road Town,British Virgin Islands,TRUE
20/11/23,Panama,Costa Rica,3,1,CONCACAF Nations League,Panama City,Panama,FALSE
20/11/23,Trinidad and Tobago,United States,2,1,CONCACAF Nations League,Port of Spain,Trinidad and Tobago,FALSE
20/11/23,Djibouti,Guinea-Bissau,0,1,FIFA World Cup qualification,Cairo,Egypt,TRUE
20/11/23,Gambia,Ivory Coast,0,2,FIFA World Cup qualification,Dar es Salaam,Tanzania,TRUE
20/11/23,Seychelles,Kenya,0,5,FIFA World Cup qualification,Abidjan,Ivory Coast,TRUE
20/11/23,Liberia,Equatorial Guinea,3,0,FIFA World Cup qualification,Monrovia,Liberia,FALSE
20/11/23,Mali,Central African Republic,1,1,FIFA World Cup qualification,Bamako,Mali,FALSE
20/11/23,Chad,Madagascar,0,3,FIFA World Cup qualification,Oujda,Morocco,TRUE
20/11/23,Cura√ßao,El Salvador,1,1,Friendly,Willemstad,Cura√ßao,FALSE
20/11/23,Russia,Cuba,8,0,Friendly,Volgograd,Russia,FALSE
20/11/23,North Macedonia,England,1,1,UEFA Euro qualification,Skopje,North Macedonia,FALSE
20/11/23,Ukraine,Italy,0,0,UEFA Euro qualification,Leverkusen,Germany,TRUE
20/11/23,Albania,Faroe Islands,0,0,UEFA Euro qualification,Tirana,Albania,FALSE
20/11/23,Czech Republic,Moldova,3,0,UEFA Euro qualification,Olomouc,Czech Republic,FALSE
20/11/23,Northern Ireland,Denmark,2,0,UEFA Euro qualification,Belfast,Northern Ireland,FALSE
20/11/23,San Marino,Finland,1,2,UEFA Euro qualification,Serravalle,San Marino,FALSE
20/11/23,Slovenia,Kazakhstan,2,1,UEFA Euro qualification,Ljubljana,Slovenia,FALSE
20/11/23,Tuvalu,Vanuatu,0,6,Pacific Games,Honiara,Solomon Islands,TRUE
20/11/23,Samoa,American Samoa,10,0,Pacific Games,Honiara,Solomon Islands,TRUE
21/11/23,Nicaragua,Dominican Republic,0,0,CONCACAF Nations League,Managua,Nicaragua,FALSE
21/11/23,French Guiana,Bermuda,3,0,CONCACAF Nations League,Fort-de-France,Martinique,TRUE
21/11/23,Saint Vincent and the Grenadines,Belize,3,0,CONCACAF Nations League,Saint George's,Saint Vincent and the Grenadines,FALSE
21/11/23,Guyana,Antigua and Barbuda,6,0,CONCACAF Nations League,Santo Domingo,Dominican Republic,TRUE
21/11/23,Puerto Rico,Bahamas,6,1,CONCACAF Nations League,Bayam√≥n,Puerto Rico,FALSE
21/11/23,Bonaire,Saint Martin,0,4,CONCACAF Nations League,Rincon,Bonaire,FALSE
21/11/23,Canada,Jamaica,2,3,CONCACAF Nations League,Toronto,Canada,FALSE
21/11/23,Mexico,Honduras,2,0,CONCACAF Nations League,Mexico City,Mexico,FALSE
21/11/23,Ecuador,Chile,1,0,FIFA World Cup qualification,Quito,Ecuador,FALSE
21/11/23,Paraguay,Colombia,0,1,FIFA World Cup qualification,Asunci√≥n,Paraguay,FALSE
21/11/23,Uruguay,Bolivia,3,0,FIFA World Cup qualification,Montevideo,Uruguay,FALSE
21/11/23,Peru,Venezuela,1,1,FIFA World Cup qualification,Lima,Peru,FALSE
21/11/23,Brazil,Argentina,0,1,FIFA World Cup qualification,Rio de Janeiro,Brazil,FALSE
21/11/23,India,Qatar,0,3,FIFA World Cup qualification,Bhubaneswar,India,FALSE
21/11/23,Afghanistan,Kuwait,0,4,FIFA World Cup qualification,Dammam,Saudi Arabia,TRUE
21/11/23,Myanmar,North Korea,1,6,FIFA World Cup qualification,Yangon,Myanmar,FALSE
21/11/23,Syria,Japan,0,5,FIFA World Cup qualification,Jeddah,Saudi Arabia,TRUE
21/11/23,China PR,South Korea,0,3,FIFA World Cup qualification,Shenzhen,China PR,FALSE
21/11/23,Singapore,Thailand,1,3,FIFA World Cup qualification,Kallang,Singapore,FALSE
21/11/23,Taiwan,Malaysia,0,1,FIFA World Cup qualification,Taipei,Taiwan,FALSE
21/11/23,Kyrgyzstan,Oman,1,0,FIFA World Cup qualification,Bishkek,Kyrgyzstan,FALSE
21/11/23,Uzbekistan,Iran,2,2,FIFA World Cup qualification,Tashkent,Uzbekistan,FALSE
21/11/23,Hong Kong,Turkmenistan,2,2,FIFA World Cup qualification,Hong Kong,Hong Kong,FALSE
21/11/23,Philippines,Indonesia,1,1,FIFA World Cup qualification,Manila,Philippines,FALSE
21/11/23,Vietnam,Iraq,0,1,FIFA World Cup qualification,Hanoi,Vietnam,FALSE
21/11/23,Pakistan,Tajikistan,1,6,FIFA World Cup qualification,Islamabad,Pakistan,FALSE
21/11/23,Jordan,Saudi Arabia,0,2,FIFA World Cup qualification,Amman,Jordan,FALSE
21/11/23,Bahrain,United Arab Emirates,0,2,FIFA World Cup qualification,Riffa,Bahrain,FALSE
21/11/23,Nepal,Yemen,0,2,FIFA World Cup qualification,Kathmandu,Nepal,FALSE
21/11/23,Palestine,Australia,0,1,FIFA World Cup qualification,Kuwait City,Kuwait,TRUE
21/11/23,Bangladesh,Lebanon,1,1,FIFA World Cup qualification,Dhaka,Bangladesh,FALSE
21/11/23,Ethiopia,Burkina Faso,0,3,FIFA World Cup qualification,El Jadida,Morocco,TRUE
21/11/23,South Sudan,Mauritania,0,0,FIFA World Cup qualification,Diamniadio,Senegal,TRUE
21/11/23,Togo,Senegal,0,0,FIFA World Cup qualification,Lom√©,Togo,FALSE
21/11/23,Lesotho,Benin,0,0,FIFA World Cup qualification,Durban,South Africa,TRUE
21/11/23,Rwanda,South Africa,2,0,FIFA World Cup qualification,Butare,Rwanda,FALSE
21/11/23,Eswatini,Cape Verde,0,2,FIFA World Cup qualification,Mbombela,South Africa,TRUE
21/11/23,Libya,Cameroon,1,1,FIFA World Cup qualification,Benghazi,Libya,FALSE
21/11/23,Mauritius,Angola,0,0,FIFA World Cup qualification,Saint Pierre,Mauritius,FALSE
21/11/23,Niger,Zambia,2,1,FIFA World Cup qualification,Marrakech,Morocco,TRUE
21/11/23,Tanzania,Morocco,0,2,FIFA World Cup qualification,Dar es Salaam,Tanzania,FALSE
21/11/23,Somalia,Uganda,0,1,FIFA World Cup qualification,Berkane,Morocco,TRUE
21/11/23,Botswana,Guinea,1,0,FIFA World Cup qualification,Francistown,Botswana,FALSE
21/11/23,Malawi,Tunisia,0,1,FIFA World Cup qualification,Lilongwe,Malawi,FALSE
21/11/23,S√£o Tom√© and Pr√≠ncipe,Namibia,0,2,FIFA World Cup qualification,Agadir,Morocco,TRUE
21/11/23,Comoros,Ghana,1,0,FIFA World Cup qualification,Moroni,Comoros,FALSE
21/11/23,Austria,Germany,2,0,Friendly,Vienna,Austria,FALSE
21/11/23,Poland,Latvia,2,0,Friendly,Warsaw,Poland,FALSE
21/11/23,Republic of Ireland,New Zealand,1,1,Friendly,Dublin,Republic of Ireland,FALSE
21/11/23,Gibraltar,Netherlands,0,6,UEFA Euro qualification,Faro-Loul√©,Portugal,TRUE
21/11/23,Greece,France,2,2,UEFA Euro qualification,Athens,Greece,FALSE
21/11/23,Wales,Turkey,1,1,UEFA Euro qualification,Cardiff,Wales,FALSE
21/11/23,Croatia,Armenia,1,0,UEFA Euro qualification,Zagreb,Croatia,FALSE
21/11/23,Andorra,Israel,0,2,UEFA Euro qualification,Andorra la Vella,Andorra,FALSE
21/11/23,Kosovo,Belarus,0,1,UEFA Euro qualification,Pristina,Kosovo,FALSE
21/11/23,Romania,Switzerland,1,0,UEFA Euro qualification,Bucharest,Romania,FALSE
21/11/23,Tonga,Cook Islands,1,2,Pacific Games,Honiara,Solomon Islands,TRUE
21/11/23,Fiji,Tahiti,0,0,Pacific Games,Honiara,Solomon Islands,TRUE
23/11/23,Vanuatu,Papua New Guinea,1,1,Pacific Games,Honiara,Solomon Islands,TRUE
23/11/23,Solomon Islands,American Samoa,11,0,Pacific Games,Honiara,Solomon Islands,FALSE
24/11/23,Cook Islands,New Caledonia,0,8,Pacific Games,Honiara,Solomon Islands,TRUE
24/11/23,Northern Mariana Islands,Tahiti,0,5,Pacific Games,Honiara,Solomon Islands,TRUE
27/11/23,Northern Mariana Islands,American Samoa,4,0,Pacific Games,Honiara,Solomon Islands,TRUE
27/11/23,Tonga,Tuvalu,0,4,Pacific Games,Honiara,Solomon Islands,TRUE
27/11/23,Tahiti,Samoa,2,1,Pacific Games,Honiara,Solomon Islands,TRUE
27/11/23,Cook Islands,Papua New Guinea,0,3,Pacific Games,Solomon Islands,Solomon Islands,TRUE
28/11/23,New Caledonia,Vanuatu,1,0,Pacific Games,Solomon Islands,Solomon Islands,TRUE
28/11/23,Solomon Islands,Fiji,2,0,Pacific Games,Solomon Islands,Solomon Islands,FALSE
30/11/23,American Samoa,Tonga,2,6,Pacific Games,Solomon Islands,Solomon Islands,TRUE
30/11/23,Northern Mariana Islands,Tuvalu,1,4,Pacific Games,Solomon Islands,Solomon Islands,TRUE
30/11/23,Samoa,Cook Islands,3,0,Pacific Games,Solomon Islands,Solomon Islands,TRUE
30/11/23,Tahiti,Papua New Guinea,2,0,Pacific Games,Solomon Islands,Solomon Islands,TRUE
01/12/23,Vanuatu,Fiji,2,4,Pacific Games,Solomon Islands,Solomon Islands,TRUE
02/12/23,Solomon Islands,New Caledonia,2,2,Pacific Games,Solomon Islands,Solomon Islands,FALSE
16/12/23,Mexico,Colombia,2,3,Friendly,Los Angeles,United States,TRUE
01/01/24,Japan,Thailand,5,0,Friendly,Tokyo,Japan,FALSE
01/01/24,China PR,Hong Kong,1,2,Friendly,Abu Dhabi,United Arab Emirates,TRUE
02/01/24,Indonesia,Libya,0,4,Friendly,Antalya,Turkey,TRUE
04/01/24,Tajikistan,Hong Kong,2,1,Friendly,Abu Dhabi,United Arab Emirates,TRUE
04/01/24,Saudi Arabia,Lebanon,1,0,Friendly,Doha,Qatar,TRUE
05/01/24,Indonesia,Libya,1,2,Friendly,Antalya,Turkey,TRUE
05/01/24,Iran,Burkina Faso,2,1,Friendly,Kish,Iran,FALSE
05/01/24,Kyrgyzstan,Syria,1,1,Friendly,Abu Dhabi,United Arab Emirates,TRUE
05/01/24,Qatar,Jordan,1,2,Friendly,Al Rayyan,Qatar,FALSE
05/01/24,Togo,Algeria,0,3,Friendly,Lom√©,Togo,FALSE
06/01/24,DR Congo,Angola,0,0,Friendly,Dubai,United Arab Emirates,TRUE
06/01/24,Iraq,South Korea,0,1,Friendly,Abu Dhabi,United Arab Emirates,TRUE
06/01/24,Bahrain,Australia,0,2,Friendly,Abu Dhabi,United Arab Emirates,TRUE
06/01/24,Mozambique,Lesotho,2,0,Friendly,Johannesburg,South Africa,TRUE
06/01/24,United Arab Emirates,Oman,0,1,Friendly,Abu Dhabi,United Arab Emirates,FALSE
06/01/24,Ivory Coast,Sierra Leone,5,1,Friendly,San-P√©dro,Ivory Coast,FALSE
06/01/24,Tunisia,Mauritania,0,0,Friendly,Rad√®s,Tunisia,FALSE
06/01/24,Mali,Guinea-Bissau,6,2,Friendly,Bamako,Mali,FALSE
07/01/24,Uzbekistan,Palestine,1,0,Friendly,Doha,Qatar,TRUE
07/01/24,Egypt,Tanzania,2,0,Friendly,Cairo,Egypt,FALSE
08/01/24,Nigeria,Guinea,0,2,Friendly,Abu Dhabi,United Arab Emirates,TRUE
08/01/24,Botswana,Mozambique,1,1,Friendly,Johannesburg,South Africa,TRUE
08/01/24,Syria,Malaysia,2,2,Friendly,Doha,Qatar,TRUE
08/01/24,Senegal,Niger,1,0,Friendly,Dakar,Senegal,FALSE
08/01/24,Ghana,Namibia,0,0,Friendly,Kumasi,Ghana,FALSE
09/01/24,Japan,Jordan,6,1,Friendly,Doha,Qatar,TRUE
09/01/24,Kyrgyzstan,Vietnam,2,1,Friendly,Al Khor,Qatar,TRUE
09/01/24,Zambia,Cameroon,1,1,Friendly,Jeddah,Saudi Arabia,TRUE
09/01/24,Equatorial Guinea,Djibouti,1,1,Friendly,Malabo,Equatorial Guinea,FALSE
09/01/24,Saudi Arabia,Palestine,0,0,Friendly,Al Wakrah,Qatar,TRUE
09/01/24,Burundi,Algeria,0,4,Friendly,Lom√©,Togo,TRUE
09/01/24,Indonesia,Iran,0,5,Friendly,Al Rayyan,Qatar,TRUE
10/01/24,South Africa,Lesotho,0,0,Friendly,Pretoria,South Africa,FALSE
10/01/24,DR Congo,Burkina Faso,1,2,Friendly,Abu Dhabi,United Arab Emirates,TRUE
10/01/24,Bahrain,Angola,0,3,Friendly,Dubai,United Arab Emirates,TRUE
10/01/24,Saudi Arabia,Hong Kong,2,0,Friendly,Al Wakrah,Qatar,TRUE
10/01/24,Tunisia,Cape Verde,2,0,Friendly,Rad√®s,Tunisia,FALSE
11/01/24,Morocco,Sierra Leone,3,1,Friendly,San-P√©dro,Ivory Coast,TRUE
12/01/24,Qatar,Lebanon,3,0,AFC Asian Cup,Lusail,Qatar,FALSE
12/01/24,Kuwait,Libya,1,3,Friendly,Cairo,Egypt,TRUE
12/01/24,Sweden,Estonia,2,1,Friendly,Paphos,Cyprus,TRUE
13/01/24,China PR,Tajikistan,0,0,AFC Asian Cup,Doha,Qatar,TRUE
13/01/24,Australia,India,2,0,AFC Asian Cup,Al Rayyan,Qatar,TRUE
13/01/24,Uzbekistan,Syria,0,0,AFC Asian Cup,Doha,Qatar,TRUE
13/01/24,Ivory Coast,Guinea-Bissau,2,0,African Cup of Nations,Ebimp√©,Ivory Coast,FALSE
13/01/24,Guatemala,Iceland,0,1,Friendly,Fort Lauderdale,United States,TRUE
14/01/24,United Arab Emirates,Hong Kong,3,1,AFC Asian Cup,Al Rayyan,Qatar,TRUE
14/01/24,Iran,Palestine,4,1,AFC Asian Cup,Al Rayyan,Qatar,TRUE
14/01/24,Japan,Vietnam,4,2,AFC Asian Cup,Doha,Qatar,TRUE
14/01/24,Nigeria,Equatorial Guinea,1,1,African Cup of Nations,Ebimp√©,Ivory Coast,TRUE
14/01/24,Egypt,Mozambique,2,2,African Cup of Nations,Abidjan,Ivory Coast,TRUE
14/01/24,Ghana,Cape Verde,1,2,African Cup of Nations,Abidjan,Ivory Coast,TRUE
15/01/24,Indonesia,Iraq,1,3,AFC Asian Cup,Doha,Qatar,TRUE
15/01/24,South Korea,Bahrain,3,1,AFC Asian Cup,Doha,Qatar,TRUE
15/01/24,Malaysia,Jordan,0,4,AFC Asian Cup,Al Wakrah,Qatar,TRUE
15/01/24,Senegal,Gambia,3,0,African Cup of Nations,Yamoussoukro,Ivory Coast,TRUE
15/01/24,Cameroon,Guinea,1,1,African Cup of Nations,Yamoussoukro,Ivory Coast,TRUE
15/01/24,Algeria,Angola,1,1,African Cup of Nations,Bouak√©,Ivory Coast,TRUE
16/01/24,Thailand,Kyrgyzstan,2,0,AFC Asian Cup,Doha,Qatar,TRUE
16/01/24,Saudi Arabia,Oman,2,1,AFC Asian Cup,Al Rayyan,Qatar,TRUE
16/01/24,Burkina Faso,Mauritania,1,0,African Cup of Nations,Bouak√©,Ivory Coast,TRUE
16/01/24,Tunisia,Namibia,0,1,African Cup of Nations,Korhogo,Ivory Coast,TRUE
16/01/24,Mali,South Africa,2,0,African Cup of Nations,Korhogo,Ivory Coast,TRUE
17/01/24,Lebanon,China PR,0,0,AFC Asian Cup,Doha,Qatar,TRUE
17/01/24,Qatar,Tajikistan,1,0,AFC Asian Cup,Al Khor,Qatar,FALSE
17/01/24,Morocco,Tanzania,3,0,African Cup of Nations,San-P√©dro,Ivory Coast,TRUE
17/01/24,DR Congo,Zambia,1,1,African Cup of Nations,San-P√©dro,Ivory Coast,TRUE
17/01/24,Honduras,Iceland,0,2,Friendly,Fort Lauderdale,United States,TRUE
18/01/24,Syria,Australia,0,1,AFC Asian Cup,Doha,Qatar,TRUE
18/01/24,India,Uzbekistan,0,3,AFC Asian Cup,Al Rayyan,Qatar,TRUE
18/01/24,Palestine,United Arab Emirates,1,1,AFC Asian Cup,Al Wakrah,Qatar,TRUE
18/01/24,Equatorial Guinea,Guinea-Bissau,4,2,African Cup of Nations,Ebimp√©,Ivory Coast,TRUE
18/01/24,Ivory Coast,Nigeria,0,1,African Cup of Nations,Ebimp√©,Ivory Coast,FALSE
18/01/24,Egypt,Ghana,2,2,African Cup of Nations,Abidjan,Ivory Coast,TRUE
19/01/24,Hong Kong,Iran,0,1,AFC Asian Cup,Al Rayyan,Qatar,TRUE
19/01/24,Iraq,Japan,2,1,AFC Asian Cup,Al Rayyan,Qatar,TRUE
19/01/24,Vietnam,Indonesia,0,1,AFC Asian Cup,Doha,Qatar,TRUE
19/01/24,Cape Verde,Mozambique,3,0,African Cup of Nations,Abidjan,Ivory Coast,TRUE
19/01/24,Senegal,Cameroon,3,1,African Cup of Nations,Yamoussoukro,Ivory Coast,TRUE
19/01/24,Guinea,Gambia,1,0,African Cup of Nations,Yamoussoukro,Ivory Coast,TRUE
19/01/24,Kuwait,Uganda,0,2,Friendly,Cairo,Egypt,TRUE
20/01/24,Jordan,South Korea,2,2,AFC Asian Cup,Doha,Qatar,TRUE
20/01/24,Bahrain,Malaysia,1,0,AFC Asian Cup,Doha,Qatar,TRUE
20/01/24,Algeria,Burkina Faso,2,2,African Cup of Nations,Bouak√©,Ivory Coast,TRUE
20/01/24,Mauritania,Angola,2,3,African Cup of Nations,Bouak√©,Ivory Coast,TRUE
20/01/24,Tunisia,Mali,1,1,African Cup of Nations,Korhogo,Ivory Coast,TRUE
20/01/24,United States,Slovenia,0,1,Friendly,San Antonio,United States,FALSE
21/01/24,Oman,Thailand,0,0,AFC Asian Cup,Doha,Qatar,TRUE
21/01/24,Kyrgyzstan,Saudi Arabia,0,2,AFC Asian Cup,Al Rayyan,Qatar,TRUE
21/01/24,South Africa,Namibia,4,0,African Cup of Nations,Korhogo,Ivory Coast,TRUE
21/01/24,Morocco,DR Congo,1,1,African Cup of Nations,San-P√©dro,Ivory Coast,TRUE
21/01/24,Zambia,Tanzania,1,1,African Cup of Nations,San-P√©dro,Ivory Coast,TRUE
22/01/24,Qatar,China PR,1,0,AFC Asian Cup,Al Rayyan,Qatar,FALSE
22/01/24,Tajikistan,Lebanon,2,1,AFC Asian Cup,Doha,Qatar,TRUE
22/01/24,Guinea-Bissau,Nigeria,0,1,African Cup of Nations,Abidjan,Ivory Coast,TRUE
22/01/24,Ivory Coast,Equatorial Guinea,0,4,African Cup of Nations,Ebimp√©,Ivory Coast,FALSE
22/01/24,Cape Verde,Egypt,2,2,African Cup of Nations,Abidjan,Ivory Coast,TRUE
22/01/24,Mozambique,Ghana,2,2,African Cup of Nations,Ebimp√©,Ivory Coast,TRUE
23/01/24,Australia,Uzbekistan,1,1,AFC Asian Cup,Al Wakrah,Qatar,TRUE
23/01/24,Syria,India,1,0,AFC Asian Cup,Al Khor,Qatar,TRUE
23/01/24,Hong Kong,Palestine,0,3,AFC Asian Cup,Doha,Qatar,TRUE
23/01/24,Iran,United Arab Emirates,2,1,AFC Asian Cup,Al Rayyan,Qatar,TRUE
23/01/24,Gambia,Cameroon,2,3,African Cup of Nations,Bouak√©,Ivory Coast,TRUE
23/01/24,Guinea,Senegal,0,2,African Cup of Nations,Yamoussoukro,Ivory Coast,TRUE
23/01/24,Angola,Burkina Faso,2,0,African Cup of Nations,Yamoussoukro,Ivory Coast,TRUE
23/01/24,Mauritania,Algeria,1,0,African Cup of Nations,Bouak√©,Ivory Coast,TRUE
24/01/24,Iraq,Vietnam,3,2,AFC Asian Cup,Doha,Qatar,TRUE
24/01/24,Japan,Indonesia,3,1,AFC Asian Cup,Doha,Qatar,TRUE
24/01/24,Namibia,Mali,0,0,African Cup of Nations,San-P√©dro,Ivory Coast,TRUE
24/01/24,South Africa,Tunisia,0,0,African Cup of Nations,Korhogo,Ivory Coast,TRUE
24/01/24,Tanzania,DR Congo,0,0,African Cup of Nations,Korhogo,Ivory Coast,TRUE
24/01/24,Zambia,Morocco,0,1,African Cup of Nations,San-P√©dro,Ivory Coast,TRUE
25/01/24,Jordan,Bahrain,0,1,AFC Asian Cup,Al Rayyan,Qatar,TRUE
25/01/24,South Korea,Malaysia,3,3,AFC Asian Cup,Al Wakrah,Qatar,TRUE
25/01/24,Kyrgyzstan,Oman,1,1,AFC Asian Cup,Doha,Qatar,TRUE
25/01/24,Saudi Arabia,Thailand,0,0,AFC Asian Cup,Al Rayyan,Qatar,TRUE
27/01/24,Angola,Namibia,3,0,African Cup of Nations,Bouak√©,Ivory Coast,TRUE
27/01/24,Nigeria,Cameroon,2,0,African Cup of Nations,Abidjan,Ivory Coast,TRUE
28/01/24,Australia,Indonesia,4,0,AFC Asian Cup,Doha,Qatar,TRUE
28/01/24,Tajikistan,United Arab Emirates,1,1,AFC Asian Cup,Al Rayyan,Qatar,TRUE
28/01/24,Egypt,DR Congo,1,1,African Cup of Nations,San-P√©dro,Ivory Coast,TRUE
28/01/24,Equatorial Guinea,Guinea,0,1,African Cup of Nations,Ebimp√©,Ivory Coast,TRUE
29/01/24,Iraq,Jordan,2,3,AFC Asian Cup,Al Rayyan,Qatar,TRUE
29/01/24,Qatar,Palestine,2,1,AFC Asian Cup,Al Khor,Qatar,FALSE
29/01/24,Cape Verde,Mauritania,1,0,African Cup of Nations,Abidjan,Ivory Coast,TRUE
29/01/24,Ivory Coast,Senegal,1,1,African Cup of Nations,Yamoussoukro,Ivory Coast,FALSE
30/01/24,Saudi Arabia,South Korea,1,1,AFC Asian Cup,Al Rayyan,Qatar,TRUE
30/01/24,Uzbekistan,Thailand,2,1,AFC Asian Cup,Al Wakrah,Qatar,TRUE
30/01/24,Mali,Burkina Faso,2,1,African Cup of Nations,Korhogo,Ivory Coast,TRUE
30/01/24,Morocco,South Africa,0,2,African Cup of Nations,San-P√©dro,Ivory Coast,TRUE
31/01/24,Bahrain,Japan,1,3,AFC Asian Cup,Doha,Qatar,TRUE
31/01/24,Iran,Syria,1,1,AFC Asian Cup,Doha,Qatar,TRUE
02/02/24,Australia,South Korea,1,2,AFC Asian Cup,Al Wakrah,Qatar,TRUE
02/02/24,Tajikistan,Jordan,0,1,AFC Asian Cup,Al Rayyan,Qatar,TRUE
02/02/24,DR Congo,Guinea,3,1,African Cup of Nations,Ebimp√©,Ivory Coast,TRUE
02/02/24,Nigeria,Angola,1,0,African Cup of Nations,Abidjan,Ivory Coast,TRUE
03/02/24,Iran,Japan,2,1,AFC Asian Cup,Al Rayyan,Qatar,TRUE
03/02/24,Qatar,Uzbekistan,1,1,AFC Asian Cup,Al Khor,Qatar,FALSE
03/02/24,Cape Verde,South Africa,0,0,African Cup of Nations,Yamoussoukro,Ivory Coast,TRUE
03/02/24,Ivory Coast,Mali,2,1,African Cup of Nations,Bouak√©,Ivory Coast,FALSE
03/02/24,Costa Rica,El Salvador,2,0,Friendly,San Jos√©,Costa Rica,FALSE
06/02/24,Jordan,South Korea,2,0,AFC Asian Cup,Al Rayyan,Qatar,TRUE
07/02/24,Qatar,Iran,3,2,AFC Asian Cup,Doha,Qatar,FALSE
07/02/24,Ivory Coast,DR Congo,1,0,African Cup of Nations,Ebimp√©,Ivory Coast,FALSE
07/02/24,Nigeria,South Africa,1,1,African Cup of Nations,Bouak√©,Ivory Coast,TRUE
10/02/24,Qatar,Jordan,3,1,AFC Asian Cup,Lusail,Qatar,FALSE
10/02/24,South Africa,DR Congo,0,0,African Cup of Nations,Abidjan,Ivory Coast,TRUE
11/02/24,Ivory Coast,Nigeria,2,1,African Cup of Nations,Ebimp√©,Ivory Coast,FALSE
01/03/24,Trinidad and Tobago,Jamaica,0,1,Friendly,Port of Spain,Trinidad and Tobago,FALSE
03/03/24,Trinidad and Tobago,Jamaica,0,0,Friendly,Arima,Trinidad and Tobago,FALSE
14/03/24,Kazakhstan,Turkmenistan,2,0,Friendly,Dubai,United Arab Emirates,TRUE
18/03/24,Solomon Islands,Fiji,2,1,Friendly,Honiara,Solomon Islands,FALSE
20/03/24,Bonaire,El Salvador,1,1,Friendly,"Washington, D.C.",United States,TRUE
20/03/24,San Marino,Saint Kitts and Nevis,1,3,Friendly,Serravalle,San Marino,FALSE
20/03/24,Djibouti,Liberia,0,2,African Cup of Nations qualification,Marrakech,Morocco,TRUE
20/03/24,Somalia,Eswatini,0,3,African Cup of Nations qualification,El Jadida,Morocco,TRUE
20/03/24,Tonga,Samoa,1,4,Oceania Nations Cup qualification,Nuku'alofa,Tonga,FALSE
21/03/24,South Africa,Andorra,1,1,FIFA Series,Annaba,Algeria,TRUE
21/03/24,Cape Verde,Guyana,1,0,FIFA Series,Jeddah,Saudi Arabia,TRUE
21/03/24,Guinea,Vanuatu,6,0,FIFA Series,Jeddah,Saudi Arabia,TRUE
21/03/24,Panama,Mexico,0,3,CONCACAF Nations League,Arlington,United States,TRUE
21/03/24,United States,Jamaica,3,1,CONCACAF Nations League,Arlington,United States,FALSE
21/03/24,Gibraltar,Lithuania,0,1,UEFA Nations League,Faro-Loul√©,Portugal,TRUE
21/03/24,Poland,Estonia,5,1,UEFA Euro qualification,Warsaw,Poland,FALSE
21/03/24,Wales,Finland,4,1,UEFA Euro qualification,Cardiff,Wales,FALSE
21/03/24,Israel,Iceland,1,4,UEFA Euro qualification,Budapest,Hungary,TRUE
21/03/24,Bosnia and Herzegovina,Ukraine,1,2,UEFA Euro qualification,Zenica,Bosnia and Herzegovina,FALSE
21/03/24,Georgia,Luxembourg,2,0,UEFA Euro qualification,Tbilisi,Georgia,FALSE
21/03/24,Greece,Kazakhstan,5,0,UEFA Euro qualification,Athens,Greece,FALSE
21/03/24,Qatar,Kuwait,3,0,FIFA World Cup qualification,Doha,Qatar,FALSE
21/03/24,Afghanistan,India,0,0,FIFA World Cup qualification,Abha,Saudi Arabia,TRUE
21/03/24,Myanmar,Syria,1,1,FIFA World Cup qualification,Yangon,Myanmar,FALSE
21/03/24,Japan,North Korea,1,0,FIFA World Cup qualification,Tokyo,Japan,FALSE
21/03/24,South Korea,Thailand,1,1,FIFA World Cup qualification,Seoul,South Korea,FALSE
21/03/24,Singapore,China PR,2,2,FIFA World Cup qualification,Kallang,Singapore,FALSE
21/03/24,Taiwan,Kyrgyzstan,0,2,FIFA World Cup qualification,Taipei,Taiwan,FALSE
21/03/24,Oman,Malaysia,2,0,FIFA World Cup qualification,Muscat,Oman,FALSE
21/03/24,Iran,Turkmenistan,5,0,FIFA World Cup qualification,Tehran,Iran,FALSE
21/03/24,Hong Kong,Uzbekistan,0,2,FIFA World Cup qualification,Hong Kong,Hong Kong,FALSE
21/03/24,Indonesia,Vietnam,1,0,FIFA World Cup qualification,Jakarta,Indonesia,FALSE
21/03/24,Iraq,Philippines,1,0,FIFA World Cup qualification,Basra,Iraq,FALSE
21/03/24,Pakistan,Jordan,0,3,FIFA World Cup qualification,Islamabad,Pakistan,FALSE
21/03/24,Saudi Arabia,Tajikistan,1,0,FIFA World Cup qualification,Riyadh,Saudi Arabia,FALSE
21/03/24,Bahrain,Nepal,5,0,FIFA World Cup qualification,Riffa,Bahrain,FALSE
21/03/24,United Arab Emirates,Yemen,2,1,FIFA World Cup qualification,Abu Dhabi,United Arab Emirates,FALSE
21/03/24,Australia,Lebanon,2,0,FIFA World Cup qualification,Sydney,Australia,FALSE
21/03/24,Palestine,Bangladesh,5,0,FIFA World Cup qualification,Kuwait City,Kuwait,TRUE
21/03/24,Belize,Puerto Rico,1,1,Friendly,Belmopan,Belize,FALSE
21/03/24,Cyprus,Latvia,1,1,Friendly,Larnaca,Cyprus,FALSE
21/03/24,Ecuador,Guatemala,2,0,Friendly,Harrison,United States,TRUE
21/03/24,Ethiopia,Lesotho,1,2,Friendly,Addis Ababa,Ethiopia,FALSE
21/03/24,Malta,Slovenia,2,2,Friendly,Ta' Qali,Malta,FALSE
21/03/24,Montenegro,Belarus,2,0,Friendly,Antalya,Turkey,TRUE
21/03/24,Portugal,Sweden,5,2,Friendly,Guimar√£es,Portugal,FALSE
21/03/24,Solomon Islands,Fiji,0,2,Friendly,Honiara,Solomon Islands,FALSE
21/03/24,Venezuela,Italy,1,2,Friendly,Fort Lauderdale,United States,TRUE
22/03/24,Algeria,Bolivia,3,2,FIFA Series,Algiers,Algeria,FALSE
22/03/24,Azerbaijan,Mongolia,1,0,FIFA Series,Baku,Azerbaijan,FALSE
22/03/24,Bulgaria,Tanzania,1,0,FIFA Series,Baku,Azerbaijan,TRUE
22/03/24,Egypt,New Zealand,1,0,FIFA Series,Cairo,Egypt,FALSE
22/03/24,Equatorial Guinea,Cambodia,2,0,FIFA Series,Jeddah,Saudi Arabia,TRUE
22/03/24,Brunei,Bermuda,0,2,FIFA Series,Jeddah,Saudi Arabia,TRUE
22/03/24,Central African Republic,Bhutan,6,0,FIFA Series,Colombo,Sri Lanka,TRUE
22/03/24,Sri Lanka,Papua New Guinea,0,0,FIFA Series,Colombo,Sri Lanka,FALSE
22/03/24,Anguilla,Turks and Caicos Islands,0,0,FIFA World Cup qualification,The Valley,Anguilla,FALSE
22/03/24,United States Virgin Islands,British Virgin Islands,1,1,FIFA World Cup qualification,Saint Croix,United States Virgin Islands,FALSE
22/03/24,Albania,Chile,0,3,Friendly,Parma,Italy,TRUE
22/03/24,Argentina,El Salvador,3,0,Friendly,Philadelphia,United States,TRUE
22/03/24,Armenia,Kosovo,0,1,Friendly,Yerevan,Armenia,FALSE
22/03/24,Burkina Faso,Libya,1,2,Friendly,Casablanca,Morocco,TRUE
22/03/24,Comoros,Uganda,4,0,Friendly,Marrakech,Morocco,TRUE
22/03/24,Hungary,Turkey,1,0,Friendly,Budapest,Hungary,FALSE
22/03/24,Liechtenstein,Faroe Islands,0,4,Friendly,San Pedro Alc√°ntara,Spain,TRUE
22/03/24,Mauritania,Mali,0,2,Friendly,Marrakech,Morocco,TRUE
22/03/24,Morocco,Angola,1,0,Friendly,Agadir,Morocco,FALSE
22/03/24,Netherlands,Scotland,4,0,Friendly,Amsterdam,Netherlands,FALSE
22/03/24,Niger,Togo,1,2,Friendly,Mohammedia,Morocco,TRUE
22/03/24,Nigeria,Ghana,2,1,Friendly,Marrakech,Morocco,TRUE
22/03/24,North Macedonia,Moldova,1,1,Friendly,Antalya,Turkey,TRUE
22/03/24,Norway,Czech Republic,1,2,Friendly,Oslo,Norway,FALSE
22/03/24,Peru,Nicaragua,2,0,Friendly,Lima,Peru,FALSE
22/03/24,Romania,Northern Ireland,1,1,Friendly,Bucharest,Romania,FALSE
22/03/24,Senegal,Gabon,3,0,Friendly,Amiens,France,TRUE
22/03/24,Spain,Colombia,0,1,Friendly,London,England,TRUE
22/03/24,Chad,Mauritius,1,0,African Cup of Nations qualification,Yaound√©,Cameroon,TRUE
22/03/24,S√£o Tom√© and Pr√≠ncipe,South Sudan,1,1,African Cup of Nations qualification,Berkane,Morocco,TRUE
23/03/24,Tunisia,Croatia,0,0,FIFA Series,Cairo,Egypt,TRUE
23/03/24,Canada,Trinidad and Tobago,2,0,Copa Am√©rica qualification,Frisco,United States,TRUE
23/03/24,Costa Rica,Honduras,3,1,Copa Am√©rica qualification,Frisco,United States,TRUE
23/03/24,Denmark,Switzerland,0,0,Friendly,Copenhagen,Denmark,FALSE
23/03/24,Dominican Republic,Aruba,2,0,Friendly,Santiago de los Caballeros,Dominican Republic,FALSE
23/03/24,England,Brazil,0,1,Friendly,London,England,FALSE
23/03/24,France,Germany,0,2,Friendly,Lyon,France,FALSE
23/03/24,Ivory Coast,Benin,2,2,Friendly,Amiens,France,TRUE
23/03/24,Republic of Ireland,Belgium,0,0,Friendly,Dublin,Republic of Ireland,FALSE
23/03/24,Slovakia,Austria,0,2,Friendly,Bratislava,Slovakia,FALSE
23/03/24,Samoa,Cook Islands,1,0,Oceania Nations Cup qualification,Nuku'alofa,Tonga,TRUE
24/03/24,Jamaica,Panama,1,0,CONCACAF Nations League,Arlington,United States,TRUE
24/03/24,United States,Mexico,2,0,CONCACAF Nations League,Arlington,United States,FALSE
24/03/24,Belize,Puerto Rico,3,0,Friendly,Belmopan,Belize,FALSE
24/03/24,Ecuador,Italy,0,2,Friendly,Harrison,United States,TRUE
24/03/24,Ethiopia,Lesotho,2,1,Friendly,Addis Ababa,Ethiopia,FALSE
24/03/24,Guatemala,Venezuela,0,0,Friendly,Houston,United States,TRUE
24/03/24,San Marino,Saint Kitts and Nevis,0,0,Friendly,Serravalle,San Marino,FALSE
24/03/24,Suriname,Martinique,1,1,Friendly,Almere,Netherlands,TRUE
25/03/24,Bolivia,Andorra,1,0,FIFA Series,Annaba,Algeria,TRUE
25/03/24,Azerbaijan,Bulgaria,1,1,FIFA Series,Baku,Azerbaijan,FALSE
25/03/24,Tanzania,Mongolia,3,0,FIFA Series,Baku,Azerbaijan,TRUE
25/03/24,Cape Verde,Equatorial Guinea,1,0,FIFA Series,Jeddah,Saudi Arabia,TRUE
25/03/24,Bermuda,Guinea,1,5,FIFA Series,Jeddah,Saudi Arabia,TRUE
25/03/24,Central African Republic,Papua New Guinea,4,0,FIFA Series,Colombo,Sri Lanka,TRUE
25/03/24,Sri Lanka,Bhutan,2,0,FIFA Series,Colombo,Sri Lanka,FALSE
25/03/24,Comoros,Angola,0,0,Friendly,Marrakech,Morocco,TRUE
25/03/24,Cyprus,Serbia,0,1,Friendly,Larnaca,Cyprus,FALSE
25/03/24,Gabon,Congo,1,1,Friendly,Chambly,France,TRUE
25/03/24,Montenegro,North Macedonia,1,0,Friendly,Antalya,Turkey,TRUE
25/03/24,Sweden,Albania,1,0,Friendly,Stockholm,Sweden,FALSE
26/03/24,Algeria,South Africa,3,3,FIFA Series,Algiers,Algeria,FALSE
26/03/24,Egypt,Croatia,2,4,FIFA Series,Cairo,Egypt,FALSE
26/03/24,New Zealand,Tunisia,0,0,FIFA Series,Cairo,Egypt,TRUE
26/03/24,Cambodia,Guyana,1,4,FIFA Series,Jeddah,Saudi Arabia,TRUE
26/03/24,Brunei,Vanuatu,3,2,FIFA Series,Jeddah,Saudi Arabia,TRUE
26/03/24,Lithuania,Gibraltar,1,0,UEFA Nations League,Kaunas,Lithuania,FALSE
26/03/24,Wales,Poland,0,0,UEFA Euro qualification,Cardiff,Wales,FALSE
26/03/24,Ukraine,Iceland,2,1,UEFA Euro qualification,Wroc≈Çaw,Poland,TRUE
26/03/24,Georgia,Greece,0,0,UEFA Euro qualification,Tbilisi,Georgia,FALSE
26/03/24,India,Afghanistan,1,2,FIFA World Cup qualification,Guwahati,India,FALSE
26/03/24,Kuwait,Qatar,1,2,FIFA World Cup qualification,Al Farwaniyah,Kuwait,FALSE
26/03/24,Syria,Myanmar,7,0,FIFA World Cup qualification,Dammam,Saudi Arabia,TRUE
26/03/24,Thailand,South Korea,0,3,FIFA World Cup qualification,Bangkok,Thailand,FALSE
26/03/24,China PR,Singapore,4,1,FIFA World Cup qualification,Tianjin,China PR,FALSE
26/03/24,Kyrgyzstan,Taiwan,5,1,FIFA World Cup qualification,Bishkek,Kyrgyzstan,FALSE
26/03/24,Malaysia,Oman,0,2,FIFA World Cup qualification,Kuala Lumpur,Malaysia,FALSE
26/03/24,Uzbekistan,Hong Kong,3,0,FIFA World Cup qualification,Tashkent,Uzbekistan,FALSE
26/03/24,Turkmenistan,Iran,0,1,FIFA World Cup qualification,Ashgabat,Turkmenistan,FALSE
26/03/24,Philippines,Iraq,0,5,FIFA World Cup qualification,Manila,Philippines,FALSE
26/03/24,Vietnam,Indonesia,0,3,FIFA World Cup qualification,Hanoi,Vietnam,FALSE
26/03/24,Tajikistan,Saudi Arabia,1,1,FIFA World Cup qualification,Dushanbe,Tajikistan,FALSE
26/03/24,Jordan,Pakistan,7,0,FIFA World Cup qualification,Amman,Jordan,FALSE
26/03/24,Bahrain,Nepal,3,0,FIFA World Cup qualification,Riffa,Bahrain,FALSE
26/03/24,Yemen,United Arab Emirates,0,3,FIFA World Cup qualification,Khobar,Saudi Arabia,TRUE
26/03/24,Bangladesh,Palestine,0,1,FIFA World Cup qualification,Dhaka,Bangladesh,FALSE
26/03/24,Australia,Lebanon,5,0,FIFA World Cup qualification,Canberra,Australia,FALSE
26/03/24,British Virgin Islands,United States Virgin Islands,0,0,FIFA World Cup qualification,Road Town,British Virgin Islands,FALSE
26/03/24,Turks and Caicos Islands,Anguilla,1,1,FIFA World Cup qualification,Providenciales,Turks and Caicos Islands,FALSE
26/03/24,Argentina,Costa Rica,3,1,Friendly,Los Angeles,United States,TRUE
26/03/24,Austria,Turkey,6,1,Friendly,Vienna,Austria,FALSE
26/03/24,Colombia,Romania,3,2,Friendly,Madrid,Spain,TRUE
26/03/24,Czech Republic,Armenia,2,1,Friendly,Prague,Czech Republic,FALSE
26/03/24,Denmark,Faroe Islands,2,0,Friendly,Brondbyvester,Denmark,FALSE
26/03/24,El Salvador,Honduras,1,1,Friendly,Los Angeles,United States,TRUE
26/03/24,England,Belgium,2,2,Friendly,London,England,FALSE
26/03/24,France,Chile,3,2,Friendly,Marseille,France,FALSE
26/03/24,Germany,Netherlands,2,1,Friendly,Frankfurt,Germany,FALSE
26/03/24,Hungary,Kosovo,2,0,Friendly,Budapest,Hungary,FALSE
26/03/24,Ivory Coast,Uruguay,2,1,Friendly,Lens,France,TRUE
26/03/24,Latvia,Liechtenstein,1,1,Friendly,Larnaca,Cyprus,TRUE
26/03/24,Malta,Belarus,0,0,Friendly,Ta' Qali,Malta,FALSE
26/03/24,Morocco,Mauritania,0,0,Friendly,Agadir,Morocco,FALSE
26/03/24,Nicaragua,Cuba,0,1,Friendly,Managua,Nicaragua,FALSE
26/03/24,Norway,Slovakia,1,1,Friendly,Oslo,Norway,FALSE
26/03/24,Peru,Dominican Republic,4,1,Friendly,Lima,Peru,FALSE
26/03/24,Republic of Ireland,Switzerland,0,1,Friendly,Dublin,Republic of Ireland,FALSE
26/03/24,Scotland,Northern Ireland,0,1,Friendly,Glasgow,Scotland,FALSE
26/03/24,Senegal,Benin,1,0,Friendly,Amiens,France,TRUE
26/03/24,Slovenia,Portugal,2,0,Friendly,Ljubljana,Slovenia,FALSE
26/03/24,Spain,Brazil,3,3,Friendly,Madrid,Spain,FALSE
26/03/24,Finland,Estonia,2,1,Friendly,Helsinki,Finland,FALSE
26/03/24,Liberia,Djibouti,0,0,African Cup of Nations qualification,Monrovia,Liberia,FALSE
26/03/24,Eswatini,Somalia,2,2,African Cup of Nations qualification,Mbombela,South Africa,TRUE
26/03/24,Mauritius,Chad,1,2,African Cup of Nations qualification,Saint Pierre,Mauritius,FALSE
26/03/24,South Sudan,S√£o Tom√© and Pr√≠ncipe,0,0,African Cup of Nations qualification,Berkane,Morocco,TRUE
26/03/24,Tonga,Cook Islands,0,1,Oceania Nations Cup qualification,Nuku'alofa,Tonga,FALSE
06/04/24,Northern Mariana Islands,Guam,2,2,Marianas Cup,Koblerville,Northern Mariana Islands,FALSE
07/04/24,Northern Mariana Islands,Guam,2,1,Marianas Cup,Koblerville,Northern Mariana Islands,FALSE
14/04/24,Trinidad and Tobago,Guyana,2,1,Friendly,Port of Spain,Trinidad and Tobago,FALSE
16/04/24,Trinidad and Tobago,Guyana,2,0,Friendly,Port of Spain,Trinidad and Tobago,FALSE
26/04/24,Grenada,Saint Vincent and the Grenadines,0,3,Friendly,Carriacou,Grenada,FALSE
26/04/24,Guatemala,Nicaragua,1,1,Friendly,San Jose,United States,TRUE
31/05/24,Bolivia,Mexico,0,1,Friendly,Chicago,United States,TRUE
31/05/24,Costa Rica,Uruguay,0,0,Friendly,San Jos√©,Costa Rica,FALSE
01/06/24,Greenland,Turkmenistan,0,5,Friendly,Antalya,Turkey,TRUE
02/06/24,Indonesia,Tanzania,0,0,Friendly,Jakarta,Indonesia,FALSE
03/06/24,Albania,Liechtenstein,3,0,Friendly,Szombathely,Hungary,TRUE
03/06/24,Croatia,North Macedonia,3,0,Friendly,Rijeka,Croatia,FALSE
03/06/24,England,Bosnia and Herzegovina,3,0,Friendly,Newcastle,England,FALSE
03/06/24,Germany,Ukraine,0,0,Friendly,Nuremberg,Germany,FALSE
03/06/24,Gibraltar,Scotland,0,2,Friendly,Faro-Loul√©,Portugal,TRUE
04/06/24,Austria,Serbia,2,1,Friendly,Vienna,Austria,FALSE
04/06/24,Italy,Turkey,0,0,Friendly,Bologna,Italy,FALSE
04/06/24,Portugal,Finland,4,2,Friendly,Lisbon,Portugal,FALSE
04/06/24,Republic of Ireland,Hungary,2,1,Friendly,Dublin,Republic of Ireland,FALSE
04/06/24,Romania,Bulgaria,0,0,Friendly,Bucharest,Romania,FALSE
04/06/24,Slovenia,Armenia,2,1,Friendly,Ljubljana,Slovenia,FALSE
04/06/24,Switzerland,Estonia,4,0,Friendly,Lucerne,Switzerland,FALSE
05/06/24,Belgium,Montenegro,2,0,Friendly,Brussels,Belgium,FALSE
05/06/24,Denmark,Sweden,2,1,Friendly,Copenhagen,Denmark,FALSE
05/06/24,France,Luxembourg,3,0,Friendly,Metz,France,FALSE
05/06/24,Mexico,Uruguay,0,4,Friendly,Denver,United States,TRUE
05/06/24,Norway,Kosovo,3,0,Friendly,Oslo,Norway,FALSE
05/06/24,San Marino,Slovakia,0,4,Friendly,Wiener Neustadt,Austria,TRUE
05/06/24,Spain,Andorra,5,0,Friendly,Badajoz,Spain,FALSE
05/06/24,Sierra Leone,Djibouti,2,1,FIFA World Cup qualification,El Jadida,Morocco,TRUE
05/06/24,Togo,South Sudan,1,1,FIFA World Cup qualification,Lom√©,Togo,FALSE
05/06/24,Namibia,Liberia,1,1,FIFA World Cup qualification,Johannesburg,South Africa,TRUE
05/06/24,Tunisia,Equatorial Guinea,1,0,FIFA World Cup qualification,Rad√®s,Tunisia,FALSE
05/06/24,Central African Republic,Chad,1,0,FIFA World Cup qualification,Oujda,Morocco,TRUE
05/06/24,Antigua and Barbuda,Bermuda,1,1,FIFA World Cup qualification,Piggotts,Antigua and Barbuda,FALSE
05/06/24,Trinidad and Tobago,Grenada,2,2,FIFA World Cup qualification,Port of Spain,Trinidad and Tobago,FALSE
05/06/24,Cura√ßao,Barbados,4,1,FIFA World Cup qualification,Willemstad,Cura√ßao,FALSE
05/06/24,Nicaragua,Montserrat,4,1,FIFA World Cup qualification,Managua,Nicaragua,FALSE
05/06/24,Guatemala,Dominica,6,0,FIFA World Cup qualification,Guatemala City,Guatemala,FALSE
05/06/24,Suriname,Saint Vincent and the Grenadines,4,1,FIFA World Cup qualification,Paramaribo,Suriname,FALSE
06/06/24,Gibraltar,Wales,0,0,Friendly,Faro-Loul√©,Portugal,TRUE
06/06/24,Netherlands,Canada,4,0,Friendly,Rotterdam,Netherlands,FALSE
06/06/24,Guinea-Bissau,Ethiopia,0,0,FIFA World Cup qualification,Bissau,Guinea-Bissau,FALSE
06/06/24,Egypt,Burkina Faso,2,1,FIFA World Cup qualification,Cairo,Egypt,FALSE
06/06/24,Mauritania,Sudan,0,2,FIFA World Cup qualification,Nouakchott,Mauritania,FALSE
06/06/24,Senegal,DR Congo,1,1,FIFA World Cup qualification,Diamniadio,Senegal,FALSE
06/06/24,Benin,Rwanda,1,0,FIFA World Cup qualification,Abidjan,Ivory Coast,TRUE
06/06/24,Libya,Mauritius,2,1,FIFA World Cup qualification,Benghazi,Libya,FALSE
06/06/24,Algeria,Guinea,1,2,FIFA World Cup qualification,Algiers,Algeria,FALSE
06/06/24,Malawi,S√£o Tom√© and Pr√≠ncipe,3,1,FIFA World Cup qualification,Lilongwe,Malawi,FALSE
06/06/24,Mali,Ghana,1,2,FIFA World Cup qualification,Bamako,Mali,FALSE
06/06/24,Afghanistan,Qatar,0,0,FIFA World Cup qualification,Al Hofuf,Saudi Arabia,TRUE
06/06/24,India,Kuwait,0,0,FIFA World Cup qualification,Kolkota,India,FALSE
06/06/24,Myanmar,Japan,0,5,FIFA World Cup qualification,Yangon,Myanmar,FALSE
06/06/24,North Korea,Syria,1,0,FIFA World Cup qualification,Vientiane,Laos,TRUE
06/06/24,China PR,Thailand,1,1,FIFA World Cup qualification,Shenyang,China PR,FALSE
06/06/24,Singapore,South Korea,0,7,FIFA World Cup qualification,Kallang,Singapore,FALSE
06/06/24,Taiwan,Oman,0,3,FIFA World Cup qualification,Taipei,Taiwan,FALSE
06/06/24,Kyrgyzstan,Malaysia,1,1,FIFA World Cup qualification,Bishkek,Kyrgyzstan,FALSE
06/06/24,Uzbekistan,Turkmenistan,3,1,FIFA World Cup qualification,Tashkent,Uzbekistan,FALSE
06/06/24,Hong Kong,Iran,2,4,FIFA World Cup qualification,Hong Kong,Hong Kong,FALSE
06/06/24,Indonesia,Iraq,0,2,FIFA World Cup qualification,Jakarta,Indonesia,FALSE
06/06/24,Vietnam,Philippines,3,2,FIFA World Cup qualification,Hanoi,Vietnam,FALSE
06/06/24,Jordan,Tajikistan,3,0,FIFA World Cup qualification,Amman,Jordan,FALSE
06/06/24,Pakistan,Saudi Arabia,0,3,FIFA World Cup qualification,Islamabad,Pakistan,FALSE
06/06/24,Nepal,United Arab Emirates,0,4,FIFA World Cup qualification,Dammam,Saudi Arabia,TRUE
06/06/24,Bahrain,Yemen,0,0,FIFA World Cup qualification,Riffa,Bahrain,FALSE
06/06/24,Bangladesh,Australia,0,2,FIFA World Cup qualification,Dhaka,Bangladesh,FALSE
06/06/24,Palestine,Lebanon,0,0,FIFA World Cup qualification,Doha,Qatar,TRUE
06/06/24,Honduras,Cuba,3,1,FIFA World Cup qualification,Tegucigalpa,Honduras,FALSE
06/06/24,Costa Rica,Saint Kitts and Nevis,4,0,FIFA World Cup qualification,San Jos√©,Costa Rica,FALSE
06/06/24,Haiti,Saint Lucia,2,1,FIFA World Cup qualification,Bridgetown,Barbados,TRUE
06/06/24,Panama,Guyana,2,0,FIFA World Cup qualification,Panama City,Panama,FALSE
06/06/24,Jamaica,Dominican Republic,1,0,FIFA World Cup qualification,Kingston,Jamaica,FALSE
06/06/24,El Salvador,Puerto Rico,0,0,FIFA World Cup qualification,San Salvador,El Salvador,FALSE
07/06/24,Albania,Azerbaijan,3,1,Friendly,Szombathely,Hungary,TRUE
07/06/24,Armenia,Kazakhstan,2,1,Friendly,Yerevan,Armenia,FALSE
07/06/24,Belarus,Russia,0,4,Friendly,Minsk,Belarus,FALSE
07/06/24,Cambodia,Mongolia,2,0,Friendly,Phnom Penh,Cambodia,FALSE
07/06/24,Czech Republic,Malta,7,1,Friendly,Gr√∂dig,Austria,TRUE
07/06/24,England,Iceland,0,1,Friendly,London,England,FALSE
07/06/24,Germany,Greece,2,1,Friendly,M√∂nchengladbach,Germany,FALSE
07/06/24,Peru,Paraguay,0,0,Friendly,Lima,Peru,FALSE
07/06/24,Poland,Ukraine,3,1,Friendly,Warsaw,Poland,FALSE
07/06/24,Romania,Liechtenstein,0,0,Friendly,Bucharest,Romania,FALSE
07/06/24,Scotland,Finland,2,2,Friendly,Glasgow,Scotland,FALSE
07/06/24,Zimbabwe,Lesotho,0,2,FIFA World Cup qualification,Johannesburg,South Africa,TRUE
07/06/24,Nigeria,South Africa,1,1,FIFA World Cup qualification,Uyo,Nigeria,FALSE
07/06/24,Angola,Eswatini,1,0,FIFA World Cup qualification,Luanda,Angola,FALSE
07/06/24,Morocco,Zambia,2,1,FIFA World Cup qualification,Agadir,Morocco,FALSE
07/06/24,Kenya,Burundi,1,1,FIFA World Cup qualification,Lilongwe,Malawi,TRUE
07/06/24,Ivory Coast,Gabon,1,0,FIFA World Cup qualification,Korhogo,Ivory Coast,FALSE
07/06/24,Mozambique,Somalia,2,1,FIFA World Cup qualification,Maputo,Mozambique,FALSE
07/06/24,Uganda,Botswana,1,0,FIFA World Cup qualification,Kira,Uganda,FALSE
07/06/24,Madagascar,Comoros,2,1,FIFA World Cup qualification,Johannesburg,South Africa,TRUE
08/06/24,Brunei,Sri Lanka,1,0,Friendly,Bandar Seri Begawan,Brunei,FALSE
08/06/24,Latvia,Lithuania,0,2,Baltic Cup,LiepƒÅja,Latvia,FALSE
08/06/24,Estonia,Faroe Islands,4,1,Baltic Cup,Tallinn,Estonia,FALSE
08/06/24,Belgium,Luxembourg,3,0,Friendly,Brussels,Belgium,FALSE
08/06/24,Denmark,Norway,3,1,Friendly,Brondbyvester,Denmark,FALSE
08/06/24,Hungary,Israel,3,0,Friendly,Debrecen,Hungary,FALSE
08/06/24,Mexico,Brazil,2,3,Friendly,College Station,United States,TRUE
08/06/24,Moldova,Cyprus,3,2,Friendly,Chi»ôinƒÉu,Moldova,FALSE
08/06/24,Portugal,Croatia,1,2,Friendly,Oeiras,Portugal,FALSE
08/06/24,Slovenia,Bulgaria,1,1,Friendly,Ljubljana,Slovenia,FALSE
08/06/24,Spain,Northern Ireland,5,1,Friendly,Mallorca,Spain,FALSE
08/06/24,Sweden,Serbia,0,3,Friendly,Stockholm,Sweden,FALSE
08/06/24,Switzerland,Austria,1,1,Friendly,St. Gallen,Switzerland,FALSE
08/06/24,United States,Colombia,1,5,Friendly,Landover,United States,FALSE
08/06/24,Cameroon,Cape Verde,4,1,FIFA World Cup qualification,Yaound√©,Cameroon,FALSE
08/06/24,Gambia,Seychelles,5,1,FIFA World Cup qualification,Berkane,Morocco,TRUE
08/06/24,Cayman Islands,Antigua and Barbuda,1,0,FIFA World Cup qualification,George Town,Cayman Islands,FALSE
08/06/24,Bahamas,Trinidad and Tobago,1,7,FIFA World Cup qualification,Basseterre,Saint Kitts and Nevis,TRUE
08/06/24,Aruba,Cura√ßao,0,2,FIFA World Cup qualification,Oranjestad,Aruba,FALSE
08/06/24,Belize,Nicaragua,0,4,FIFA World Cup qualification,Belmopan,Belize,FALSE
08/06/24,British Virgin Islands,Guatemala,0,3,FIFA World Cup qualification,Road Town,British Virgin Islands,FALSE
08/06/24,Anguilla,Suriname,0,4,FIFA World Cup qualification,The Valley,Anguilla,FALSE
09/06/24,Argentina,Ecuador,1,0,Friendly,Chicago,United States,TRUE
09/06/24,France,Canada,0,0,Friendly,Bordeaux,France,FALSE
09/06/24,Italy,Bosnia and Herzegovina,1,0,Friendly,Empoli,Italy,FALSE
09/06/24,Montenegro,Georgia,1,3,Friendly,Podgorica,Montenegro,FALSE
09/06/24,Slovakia,Wales,4,0,Friendly,Trnava,Slovakia,FALSE
09/06/24,Djibouti,Ethiopia,1,1,FIFA World Cup qualification,El Jadida,Morocco,TRUE
09/06/24,Mauritania,Senegal,0,1,FIFA World Cup qualification,Nouakchott,Mauritania,FALSE
09/06/24,DR Congo,Togo,1,0,FIFA World Cup qualification,Kinshasa,DR Congo,FALSE
09/06/24,S√£o Tom√© and Pr√≠ncipe,Liberia,0,1,FIFA World Cup qualification,Oujda,Morocco,TRUE
09/06/24,Namibia,Tunisia,0,0,FIFA World Cup qualification,Johannesburg,South Africa,TRUE
09/06/24,Bermuda,Honduras,1,6,FIFA World Cup qualification,Hamilton,Bermuda,FALSE
09/06/24,Grenada,Costa Rica,0,3,FIFA World Cup qualification,St. George's,Grenada,FALSE
09/06/24,Barbados,Haiti,1,3,FIFA World Cup qualification,Bridgetown,Barbados,FALSE
09/06/24,Montserrat,Panama,1,3,FIFA World Cup qualification,Managua,Nicaragua,TRUE
09/06/24,Dominica,Jamaica,2,3,FIFA World Cup qualification,Roseau,Dominica,FALSE
09/06/24,Saint Vincent and the Grenadines,El Salvador,1,3,FIFA World Cup qualification,Paramaribo,Suriname,TRUE
10/06/24,Czech Republic,North Macedonia,2,1,Friendly,Hradec Kr√°lov√©,Czech Republic,FALSE
10/06/24,Netherlands,Iceland,4,0,Friendly,Rotterdam,Netherlands,FALSE
10/06/24,Poland,Turkey,2,1,Friendly,Warsaw,Poland,FALSE
10/06/24,Guinea-Bissau,Egypt,1,1,FIFA World Cup qualification,Bissau,Guinea-Bissau,FALSE
10/06/24,Burkina Faso,Sierra Leone,2,2,FIFA World Cup qualification,Bamako,Mali,TRUE
10/06/24,Benin,Nigeria,2,1,FIFA World Cup qualification,Abidjan,Ivory Coast,TRUE
10/06/24,Somalia,Botswana,1,3,FIFA World Cup qualification,Maputo,Mozambique,TRUE
10/06/24,Uganda,Algeria,1,2,FIFA World Cup qualification,Kira,Uganda,FALSE
10/06/24,Guinea,Mozambique,0,1,FIFA World Cup qualification,El Jadida,Morocco,TRUE
10/06/24,Equatorial Guinea,Malawi,1,0,FIFA World Cup qualification,Malabo,Equatorial Guinea,FALSE
10/06/24,Ghana,Central African Republic,4,3,FIFA World Cup qualification,Kumasi,Ghana,FALSE
11/06/24,Latvia,Faroe Islands,1,0,Baltic Cup,LiepƒÅja,Latvia,FALSE
11/06/24,Lithuania,Estonia,1,1,Baltic Cup,Kaunas,Lithuania,FALSE
11/06/24,Brunei,Sri Lanka,1,0,Friendly,Bandar Seri Begawan,Brunei,FALSE
11/06/24,Andorra,Northern Ireland,0,2,Friendly,Murcia,Spain,TRUE
11/06/24,Azerbaijan,Kazakhstan,3,2,Friendly,Szombathely,Hungary,TRUE
11/06/24,Chile,Paraguay,3,0,Friendly,Santiago,Chile,FALSE
11/06/24,Greece,Malta,2,0,Friendly,Gr√∂dig,Austria,TRUE
11/06/24,Israel,Belarus,4,0,Friendly,Budapest,Hungary,TRUE
11/06/24,Moldova,Ukraine,0,4,Friendly,Chi»ôinƒÉu,Moldova,FALSE
11/06/24,Mongolia,Cambodia,2,1,Friendly,Ulaanbaatar,Mongolia,FALSE
11/06/24,Portugal,Republic of Ireland,3,0,Friendly,Aveiro,Portugal,FALSE
11/06/24,San Marino,Cyprus,1,4,Friendly,Serravalle,San Marino,FALSE
11/06/24,South Sudan,Sudan,0,3,FIFA World Cup qualification,Juba,South Sudan,FALSE
11/06/24,Lesotho,Rwanda,0,1,FIFA World Cup qualification,Durban,South Africa,TRUE
11/06/24,South Africa,Zimbabwe,3,1,FIFA World Cup qualification,Bloemfontein,South Africa,FALSE
11/06/24,Cape Verde,Libya,1,0,FIFA World Cup qualification,Praia,Cape Verde,FALSE
11/06/24,Mauritius,Eswatini,2,1,FIFA World Cup qualification,Saint Pierre,Mauritius,FALSE
11/06/24,Angola,Cameroon,1,1,FIFA World Cup qualification,Luanda,Angola,FALSE
11/06/24,Zambia,Tanzania,0,1,FIFA World Cup qualification,Ndola,Zambia,FALSE
11/06/24,Morocco,Congo,6,0,FIFA World Cup qualification,Agadir,Morocco,FALSE
11/06/24,Kenya,Ivory Coast,0,0,FIFA World Cup qualification,Lilongwe,Malawi,TRUE
11/06/24,Gabon,Gambia,3,2,FIFA World Cup qualification,Franceville,Gabon,FALSE
11/06/24,Seychelles,Burundi,1,3,FIFA World Cup qualification,Berkane,Morocco,TRUE
11/06/24,Madagascar,Mali,0,0,FIFA World Cup qualification,Johannesburg,South Africa,TRUE
11/06/24,Chad,Comoros,0,2,FIFA World Cup qualification,Oujda,Morocco,TRUE
11/06/24,Kuwait,Afghanistan,1,0,FIFA World Cup qualification,Kuwait City,Kuwait,FALSE
11/06/24,Qatar,India,2,1,FIFA World Cup qualification,Al Rayyan,Qatar,FALSE
11/06/24,Japan,Syria,5,0,FIFA World Cup qualification,Hiroshima,Japan,FALSE
11/06/24,North Korea,Myanmar,4,1,FIFA World Cup qualification,Vientiane,Laos,TRUE
11/06/24,Thailand,Singapore,3,1,FIFA World Cup qualification,Bangkok,Thailand,FALSE
11/06/24,South Korea,China PR,1,0,FIFA World Cup qualification,Seoul,South Korea,FALSE
11/06/24,Oman,Kyrgyzstan,1,1,FIFA World Cup qualification,Muscat,Oman,FALSE
11/06/24,Malaysia,Taiwan,3,1,FIFA World Cup qualification,Kuala Lumpur,Malaysia,FALSE
11/06/24,Turkmenistan,Hong Kong,0,0,FIFA World Cup qualification,Ashgabat,Turkmenistan,FALSE
11/06/24,Iran,Uzbekistan,0,0,FIFA World Cup qualification,Tehran,Iran,FALSE
11/06/24,Indonesia,Philippines,2,0,FIFA World Cup qualification,Jakarta,Indonesia,FALSE
11/06/24,Iraq,Vietnam,3,1,FIFA World Cup qualification,Basra,Iraq,FALSE
11/06/24,Tajikistan,Pakistan,3,0,FIFA World Cup qualification,Dushanbe,Tajikistan,FALSE
11/06/24,Saudi Arabia,Jordan,1,2,FIFA World Cup qualification,Riyadh,Saudi Arabia,FALSE
11/06/24,United Arab Emirates,Bahrain,1,1,FIFA World Cup qualification,Dubai,United Arab Emirates,FALSE
11/06/24,Yemen,Nepal,2,2,FIFA World Cup qualification,Dammam,Saudi Arabia,TRUE
11/06/24,Lebanon,Bangladesh,4,0,FIFA World Cup qualification,Al Rayyan,Qatar,TRUE
11/06/24,Australia,Palestine,5,0,FIFA World Cup qualification,Perth,Australia,FALSE
11/06/24,Cuba,Cayman Islands,3,0,FIFA World Cup qualification,Santiago,Cuba,FALSE
11/06/24,Saint Kitts and Nevis,Bahamas,1,0,FIFA World Cup qualification,Basseterre,Saint Kitts and Nevis,FALSE
11/06/24,Saint Lucia,Aruba,2,2,FIFA World Cup qualification,Bridgetown,Barbados,TRUE
11/06/24,Guyana,Belize,3,1,FIFA World Cup qualification,Bridgetown,Barbados,TRUE
11/06/24,Dominican Republic,British Virgin Islands,4,0,FIFA World Cup qualification,San Crist√≥bal,Dominican Republic,FALSE
11/06/24,Puerto Rico,Anguilla,8,0,FIFA World Cup qualification,Bayam√≥n,Puerto Rico,FALSE
12/06/24,Ecuador,Bolivia,3,1,Friendly,Chester,United States,TRUE
12/06/24,United States,Brazil,1,1,Friendly,Orlando,United States,FALSE
14/06/24,Germany,Scotland,5,1,UEFA Euro,Munich,Germany,FALSE
14/06/24,Argentina,Guatemala,4,1,Friendly,Landover,United States,TRUE
14/06/24,El Salvador,Peru,0,1,Friendly,Philadelphia,United States,TRUE
15/06/24,Hungary,Switzerland,1,3,UEFA Euro,Cologne,Germany,TRUE
15/06/24,Spain,Croatia,3,0,UEFA Euro,Berlin,Germany,TRUE
15/06/24,Italy,Albania,2,1,UEFA Euro,Dortmund,Germany,TRUE
15/06/24,Colombia,Bolivia,3,0,Friendly,Denver,United States,TRUE
15/06/24,Vanuatu,Solomon Islands,1,0,Oceania Nations Cup,Port Vila,Vanuatu,FALSE
16/06/24,Ecuador,Honduras,2,1,Friendly,Hartford,United States,TRUE
16/06/24,Slovenia,Denmark,1,1,UEFA Euro,Stuttgart,Germany,TRUE
16/06/24,Serbia,England,0,1,UEFA Euro,Gelsenkirchen,Germany,TRUE
16/06/24,Poland,Netherlands,1,2,UEFA Euro,Hamburg,Germany,TRUE
16/06/24,Panama,Paraguay,0,1,Friendly,Panama City,Panama,FALSE
16/06/24,Tahiti,Samoa,2,0,Oceania Nations Cup,Suva,Fiji,TRUE
16/06/24,Fiji,Papua New Guinea,5,1,Oceania Nations Cup,Suva,Fiji,FALSE
17/06/24,Austria,France,0,1,UEFA Euro,D√ºsseldorf,Germany,TRUE
17/06/24,Romania,Ukraine,3,0,UEFA Euro,Munich,Germany,TRUE
17/06/24,Belgium,Slovakia,0,1,UEFA Euro,Frankfurt,Germany,TRUE
18/06/24,Turkey,Georgia,3,1,UEFA Euro,Dortmund,Germany,TRUE
18/06/24,Portugal,Czech Republic,2,1,UEFA Euro,Leipzig,Germany,TRUE
18/06/24,New Zealand,Solomon Islands,3,0,Oceania Nations Cup,Port Vila,Vanuatu,TRUE
19/06/24,Germany,Hungary,2,0,UEFA Euro,Stuttgart,Germany,FALSE
19/06/24,Scotland,Switzerland,1,1,UEFA Euro,Cologne,Germany,TRUE
19/06/24,Croatia,Albania,2,2,UEFA Euro,Hamburg,Germany,TRUE
19/06/24,Papua New Guinea,Tahiti,1,1,Oceania Nations Cup,Suva,Fiji,TRUE
19/06/24,Fiji,Samoa,9,1,Oceania Nations Cup,Suva,Fiji,FALSE
20/06/24,Spain,Italy,1,0,UEFA Euro,Gelsenkirchen,Germany,TRUE
20/06/24,Slovenia,Serbia,1,1,UEFA Euro,Munich,Germany,TRUE
20/06/24,Denmark,England,1,1,UEFA Euro,Frankfurt,Germany,TRUE
20/06/24,Argentina,Canada,2,0,Copa Am√©rica,Atlanta,United States,TRUE
21/06/24,Poland,Austria,1,3,UEFA Euro,Berlin,Germany,TRUE
21/06/24,Netherlands,France,0,0,UEFA Euro,Leipzig,Germany,TRUE
21/06/24,Slovakia,Ukraine,1,2,UEFA Euro,D√ºsseldorf,Germany,TRUE
21/06/24,Vanuatu,New Zealand,0,4,Oceania Nations Cup,Port Vila,Vanuatu,FALSE
21/06/24,Peru,Chile,0,0,Copa Am√©rica,Arlington,United States,TRUE
22/06/24,Belgium,Romania,2,0,UEFA Euro,Cologne,Germany,TRUE
22/06/24,Georgia,Czech Republic,1,1,UEFA Euro,Hamburg,Germany,TRUE
22/06/24,Turkey,Portugal,0,3,UEFA Euro,Dortmund,Germany,TRUE
22/06/24,Samoa,Papua New Guinea,1,2,Oceania Nations Cup,Suva,Fiji,TRUE
22/06/24,Fiji,Tahiti,1,0,Oceania Nations Cup,Suva,Fiji,FALSE
22/06/24,Ecuador,Venezuela,1,2,Copa Am√©rica,Santa Clara,United States,TRUE
22/06/24,Mexico,Jamaica,1,0,Copa Am√©rica,Houston,United States,TRUE
23/06/24,Germany,Switzerland,1,1,UEFA Euro,Frankfurt,Germany,FALSE
23/06/24,Scotland,Hungary,0,1,UEFA Euro,Stuttgart,Germany,TRUE
23/06/24,United States,Bolivia,2,0,Copa Am√©rica,Arlington,United States,FALSE
23/06/24,Uruguay,Panama,3,1,Copa Am√©rica,Miami Gardens,United States,TRUE
24/06/24,Albania,Spain,0,1,UEFA Euro,D√ºsseldorf,Germany,TRUE
24/06/24,Croatia,Italy,1,1,UEFA Euro,Leipzig,Germany,TRUE
24/06/24,Colombia,Paraguay,2,1,Copa Am√©rica,Houston,United States,TRUE
24/06/24,Brazil,Costa Rica,0,0,Copa Am√©rica,Inglewood,United States,TRUE
25/06/24,England,Slovenia,0,0,UEFA Euro,Cologne,Germany,TRUE
25/06/24,Denmark,Serbia,0,0,UEFA Euro,Munich,Germany,TRUE
25/06/24,Netherlands,Austria,2,3,UEFA Euro,Berlin,Germany,TRUE
25/06/24,France,Poland,1,1,UEFA Euro,Dortmund,Germany,TRUE
25/06/24,Peru,Canada,0,1,Copa Am√©rica,Kansas City,United States,TRUE
25/06/24,Chile,Argentina,0,1,Copa Am√©rica,East Rutherford,United States,TRUE
26/06/24,Slovakia,Romania,1,1,UEFA Euro,Frankfurt,Germany,TRUE
26/06/24,Ukraine,Belgium,0,0,UEFA Euro,Stuttgart,Germany,TRUE
26/06/24,Georgia,Portugal,2,0,UEFA Euro,Gelsenkirchen,Germany,TRUE
26/06/24,Czech Republic,Turkey,1,2,UEFA Euro,Hamburg,Germany,TRUE
26/06/24,Ecuador,Jamaica,3,1,Copa Am√©rica,Las Vegas,United States,TRUE
26/06/24,Venezuela,Mexico,1,0,Copa Am√©rica,Inglewood,United States,TRUE
27/06/24,Vanuatu,Fiji,2,1,Oceania Nations Cup,Port Vila,Vanuatu,FALSE
27/06/24,New Zealand,Tahiti,5,0,Oceania Nations Cup,Port Vila,Vanuatu,TRUE
27/06/24,United States,Panama,1,2,Copa Am√©rica,Atlanta,United States,FALSE
27/06/24,Uruguay,Bolivia,5,0,Copa Am√©rica,East Rutherford,United States,TRUE
28/06/24,Colombia,Costa Rica,3,0,Copa Am√©rica,Glendale,United States,TRUE
28/06/24,Paraguay,Brazil,1,4,Copa Am√©rica,Las Vegas,United States,TRUE
29/06/24,Switzerland,Italy,2,0,UEFA Euro,Berlin,Germany,TRUE
29/06/24,Germany,Denmark,2,0,UEFA Euro,Dortmund,Germany,FALSE
29/06/24,Argentina,Peru,2,0,Copa Am√©rica,Miami Gardens,United States,TRUE
29/06/24,Canada,Chile,0,0,Copa Am√©rica,Orlando,United States,TRUE
30/06/24,England,Slovakia,2,1,UEFA Euro,Gelsenkirchen,Germany,TRUE
30/06/24,Spain,Georgia,4,1,UEFA Euro,Cologne,Germany,TRUE
30/06/24,Tahiti,Fiji,2,1,Oceania Nations Cup,Port Vila,Vanuatu,TRUE
30/06/24,Vanuatu,New Zealand,0,3,Oceania Nations Cup,Port Vila,Vanuatu,FALSE
30/06/24,Mexico,Ecuador,0,0,Copa Am√©rica,Glendale,United States,TRUE
30/06/24,Jamaica,Venezuela,0,3,Copa Am√©rica,Austin,United States,TRUE
01/07/24,France,Belgium,1,0,UEFA Euro,D√ºsseldorf,Germany,TRUE
01/07/24,Portugal,Slovenia,0,0,UEFA Euro,Frankfurt,Germany,TRUE
01/07/24,United States,Uruguay,0,1,Copa Am√©rica,Kansas City,United States,FALSE
01/07/24,Bolivia,Panama,1,3,Copa Am√©rica,Orlando,United States,TRUE
02/07/24,Romania,Netherlands,0,3,UEFA Euro,Munich,Germany,TRUE
02/07/24,Austria,Turkey,1,2,UEFA Euro,Leipzig,Germany,TRUE
02/07/24,Brazil,Colombia,1,1,Copa Am√©rica,Santa Clara,United States,TRUE
02/07/24,Costa Rica,Paraguay,2,1,Copa Am√©rica,Austin,United States,TRUE
04/07/24,Argentina,Ecuador,1,1,Copa Am√©rica,Houston,United States,TRUE
05/07/24,Germany,Spain,1,2,UEFA Euro,Stuttgart,Germany,FALSE
05/07/24,Portugal,France,0,0,UEFA Euro,Hamburg,Germany,TRUE
05/07/24,Venezuela,Canada,1,1,Copa Am√©rica,Arlington,United States,TRUE
06/07/24,England,Switzerland,1,1,UEFA Euro,D√ºsseldorf,Germany,TRUE
06/07/24,Netherlands,Turkey,2,1,UEFA Euro,Berlin,Germany,TRUE
06/07/24,Uruguay,Brazil,0,0,Copa Am√©rica,Las Vegas,United States,TRUE
06/07/24,Colombia,Panama,5,0,Copa Am√©rica,Glendale,United States,TRUE
09/07/24,Spain,France,2,1,UEFA Euro,Munich,Germany,TRUE
09/07/24,Argentina,Canada,2,0,Copa Am√©rica,East Rutherford,United States,TRUE
10/07/24,Netherlands,England,1,2,UEFA Euro,Dortmund,Germany,TRUE
10/07/24,Uruguay,Colombia,0,1,Copa Am√©rica,Charlotte,United States,TRUE
13/07/24,Canada,Uruguay,2,2,Copa Am√©rica,Charlotte,United States,TRUE
14/07/24,Spain,England,2,1,UEFA Euro,Berlin,Germany,TRUE
14/07/24,Argentina,Colombia,1,0,Copa Am√©rica,Miami Gardens,United States,TRUE
27/07/24,Guatemala,El Salvador,0,1,Friendly,Carson,United States,TRUE
27/07/24,Jordan,North Korea,0,0,Friendly,Amman,Jordan,FALSE
29/08/24,Jordan,North Korea,2,1,Friendly,Amman,Jordan,FALSE
01/09/24,Guatemala,Uruguay,1,1,Friendly,Fort Lauderdale,United States,TRUE
02/09/24,Fiji,Solomon Islands,1,0,Tri-Nations Series,Suva,Fiji,FALSE
02/09/24,Fiji,Hong Kong,1,1,Tri-Nations Series,Suva,Fiji,FALSE
03/09/24,India,Mauritius,0,0,Intercontinental Cup,Hyderabad,India,FALSE
04/09/24,Gibraltar,Andorra,1,0,Friendly,Gibraltar,Gibraltar,FALSE
04/09/24,Lebanon,Tajikistan,1,0,Merdeka Tournament,Kuala Lumpur,Malaysia,TRUE
04/09/24,Malaysia,Philippines,2,1,Merdeka Tournament,Kuala Lumpur,Malaysia,FALSE
04/09/24,Comoros,Gambia,1,1,African Cup of Nations qualification,El Jadida,Morocco,TRUE
04/09/24,Libya,Rwanda,1,1,African Cup of Nations qualification,Tripoli,Libya,FALSE
04/09/24,Sudan,Niger,1,0,African Cup of Nations qualification,Juba,South Sudan,TRUE
04/09/24,Tanzania,Ethiopia,0,0,African Cup of Nations qualification,Dar es Salaam,Tanzania,FALSE
04/09/24,United States Virgin Islands,Bahamas,3,3,CONCACAF Nations League,Saint Croix,United States Virgin Islands,FALSE
04/09/24,Turks and Caicos Islands,Anguilla,0,2,CONCACAF Nations League,Providenciales,Turks and Caicos Islands,FALSE
04/09/24,Cayman Islands,British Virgin Islands,1,0,CONCACAF Nations League,George Town,Cayman Islands,FALSE
05/09/24,Hong Kong,Solomon Islands,3,0,Tri-Nations Series,Suva,Fiji,TRUE
05/09/24,Bhutan,Bangladesh,0,1,Friendly,Thimphu,Bhutan,FALSE
05/09/24,Vietnam,Russia,0,3,Friendly,Hanoi,Vietnam,FALSE
05/09/24,Sri Lanka,Cambodia,0,0,AFC Asian Cup qualification,Colombo,Sri Lanka,FALSE
05/09/24,Timor-Leste,Mongolia,4,1,AFC Asian Cup qualification,Gianyar,Indonesia,TRUE
05/09/24,Tunisia,Madagascar,1,0,African Cup of Nations qualification,Rad√®s,Tunisia,FALSE
05/09/24,Central African Republic,Lesotho,3,1,African Cup of Nations qualification,El Jadida,Morocco,TRUE
05/09/24,Algeria,Equatorial Guinea,2,0,African Cup of Nations qualification,Oran,Algeria,FALSE
05/09/24,Ghana,Angola,0,1,African Cup of Nations qualification,Kumasi,Ghana,FALSE
05/09/24,Guinea-Bissau,Eswatini,1,0,African Cup of Nations qualification,Bissau,Guinea-Bissau,FALSE
05/09/24,Congo,South Sudan,1,0,African Cup of Nations qualification,Brazzaville,Congo,FALSE
05/09/24,Malawi,Burundi,2,3,African Cup of Nations qualification,Lilongwe,Malawi,FALSE
05/09/24,Guyana,Suriname,1,3,CONCACAF Nations League,Leonora,Guyana,FALSE
05/09/24,Costa Rica,Guadeloupe,3,0,CONCACAF Nations League,San Jos√©,Costa Rica,FALSE
05/09/24,Guatemala,Martinique,3,1,CONCACAF Nations League,Guatemala City,Guatemala,FALSE
05/09/24,Montserrat,El Salvador,1,4,CONCACAF Nations League,Rincon,Bonaire,TRUE
05/09/24,Bonaire,Saint Vincent and the Grenadines,1,1,CONCACAF Nations League,Rincon,Bonaire,FALSE
05/09/24,Portugal,Croatia,2,1,UEFA Nations League,Lisbon,Portugal,FALSE
05/09/24,Scotland,Poland,2,3,UEFA Nations League,Glasgow,Scotland,FALSE
05/09/24,Denmark,Switzerland,2,0,UEFA Nations League,Copenhagen,Denmark,FALSE
05/09/24,Serbia,Spain,0,0,UEFA Nations League,Belgrade,Serbia,FALSE
05/09/24,Azerbaijan,Sweden,1,3,UEFA Nations League,Baku,Azerbaijan,FALSE
05/09/24,Estonia,Slovakia,0,1,UEFA Nations League,Tallinn,Estonia,FALSE
05/09/24,Northern Ireland,Luxembourg,2,0,UEFA Nations League,Belfast,Northern Ireland,FALSE
05/09/24,Belarus,Bulgaria,0,0,UEFA Nations League,Zalaegerszeg,Hungary,TRUE
05/09/24,San Marino,Liechtenstein,1,0,UEFA Nations League,Serravalle,San Marino,FALSE
05/09/24,Bolivia,Venezuela,4,0,FIFA World Cup qualification,El Alto,Bolivia,FALSE
05/09/24,Argentina,Chile,3,0,FIFA World Cup qualification,Buenos Aires,Argentina,FALSE
05/09/24,Qatar,United Arab Emirates,1,3,FIFA World Cup qualification,Al Rayyan,Qatar,FALSE
05/09/24,Uzbekistan,North Korea,1,0,FIFA World Cup qualification,Tashkent,Uzbekistan,FALSE
05/09/24,Iran,Kyrgyzstan,1,0,FIFA World Cup qualification,Fuladshahr,Iran,FALSE
05/09/24,Iraq,Oman,1,0,FIFA World Cup qualification,Basra,Iraq,FALSE
05/09/24,South Korea,Palestine,0,0,FIFA World Cup qualification,Seoul,South Korea,FALSE
05/09/24,Jordan,Kuwait,1,1,FIFA World Cup qualification,Amman,Jordan,FALSE
05/09/24,Japan,China PR,7,0,FIFA World Cup qualification,Saitama,Japan,FALSE
05/09/24,Australia,Bahrain,0,1,FIFA World Cup qualification,Robina,Australia,FALSE
05/09/24,Saudi Arabia,Indonesia,1,1,FIFA World Cup qualification,Jeddah,Saudi Arabia,FALSE
06/09/24,Syria,Mauritius,2,0,Intercontinental Cup,Hyderabad,India,TRUE
06/09/24,Brunei,Macau,3,0,AFC Asian Cup qualification,Bandar Seri Begawan,Brunei,FALSE
06/09/24,Morocco,Gabon,4,1,African Cup of Nations qualification,Agadir,Morocco,FALSE
06/09/24,Egypt,Cape Verde,3,0,African Cup of Nations qualification,Cairo,Egypt,FALSE
06/09/24,Togo,Liberia,1,1,African Cup of Nations qualification,Lom√©,Togo,FALSE
06/09/24,Sierra Leone,Chad,0,0,African Cup of Nations qualification,Monrovia,Liberia,TRUE
06/09/24,Ivory Coast,Zambia,2,0,African Cup of Nations qualification,Bouak√©,Ivory Coast,FALSE
06/09/24,DR Congo,Guinea,1,0,African Cup of Nations qualification,Kinshasa,DR Congo,FALSE
06/09/24,Mali,Mozambique,1,1,African Cup of Nations qualification,Bamako,Mali,FALSE
06/09/24,Kenya,Zimbabwe,0,0,African Cup of Nations qualification,Kampala,Uganda,TRUE
06/09/24,South Africa,Uganda,2,2,African Cup of Nations qualification,Johannesburg,South Africa,FALSE
06/09/24,Senegal,Burkina Faso,1,1,African Cup of Nations qualification,Diamniadio,Senegal,FALSE
06/09/24,French Guiana,Nicaragua,0,1,CONCACAF Nations League,Cayenne,French Guiana,FALSE
06/09/24,Jamaica,Cuba,0,0,CONCACAF Nations League,Kingston,Jamaica,FALSE
06/09/24,Honduras,Trinidad and Tobago,4,0,CONCACAF Nations League,Tegucigalpa,Honduras,FALSE
06/09/24,Saint Lucia,Cura√ßao,2,1,CONCACAF Nations League,Saint George's,Grenada,TRUE
06/09/24,Grenada,Saint Martin,2,0,CONCACAF Nations League,St George's,Grenada,FALSE
06/09/24,Sint Maarten,Aruba,2,0,CONCACAF Nations League,Mayag√ºez,Puerto Rico,TRUE
06/09/24,Puerto Rico,Haiti,1,4,CONCACAF Nations League,Mayag√ºez,Puerto Rico,FALSE
06/09/24,Belgium,Israel,3,1,UEFA Nations League,Debrecen,Hungary,TRUE
06/09/24,France,Italy,1,3,UEFA Nations League,Paris,France,FALSE
06/09/24,Kazakhstan,Norway,0,0,UEFA Nations League,Almaty,Kazakhstan,FALSE
06/09/24,Slovenia,Austria,1,1,UEFA Nations League,Ljubljana,Slovenia,FALSE
06/09/24,Iceland,Montenegro,2,0,UEFA Nations League,Reykjav√≠k,Iceland,FALSE
06/09/24,Wales,Turkey,0,0,UEFA Nations League,Cardiff,Wales,FALSE
06/09/24,Kosovo,Romania,0,3,UEFA Nations League,Pristina,Kosovo,FALSE
06/09/24,Lithuania,Cyprus,0,1,UEFA Nations League,Kaunas,Lithuania,FALSE
06/09/24,Cook Islands,Tonga,1,3,FIFA World Cup qualification,Apia,Samoa,TRUE
06/09/24,Samoa,American Samoa,2,0,FIFA World Cup qualification,Apia,Samoa,FALSE
06/09/24,Peru,Colombia,1,1,FIFA World Cup qualification,Lima,Peru,FALSE
06/09/24,Uruguay,Paraguay,0,0,FIFA World Cup qualification,Montevideo,Uruguay,FALSE
06/09/24,Brazil,Ecuador,1,0,FIFA World Cup qualification,Curitiba,Brazil,FALSE
07/09/24,Mexico,New Zealand,3,0,Friendly,Pasadena,United States,TRUE
07/09/24,United States,Canada,1,2,Friendly,Kansas City,United States,FALSE
07/09/24,Mauritania,Botswana,1,0,African Cup of Nations qualification,Nouakchott,Mauritania,FALSE
07/09/24,Nigeria,Benin,3,0,African Cup of Nations qualification,Uyo,Nigeria,FALSE
07/09/24,Cameroon,Namibia,1,0,African Cup of Nations qualification,Douala,Cameroon,FALSE
07/09/24,Bermuda,Dominican Republic,2,3,CONCACAF Nations League,Piggotts,Antigua and Barbuda,TRUE
07/09/24,Antigua and Barbuda,Dominica,1,2,CONCACAF Nations League,Piggotts,Antigua and Barbuda,FALSE
07/09/24,Bahamas,Barbados,2,3,CONCACAF Nations League,Saint Croix,United States Virgin Islands,TRUE
07/09/24,Turks and Caicos Islands,Belize,0,4,CONCACAF Nations League,Providenciales,Turks and Caicos Islands,FALSE
07/09/24,Cayman Islands,Saint Kitts and Nevis,1,4,CONCACAF Nations League,George Town,Cayman Islands,FALSE
07/09/24,Germany,Hungary,5,0,UEFA Nations League,D√ºsseldorf,Germany,FALSE
07/09/24,Netherlands,Bosnia and Herzegovina,5,2,UEFA Nations League,Eindhoven,Netherlands,FALSE
07/09/24,Georgia,Czech Republic,4,1,UEFA Nations League,Tbilisi,Georgia,FALSE
07/09/24,Ukraine,Albania,1,2,UEFA Nations League,Prague,Czech Republic,TRUE
07/09/24,Republic of Ireland,England,0,2,UEFA Nations League,Dublin,Republic of Ireland,FALSE
07/09/24,Greece,Finland,3,0,UEFA Nations League,Piraeus,Greece,FALSE
07/09/24,Faroe Islands,North Macedonia,1,1,UEFA Nations League,Toftir,Faroe Islands,FALSE
07/09/24,Armenia,Latvia,4,1,UEFA Nations League,Yerevan,Armenia,FALSE
07/09/24,Moldova,Malta,2,0,UEFA Nations League,Chi»ôinƒÉu,Moldova,FALSE
08/09/24,Bhutan,Bangladesh,1,0,Friendly,Thimphu,Bhutan,FALSE
08/09/24,Tajikistan,Philippines,0,0,Merdeka Tournament,Kuala Lumpur,Malaysia,TRUE
08/09/24,Malaysia,Lebanon,1,0,Merdeka Tournament,Kuala Lumpur,Malaysia,FALSE
08/09/24,Gambia,Tunisia,1,2,African Cup of Nations qualification,El Jadida,Morocco,TRUE
08/09/24,Saint Vincent and the Grenadines,Montserrat,2,0,CONCACAF Nations League,Rincon,Bonaire,TRUE
08/09/24,Bonaire,El Salvador,1,2,CONCACAF Nations League,Rincon,Bonaire,FALSE
08/09/24,Portugal,Scotland,2,1,UEFA Nations League,Lisbon,Portugal,FALSE
08/09/24,Croatia,Poland,1,0,UEFA Nations League,Osijek,Croatia,FALSE
08/09/24,Denmark,Serbia,2,0,UEFA Nations League,Copenhagen,Denmark,FALSE
08/09/24,Switzerland,Spain,1,4,UEFA Nations League,Geneva,Switzerland,FALSE
08/09/24,Slovakia,Azerbaijan,2,0,UEFA Nations League,Ko≈°ice,Slovakia,FALSE
08/09/24,Sweden,Estonia,3,0,UEFA Nations League,Stockholm,Sweden,FALSE
08/09/24,Luxembourg,Belarus,0,1,UEFA Nations League,Luxembourg,Luxembourg,FALSE
08/09/24,Bulgaria,Northern Ireland,1,0,UEFA Nations League,Plovdiv,Bulgaria,FALSE
08/09/24,Gibraltar,Liechtenstein,2,2,UEFA Nations League,Gibraltar,Gibraltar,FALSE
09/09/24,India,Syria,0,3,Intercontinental Cup,Hyderabad,India,FALSE
09/09/24,Madagascar,Comoros,1,1,African Cup of Nations qualification,Rad√®s,Tunisia,TRUE
09/09/24,Morocco,Lesotho,1,0,African Cup of Nations qualification,Agadir,Morocco,FALSE
09/09/24,Equatorial Guinea,Togo,2,2,African Cup of Nations qualification,Malabo,Equatorial Guinea,FALSE
09/09/24,Niger,Ghana,1,1,African Cup of Nations qualification,Berkane,Morocco,TRUE
09/09/24,Angola,Sudan,2,1,African Cup of Nations qualification,Luanda,Angola,FALSE
09/09/24,Ethiopia,DR Congo,0,2,African Cup of Nations qualification,Dar es Salaam,Tanzania,TRUE
09/09/24,Uganda,Congo,2,0,African Cup of Nations qualification,Kira,Uganda,FALSE
09/09/24,Burundi,Senegal,0,1,African Cup of Nations qualification,Lilongwe,Malawi,TRUE
09/09/24,Guadeloupe,Suriname,1,0,CONCACAF Nations League,Le Gosier,Guadeloupe,FALSE
09/09/24,Martinique,Guyana,2,2,CONCACAF Nations League,Fort de France,Martinique,FALSE
09/09/24,Guatemala,Costa Rica,0,0,CONCACAF Nations League,Guatemala City,Guatemala,FALSE
09/09/24,Cura√ßao,Saint Martin,4,0,CONCACAF Nations League,Saint George's,Grenada,TRUE
09/09/24,Grenada,Saint Lucia,1,2,CONCACAF Nations League,Saint George's,Grenada,FALSE
09/09/24,Haiti,Sint Maarten,6,0,CONCACAF Nations League,Mayag√ºez,Puerto Rico,TRUE
09/09/24,Puerto Rico,Aruba,1,0,CONCACAF Nations League,Mayag√ºez,Puerto Rico,FALSE
09/09/24,France,Belgium,2,0,UEFA Nations League,D√©cines-Charpieu,France,FALSE
09/09/24,Israel,Italy,1,2,UEFA Nations League,Budapest,Hungary,TRUE
09/09/24,Norway,Austria,2,1,UEFA Nations League,Oslo,Norway,FALSE
09/09/24,Slovenia,Kazakhstan,3,0,UEFA Nations League,Ljubljana,Slovenia,FALSE
09/09/24,Montenegro,Wales,1,2,UEFA Nations League,Nik≈°iƒá,Montenegro,FALSE
09/09/24,Turkey,Iceland,3,1,UEFA Nations League,Izmir,Turkey,FALSE
09/09/24,Cyprus,Kosovo,0,4,UEFA Nations League,Larnaca,Cyprus,FALSE
09/09/24,Romania,Lithuania,3,1,UEFA Nations League,Bucharest,Romania,FALSE
09/09/24,Samoa,Tonga,2,1,FIFA World Cup qualification,Apia,Samoa,FALSE
10/09/24,Mexico,Canada,0,0,Friendly,Arlington,United States,TRUE
10/09/24,Moldova,San Marino,1,0,Friendly,Chi»ôinƒÉu,Moldova,FALSE
10/09/24,United States,New Zealand,1,1,Friendly,Cincinnati,United States,FALSE
10/09/24,Vietnam,Thailand,1,2,Friendly,Hanoi,Vietnam,FALSE
10/09/24,Cambodia,Sri Lanka,2,2,AFC Asian Cup qualification,Phnom Penh,Cambodia,FALSE
10/09/24,Macau,Brunei,0,1,AFC Asian Cup qualification,Taipa,Macau,FALSE
10/09/24,Mongolia,Timor-Leste,2,0,AFC Asian Cup qualification,Ulaanbaatar,Mongolia,FALSE
10/09/24,Gabon,Central African Republic,2,0,African Cup of Nations qualification,Franceville,Gabon,FALSE
10/09/24,Botswana,Egypt,0,4,African Cup of Nations qualification,Francistown,Botswana,FALSE
10/09/24,Cape Verde,Mauritania,2,0,African Cup of Nations qualification,Praia,Cape Verde,FALSE
10/09/24,Rwanda,Nigeria,0,0,African Cup of Nations qualification,Kigali,Rwanda,FALSE
10/09/24,Benin,Libya,2,1,African Cup of Nations qualification,Abidjan,Ivory Coast,TRUE
10/09/24,Liberia,Algeria,0,3,African Cup of Nations qualification,Monrovia,Liberia,FALSE
10/09/24,Zambia,Sierra Leone,3,2,African Cup of Nations qualification,Ndola,Zambia,FALSE
10/09/24,Chad,Ivory Coast,0,2,African Cup of Nations qualification,Yaounde,Cameroon,TRUE
10/09/24,Guinea,Tanzania,1,2,African Cup of Nations qualification,Yamoussoukro,Ivory Coast,TRUE
10/09/24,Mozambique,Guinea-Bissau,2,1,African Cup of Nations qualification,Maputo,Mozambique,FALSE
10/09/24,Eswatini,Mali,0,1,African Cup of Nations qualification,Mbombela,South Africa,TRUE
10/09/24,Namibia,Kenya,1,2,African Cup of Nations qualification,Johannesburg,South Africa,TRUE
10/09/24,South Sudan,South Africa,2,3,African Cup of Nations qualification,Juba,South Sudan,FALSE
10/09/24,Burkina Faso,Malawi,3,1,African Cup of Nations qualification,Bamako,Mali,TRUE
10/09/24,Cuba,Nicaragua,1,1,CONCACAF Nations League,Santiago,Cuba,FALSE
10/09/24,Trinidad and Tobago,French Guiana,0,0,CONCACAF Nations League,Bacolet,Trinidad and Tobago,FALSE
10/09/24,Honduras,Jamaica,1,2,CONCACAF Nations League,Tegucigalpa,Honduras,FALSE
10/09/24,Dominican Republic,Dominica,2,0,CONCACAF Nations League,Piggotts,Antigua and Barbuda,TRUE
10/09/24,Antigua and Barbuda,Bermuda,0,1,CONCACAF Nations League,Piggotts,Antigua and Barbuda,FALSE
10/09/24,United States Virgin Islands,Barbados,0,3,CONCACAF Nations League,Saint Croix,United States Virgin Islands,FALSE
10/09/24,Belize,Anguilla,1,0,CONCACAF Nations League,Providenciales,Turks and Caicos Islands,TRUE
10/09/24,Saint Kitts and Nevis,British Virgin Islands,2,0,CONCACAF Nations League,George Town,Cayman Islands,TRUE
10/09/24,Hungary,Bosnia and Herzegovina,0,0,UEFA Nations League,Budapest,Hungary,FALSE
10/09/24,Netherlands,Germany,2,2,UEFA Nations League,Amsterdam,Netherlands,FALSE
10/09/24,Albania,Georgia,0,1,UEFA Nations League,Tirana,Albania,FALSE
10/09/24,Czech Republic,Ukraine,3,2,UEFA Nations League,Prague,Czech Republic,FALSE
10/09/24,England,Finland,2,0,UEFA Nations League,London,England,FALSE
10/09/24,Republic of Ireland,Greece,0,2,UEFA Nations League,Dublin,Republic of Ireland,FALSE
10/09/24,Latvia,Faroe Islands,1,0,UEFA Nations League,Riga,Latvia,FALSE
10/09/24,North Macedonia,Armenia,2,0,UEFA Nations League,Skopje,North Macedonia,FALSE
10/09/24,Andorra,Malta,0,1,UEFA Nations League,Andorra la Vella,Andorra,FALSE
10/09/24,Colombia,Argentina,2,1,FIFA World Cup qualification,Barranquilla,Colombia,FALSE
10/09/24,Ecuador,Peru,1,0,FIFA World Cup qualification,Quito,Ecuador,FALSE
10/09/24,Chile,Bolivia,1,2,FIFA World Cup qualification,Santiago,Chile,FALSE
10/09/24,Venezuela,Uruguay,0,0,FIFA World Cup qualification,Matur√≠n,Venezuela,FALSE
10/09/24,Paraguay,Brazil,1,0,FIFA World Cup qualification,Asunci√≥n,Paraguay,FALSE
10/09/24,North Korea,Qatar,2,2,FIFA World Cup qualification,Vientiane,Laos,TRUE
10/09/24,Kyrgyzstan,Uzbekistan,2,3,FIFA World Cup qualification,Bishkek,Kyrgyzstan,FALSE
10/09/24,United Arab Emirates,Iran,0,1,FIFA World Cup qualification,Al Ain,United Arab Emirates,FALSE
10/09/24,Oman,South Korea,1,3,FIFA World Cup qualification,Muscat,Oman,FALSE
10/09/24,Kuwait,Iraq,0,0,FIFA World Cup qualification,Kuwait City,Kuwait,FALSE
10/09/24,Palestine,Jordan,1,3,FIFA World Cup qualification,Kuala Lumpur,Malaysia,TRUE
10/09/24,Bahrain,Japan,0,5,FIFA World Cup qualification,Riffa,Bahrain,FALSE
10/09/24,Indonesia,Australia,0,0,FIFA World Cup qualification,Jakarta,Indonesia,FALSE
10/09/24,China PR,Saudi Arabia,1,2,FIFA World Cup qualification,Dalian,China PR,FALSE
10/09/24,Zimbabwe,Cameroon,0,0,African Cup of Nations qualification,Kampala,Uganda,TRUE
08/10/24,Brunei,Timor-Leste,0,1,ASEAN Championship qualification,Bandar Seri Begawan,Brunei,FALSE
09/10/24,Barbados,United States Virgin Islands,5,0,CONCACAF Nations League,Bridgetown,Barbados,FALSE
09/10/24,Belize,Anguilla,1,0,CONCACAF Nations League,Belmopan,Belize,FALSE
09/10/24,Saint Kitts and Nevis,British Virgin Islands,3,1,CONCACAF Nations League,Basseterre,Saint Kitts and Nevis,FALSE
10/10/24,Liechtenstein,Hong Kong,1,0,Friendly,Vaduz,Liechtenstein,FALSE
10/10/24,Myanmar,Sri Lanka,2,0,Friendly,Yangon,Myanmar,FALSE
10/10/24,Cape Verde,Botswana,0,1,African Cup of Nations qualification,Praia,Cape Verde,FALSE
10/10/24,Algeria,Togo,5,1,African Cup of Nations qualification,Annaba,Algeria,FALSE
10/10/24,Ghana,Sudan,0,0,African Cup of Nations qualification,Accra,Ghana,FALSE
10/10/24,DR Congo,Tanzania,1,0,African Cup of Nations qualification,Kinshasa,DR Congo,FALSE
10/10/24,Namibia,Zimbabwe,0,1,African Cup of Nations qualification,Johannesburg,South Africa,TRUE
10/10/24,Burkina Faso,Burundi,4,1,African Cup of Nations qualification,Ebimp√©,Ivory Coast,TRUE
10/10/24,Cuba,Trinidad and Tobago,2,2,CONCACAF Nations League,Santiago,Cuba,FALSE
10/10/24,French Guiana,Honduras,2,3,CONCACAF Nations League,Cayenne,French Guiana,FALSE
10/10/24,Nicaragua,Jamaica,0,2,CONCACAF Nations League,Managua,Nicaragua,FALSE
10/10/24,Bonaire,Montserrat,0,1,CONCACAF Nations League,Kingstown,Saint Vincent and the Grenadines,TRUE
10/10/24,Saint Vincent and the Grenadines,El Salvador,2,3,CONCACAF Nations League,Kingstown,Saint Vincent and the Grenadines,FALSE
10/10/24,Israel,France,1,4,UEFA Nations League,Budapest,Hungary,TRUE
10/10/24,Italy,Belgium,2,2,UEFA Nations League,Rome,Italy,FALSE
10/10/24,England,Greece,1,2,UEFA Nations League,London,England,FALSE
10/10/24,Finland,Republic of Ireland,1,2,UEFA Nations League,Helsinki,Finland,FALSE
10/10/24,Austria,Kazakhstan,4,0,UEFA Nations League,Salzburg,Austria,FALSE
10/10/24,Norway,Slovenia,3,0,UEFA Nations League,Oslo,Norway,FALSE
10/10/24,Latvia,North Macedonia,0,3,UEFA Nations League,Riga,Latvia,FALSE
10/10/24,Faroe Islands,Armenia,2,2,UEFA Nations League,T√≥rshavn,Faroe Islands,FALSE
10/10/24,Gibraltar,San Marino,1,0,UEFA Nations League,Gibraltar,Gibraltar,FALSE
10/10/24,Moldova,Andorra,2,0,UEFA Nations League,Chi»ôinƒÉu,Moldova,FALSE
10/10/24,Bolivia,Colombia,1,0,FIFA World Cup qualification,El Alto,Bolivia,FALSE
10/10/24,Ecuador,Paraguay,0,0,FIFA World Cup qualification,Quito,Ecuador,FALSE
10/10/24,Venezuela,Argentina,1,1,FIFA World Cup qualification,Matur√≠n,Venezuela,FALSE
10/10/24,Chile,Brazil,1,2,FIFA World Cup qualification,Santiago,Chile,FALSE
10/10/24,Papua New Guinea,New Caledonia,1,3,FIFA World Cup qualification,Suva,Fiji,TRUE
10/10/24,Fiji,Solomon Islands,1,0,FIFA World Cup qualification,Suva,Fiji,FALSE
10/10/24,Qatar,Kyrgyzstan,3,1,FIFA World Cup qualification,Doha,Qatar,FALSE
10/10/24,Uzbekistan,Iran,0,0,FIFA World Cup qualification,Tashkent,Uzbekistan,FALSE
10/10/24,United Arab Emirates,North Korea,1,1,FIFA World Cup qualification,Al Ain,United Arab Emirates,FALSE
10/10/24,Jordan,South Korea,0,2,FIFA World Cup qualification,Amman,Jordan,FALSE
10/10/24,Oman,Kuwait,4,0,FIFA World Cup qualification,Muscat,Oman,FALSE
10/10/24,Iraq,Palestine,1,0,FIFA World Cup qualification,Basra,Iraq,FALSE
10/10/24,Bahrain,Indonesia,2,2,FIFA World Cup qualification,Riffa,Bahrain,FALSE
10/10/24,Australia,China PR,3,1,FIFA World Cup qualification,Adelaide,Australia,FALSE
10/10/24,Saudi Arabia,Japan,0,2,FIFA World Cup qualification,Jeddah,Saudi Arabia,FALSE
11/10/24,Cambodia,Taiwan,3,2,Friendly,Phnom Penh,Cambodia,FALSE
11/10/24,Madagascar,Gambia,1,1,African Cup of Nations qualification,Casablanca,Morocco,TRUE
11/10/24,Tunisia,Comoros,0,1,African Cup of Nations qualification,Rad√®s,Tunisia,FALSE
11/10/24,Gabon,Lesotho,0,0,African Cup of Nations qualification,Franceville,Gabon,FALSE
11/10/24,Egypt,Mauritania,2,0,African Cup of Nations qualification,Cairo,Egypt,FALSE
11/10/24,Benin,Rwanda,3,0,African Cup of Nations qualification,Abidjan,Ivory Coast,TRUE
11/10/24,Nigeria,Libya,1,0,African Cup of Nations qualification,Uyo,Nigeria,FALSE
11/10/24,Equatorial Guinea,Liberia,1,0,African Cup of Nations qualification,Malabo,Equatorial Guinea,FALSE
11/10/24,Angola,Niger,2,0,African Cup of Nations qualification,Luanda,Angola,FALSE
11/10/24,Zambia,Chad,0,0,African Cup of Nations qualification,Ndola,Zambia,FALSE
11/10/24,Ivory Coast,Sierra Leone,4,1,African Cup of Nations qualification,San-P√©dro,Ivory Coast,FALSE
11/10/24,Mozambique,Eswatini,1,1,African Cup of Nations qualification,Maputo,Mozambique,FALSE
11/10/24,Mali,Guinea-Bissau,1,0,African Cup of Nations qualification,Bamako,Mali,FALSE
11/10/24,Cameroon,Kenya,4,1,African Cup of Nations qualification,Douala,Cameroon,FALSE
11/10/24,Uganda,South Sudan,1,0,African Cup of Nations qualification,Kira,Uganda,FALSE
11/10/24,South Africa,Congo,5,0,African Cup of Nations qualification,Gqeberha,South Africa,FALSE
11/10/24,Senegal,Malawi,4,0,African Cup of Nations qualification,Diamniadio,Senegal,FALSE
11/10/24,Guadeloupe,Martinique,0,1,CONCACAF Nations League,Le Gosier,Guadeloupe,FALSE
11/10/24,Suriname,Costa Rica,1,1,CONCACAF Nations League,Paramaribo,Suriname,FALSE
11/10/24,Guyana,Guatemala,1,3,CONCACAF Nations League,Leonora,Guyana,FALSE
11/10/24,Grenada,Cura√ßao,0,0,CONCACAF Nations League,Gros Islet,Saint Lucia,TRUE
11/10/24,Saint Lucia,Saint Martin,2,1,CONCACAF Nations League,Gros Islet,Saint Lucia,FALSE
11/10/24,Sint Maarten,Puerto Rico,3,2,CONCACAF Nations League,Oranjestad,Aruba,TRUE
11/10/24,Aruba,Haiti,1,3,CONCACAF Nations League,Oranjestad,Aruba,FALSE
11/10/24,Bosnia and Herzegovina,Germany,1,2,UEFA Nations League,Zenica,Bosnia and Herzegovina,FALSE
11/10/24,Hungary,Netherlands,1,1,UEFA Nations League,Budapest,Hungary,FALSE
11/10/24,Czech Republic,Albania,2,0,UEFA Nations League,Prague,Czech Republic,FALSE
11/10/24,Ukraine,Georgia,1,0,UEFA Nations League,Pozna≈Ñ,Poland,TRUE
11/10/24,Iceland,Wales,2,2,UEFA Nations League,Reykjav√≠k,Iceland,FALSE
11/10/24,Turkey,Montenegro,1,0,UEFA Nations League,Tekkek√∂y,Turkey,FALSE
11/10/24,Estonia,Azerbaijan,3,1,UEFA Nations League,Tallinn,Estonia,FALSE
11/10/24,Slovakia,Sweden,2,2,UEFA Nations League,Bratislava,Slovakia,FALSE
11/10/24,Peru,Uruguay,1,0,FIFA World Cup qualification,Lima,Peru,FALSE
11/10/24,New Zealand,Tahiti,3,0,FIFA World Cup qualification,Port Vila,Vanuatu,TRUE
11/10/24,Syria,Tajikistan,1,0,King's Cup,Songkhla,Thailand,TRUE
11/10/24,Thailand,Philippines,3,1,King's Cup,Songkhla,Thailand,FALSE
12/10/24,United States,Panama,2,0,Friendly,Austin,United States,FALSE
12/10/24,Vietnam,India,1,1,Friendly,Nam ƒê·ªãnh,Vietnam,FALSE
12/10/24,Morocco,Central African Republic,5,0,African Cup of Nations qualification,Oujda,Morocco,FALSE
12/10/24,Guinea,Ethiopia,4,1,African Cup of Nations qualification,Ebimp√©,Ivory Coast,TRUE
12/10/24,Antigua and Barbuda,Dominican Republic,0,5,CONCACAF Nations League,Hamilton,Bermuda,TRUE
12/10/24,Bermuda,Dominica,6,1,CONCACAF Nations League,Hamilton,Bermuda,FALSE
12/10/24,Bahamas,United States Virgin Islands,3,1,CONCACAF Nations League,Bridgetown,Barbados,TRUE
12/10/24,Turks and Caicos Islands,Anguilla,2,1,CONCACAF Nations League,Belmopan,Belize,TRUE
12/10/24,Cayman Islands,British Virgin Islands,1,0,CONCACAF Nations League,Basseterre,Saint Kitts and Nevis,TRUE
12/10/24,Croatia,Scotland,2,1,UEFA Nations League,Zagreb,Croatia,FALSE
12/10/24,Poland,Portugal,1,3,UEFA Nations League,Warsaw,Poland,FALSE
12/10/24,Serbia,Switzerland,2,0,UEFA Nations League,Leskovac,Serbia,FALSE
12/10/24,Spain,Denmark,1,0,UEFA Nations League,Murcia,Spain,FALSE
12/10/24,Lithuania,Kosovo,1,2,UEFA Nations League,Kaunas,Lithuania,FALSE
12/10/24,Cyprus,Romania,0,3,UEFA Nations League,Larnaca,Cyprus,FALSE
12/10/24,Bulgaria,Luxembourg,0,0,UEFA Nations League,Plovdiv,Bulgaria,FALSE
12/10/24,Belarus,Northern Ireland,0,0,UEFA Nations League,Zalaegerszeg,Hungary,TRUE
12/10/24,Vanuatu,Samoa,4,1,FIFA World Cup qualification,Port Vila,Vanuatu,FALSE
13/10/24,Andorra,San Marino,2,0,Friendly,Andorra la Vella,Andorra,FALSE
13/10/24,Myanmar,Sri Lanka,0,0,Friendly,Yangon,Myanmar,FALSE
13/10/24,Burundi,Burkina Faso,0,2,African Cup of Nations qualification,Abidjan,Ivory Coast,TRUE
13/10/24,Montserrat,Bonaire,0,1,CONCACAF Nations League,Kingstown,Saint Vincent and the Grenadines,TRUE
13/10/24,Saint Vincent and the Grenadines,El Salvador,2,1,CONCACAF Nations League,Kingstown,Saint Vincent and the Grenadines,FALSE
13/10/24,Finland,England,1,3,UEFA Nations League,Helsinki,Finland,FALSE
13/10/24,Greece,Republic of Ireland,2,0,UEFA Nations League,Piraeus,Greece,FALSE
13/10/24,Kazakhstan,Slovenia,0,1,UEFA Nations League,Astana,Kazakhstan,FALSE
13/10/24,Austria,Norway,5,1,UEFA Nations League,Linz,Austria,FALSE
13/10/24,Faroe Islands,Latvia,1,1,UEFA Nations League,T√≥rshavn,Faroe Islands,FALSE
13/10/24,Armenia,North Macedonia,0,2,UEFA Nations League,Yerevan,Armenia,FALSE
13/10/24,Liechtenstein,Gibraltar,0,0,UEFA Nations League,Vaduz,Liechtenstein,FALSE
13/10/24,Malta,Moldova,1,0,UEFA Nations League,Ta' Qali,Malta,FALSE
14/10/24,New Zealand,Malaysia,4,0,Friendly,Auckland,New Zealand,FALSE
14/10/24,Gambia,Madagascar,1,0,African Cup of Nations qualification,El Jadida,Morocco,TRUE
14/10/24,Liberia,Equatorial Guinea,1,2,African Cup of Nations qualification,Monrovia,Liberia,FALSE
14/10/24,Togo,Algeria,0,1,African Cup of Nations qualification,Lom√©,Togo,FALSE
14/10/24,Eswatini,Mozambique,0,3,African Cup of Nations qualification,Mbombela,South Africa,TRUE
14/10/24,Kenya,Cameroon,0,1,African Cup of Nations qualification,Kampala,Uganda,TRUE
14/10/24,Zimbabwe,Namibia,3,1,African Cup of Nations qualification,Johannesburg,South Africa,TRUE
14/10/24,Nicaragua,French Guiana,3,2,CONCACAF Nations League,Managua,Nicaragua,FALSE
14/10/24,Jamaica,Honduras,0,0,CONCACAF Nations League,Kingston,Jamaica,FALSE
14/10/24,Trinidad and Tobago,Cuba,3,1,CONCACAF Nations League,Bacolet,Trinidad and Tobago,FALSE
14/10/24,Cura√ßao,Grenada,1,0,CONCACAF Nations League,Gros Islet,Saint Lucia,TRUE
14/10/24,Saint Lucia,Saint Martin,0,4,CONCACAF Nations League,Gros Islet,Saint Lucia,FALSE
14/10/24,Puerto Rico,Sint Maarten,2,1,CONCACAF Nations League,Oranjestad,Aruba,TRUE
14/10/24,Aruba,Haiti,3,5,CONCACAF Nations League,Oranjestad,Aruba,FALSE
14/10/24,Belgium,France,1,2,UEFA Nations League,Leuven,Belgium,FALSE
14/10/24,Italy,Israel,4,1,UEFA Nations League,Udine,Italy,FALSE
14/10/24,Bosnia and Herzegovina,Hungary,0,2,UEFA Nations League,Zenica,Bosnia and Herzegovina,FALSE
14/10/24,Germany,Netherlands,1,0,UEFA Nations League,Munich,Germany,FALSE
14/10/24,Georgia,Albania,0,1,UEFA Nations League,Tbilisi,Georgia,FALSE
14/10/24,Ukraine,Czech Republic,1,1,UEFA Nations League,Wroc≈Çaw,Poland,TRUE
14/10/24,Iceland,Turkey,2,4,UEFA Nations League,Reykjav√≠k,Iceland,FALSE
14/10/24,Wales,Montenegro,1,0,UEFA Nations League,Cardiff,Wales,FALSE
14/10/24,Azerbaijan,Slovakia,1,3,UEFA Nations League,Baku,Azerbaijan,FALSE
14/10/24,Estonia,Sweden,0,3,UEFA Nations League,Tallinn,Estonia,FALSE
14/10/24,Tajikistan,Philippines,0,3,King's Cup,Songkhla,Thailand,TRUE
14/10/24,Thailand,Syria,2,1,King's Cup,Songkhla,Thailand,FALSE
15/10/24,Canada,Panama,2,1,Friendly,Toronto,Canada,FALSE
15/10/24,Hong Kong,Cambodia,3,0,Friendly,Hong Kong,Hong Kong,FALSE
15/10/24,Mexico,United States,2,0,Friendly,Zapopan,Mexico,FALSE
15/10/24,Comoros,Tunisia,1,1,African Cup of Nations qualification,Abidjan,Ivory Coast,TRUE
15/10/24,Lesotho,Gabon,0,2,African Cup of Nations qualification,Durban,South Africa,TRUE
15/10/24,Morocco,Central African Republic,4,0,African Cup of Nations qualification,Oujda,Morocco,FALSE
15/10/24,Mauritania,Egypt,0,1,African Cup of Nations qualification,Nouakchott,Mauritania,FALSE
15/10/24,Botswana,Cape Verde,1,0,African Cup of Nations qualification,Francistown,Botswana,FALSE
15/10/24,Rwanda,Benin,2,1,African Cup of Nations qualification,Kigali,Rwanda,FALSE
15/10/24,Sudan,Ghana,2,0,African Cup of Nations qualification,Benghazi,Libya,TRUE
15/10/24,Niger,Angola,0,1,African Cup of Nations qualification,Casablanca,Morocco,TRUE
15/10/24,Chad,Zambia,0,1,African Cup of Nations qualification,Yaounde,Cameroon,TRUE
15/10/24,Sierra Leone,Ivory Coast,1,0,African Cup of Nations qualification,Monrovia,Liberia,TRUE
15/10/24,Tanzania,DR Congo,0,2,African Cup of Nations qualification,Dar es Salaam,Tanzania,FALSE
15/10/24,Ethiopia,Guinea,0,3,African Cup of Nations qualification,Ebimp√©,Ivory Coast,TRUE
15/10/24,Guinea-Bissau,Mali,0,0,African Cup of Nations qualification,Bissau,Guinea-Bissau,FALSE
15/10/24,South Sudan,Uganda,1,2,African Cup of Nations qualification,Juba,South Sudan,FALSE
15/10/24,Congo,South Africa,1,1,African Cup of Nations qualification,Brazzaville,Congo,FALSE
15/10/24,Malawi,Senegal,0,1,African Cup of Nations qualification,Lilongwe,Malawi,FALSE
15/10/24,Costa Rica,Guatemala,3,0,CONCACAF Nations League,San Jos√©,Costa Rica,FALSE
15/10/24,Guadeloupe,Martinique,0,0,CONCACAF Nations League,Le Gosier,Guadeloupe,FALSE
15/10/24,Suriname,Guyana,5,1,CONCACAF Nations League,Paramaribo,Suriname,FALSE
15/10/24,Dominican Republic,Antigua and Barbuda,5,0,CONCACAF Nations League,Hamilton,Bermuda,TRUE
15/10/24,Bermuda,Dominica,3,2,CONCACAF Nations League,Hamilton,Bermuda,FALSE
15/10/24,Barbados,Bahamas,6,2,CONCACAF Nations League,Bridgetown,Barbados,FALSE
15/10/24,Belize,Turks and Caicos Islands,3,0,CONCACAF Nations League,Belmopan,Belize,FALSE
15/10/24,Saint Kitts and Nevis,Cayman Islands,1,1,CONCACAF Nations League,Basseterre,Saint Kitts and Nevis,FALSE
15/10/24,Scotland,Portugal,0,0,UEFA Nations League,Glasgow,Scotland,FALSE
15/10/24,Poland,Croatia,3,3,UEFA Nations League,Warsaw,Poland,FALSE
15/10/24,Spain,Serbia,3,0,UEFA Nations League,Cordoba,Spain,FALSE
15/10/24,Switzerland,Denmark,2,2,UEFA Nations League,St. Gallen,Switzerland,FALSE
15/10/24,Kosovo,Cyprus,3,0,UEFA Nations League,Pristina,Kosovo,FALSE
15/10/24,Lithuania,Romania,1,2,UEFA Nations League,Kaunas,Lithuania,FALSE
15/10/24,Northern Ireland,Bulgaria,5,0,UEFA Nations League,Belfast,Northern Ireland,FALSE
15/10/24,Belarus,Luxembourg,1,1,UEFA Nations League,Zalaegerszeg,Hungary,TRUE
15/10/24,Colombia,Chile,4,0,FIFA World Cup qualification,Barranquilla,Colombia,FALSE
15/10/24,Paraguay,Venezuela,2,1,FIFA World Cup qualification,Asunci√≥n,Paraguay,FALSE
15/10/24,Uruguay,Ecuador,0,0,FIFA World Cup qualification,Montevideo,Uruguay,FALSE
15/10/24,Argentina,Bolivia,6,0,FIFA World Cup qualification,Buenos Aires,Argentina,FALSE
15/10/24,Brazil,Peru,4,0,FIFA World Cup qualification,Bras√≠lia,Brazil,FALSE
15/10/24,Uzbekistan,United Arab Emirates,1,0,FIFA World Cup qualification,Tashkent,Uzbekistan,FALSE
15/10/24,Iran,Qatar,4,1,FIFA World Cup qualification,Dubai,United Arab Emirates,TRUE
15/10/24,Kyrgyzstan,North Korea,1,0,FIFA World Cup qualification,Bishkek,Kyrgyzstan,FALSE
15/10/24,Jordan,Oman,4,0,FIFA World Cup qualification,Amman,Jordan,FALSE
15/10/24,Palestine,Kuwait,2,2,FIFA World Cup qualification,Al Rayyan,Qatar,TRUE
15/10/24,South Korea,Iraq,3,2,FIFA World Cup qualification,Yongin,South Korea,FALSE
15/10/24,Japan,Australia,1,1,FIFA World Cup qualification,Saitama,Japan,FALSE
15/10/24,China PR,Indonesia,2,1,FIFA World Cup qualification,Qingdao,China PR,FALSE
15/10/24,Saudi Arabia,Bahrain,0,0,FIFA World Cup qualification,Jeddah,Saudi Arabia,FALSE
15/10/24,Timor-Leste,Brunei,0,0,ASEAN Championship qualification,Chonburi,Thailand,TRUE
13/11/24,Bangladesh,Maldives,0,1,Friendly,Dhaka,Bangladesh,FALSE
13/11/24,Tajikistan,Nepal,4,0,Friendly,Dushanbe,Tajikistan,FALSE
13/11/24,Liberia,Togo,1,0,African Cup of Nations qualification,Monrovia,Liberia,FALSE
13/11/24,Chad,Sierra Leone,1,1,African Cup of Nations qualification,Abidjan,Ivory Coast,TRUE
13/11/24,Namibia,Cameroon,0,0,African Cup of Nations qualification,Johannesburg,South Africa,TRUE
14/11/24,Belgium,Italy,0,1,UEFA Nations League,Brussels,Belgium,FALSE
14/11/24,France,Israel,0,0,UEFA Nations League,Paris,France,FALSE
14/11/24,Republic of Ireland,Finland,1,0,UEFA Nations League,Dublin,Republic of Ireland,FALSE
14/11/24,Greece,England,0,3,UEFA Nations League,Athens,Greece,FALSE
14/11/24,Kazakhstan,Austria,0,2,UEFA Nations League,Almaty,Kazakhstan,FALSE
14/11/24,Slovenia,Norway,1,4,UEFA Nations League,Ljubljana,Slovenia,FALSE
14/11/24,North Macedonia,Latvia,1,0,UEFA Nations League,Skopje,North Macedonia,FALSE
14/11/24,Armenia,Faroe Islands,0,1,UEFA Nations League,Yerevan,Armenia,FALSE
14/11/24,Montserrat,Saint Vincent and the Grenadines,1,2,CONCACAF Nations League,San Salvador,El Salvador,TRUE
14/11/24,El Salvador,Bonaire,1,0,CONCACAF Nations League,San Salvador,El Salvador,FALSE
14/11/24,Belize,French Guiana,2,1,CONCACAF Nations League,Belmopan,Belize,FALSE
14/11/24,Saint Kitts and Nevis,Cuba,2,1,CONCACAF Nations League,Basseterre,Saint Kitts and Nevis,FALSE
14/11/24,Costa Rica,Panama,0,1,CONCACAF Nations League,San Jos√©,Costa Rica,FALSE
14/11/24,Jamaica,United States,0,1,CONCACAF Nations League,Kingston,Jamaica,FALSE
14/11/24,Hong Kong,Philippines,3,1,Friendly,Hong Kong,Hong Kong,FALSE
14/11/24,Malaysia,Laos,3,1,Friendly,Bangkok,Thailand,TRUE
14/11/24,Malta,Liechtenstein,2,0,Friendly,Ta' Qali,Malta,FALSE
14/11/24,Singapore,Myanmar,3,2,Friendly,Kallang,Singapore,FALSE
14/11/24,Thailand,Lebanon,0,0,Friendly,Pathum Thani,Thailand,FALSE
14/11/24,Venezuela,Brazil,1,1,FIFA World Cup qualification,Matur√≠n,Venezuela,FALSE
14/11/24,Ecuador,Bolivia,4,0,FIFA World Cup qualification,Guayaquil,Ecuador,FALSE
14/11/24,Paraguay,Argentina,2,1,FIFA World Cup qualification,Asunci√≥n,Paraguay,FALSE
14/11/24,Solomon Islands,New Caledonia,2,3,FIFA World Cup qualification,Port Moresby,Papua New Guinea,TRUE
14/11/24,Papua New Guinea,Fiji,3,3,FIFA World Cup qualification,Port Moresby,Papua New Guinea,FALSE
14/11/24,North Korea,Iran,2,3,FIFA World Cup qualification,Vientiane,Laos,TRUE
14/11/24,Qatar,Uzbekistan,3,2,FIFA World Cup qualification,Al Rayyan,Qatar,FALSE
14/11/24,United Arab Emirates,Kyrgyzstan,3,0,FIFA World Cup qualification,Abu Dhabi,United Arab Emirates,FALSE
14/11/24,Kuwait,South Korea,1,3,FIFA World Cup qualification,Kuwait City,Kuwait,FALSE
14/11/24,Iraq,Jordan,0,0,FIFA World Cup qualification,Basra,Iraq,FALSE
14/11/24,Oman,Palestine,1,0,FIFA World Cup qualification,Muscat,Oman,FALSE
14/11/24,Bahrain,China PR,0,1,FIFA World Cup qualification,Riffa,Bahrain,FALSE
14/11/24,Australia,Saudi Arabia,0,0,FIFA World Cup qualification,Melbourne,Australia,FALSE
14/11/24,Madagascar,Tunisia,2,3,African Cup of Nations qualification,Pretoria,South Africa,TRUE
14/11/24,Lesotho,Central African Republic,1,0,African Cup of Nations qualification,Bloemfontein,South Africa,TRUE
14/11/24,Rwanda,Libya,0,1,African Cup of Nations qualification,Kigali,Rwanda,FALSE
14/11/24,Benin,Nigeria,1,1,African Cup of Nations qualification,Abidjan,Ivory Coast,TRUE
14/11/24,Equatorial Guinea,Algeria,0,0,African Cup of Nations qualification,Malabo,Equatorial Guinea,FALSE
14/11/24,Niger,Sudan,4,0,African Cup of Nations qualification,Lom√©,Togo,TRUE
14/11/24,South Sudan,Congo,3,2,African Cup of Nations qualification,Juba,South Sudan,FALSE
14/11/24,Burundi,Malawi,0,0,African Cup of Nations qualification,Abidjan,Ivory Coast,TRUE
14/11/24,Burkina Faso,Senegal,0,1,African Cup of Nations qualification,Bamako,Mali,TRUE
15/11/24,Portugal,Poland,5,1,UEFA Nations League,Porto,Portugal,FALSE
15/11/24,Scotland,Croatia,1,0,UEFA Nations League,Glasgow,Scotland,FALSE
15/11/24,Denmark,Spain,1,2,UEFA Nations League,Copenhagen,Denmark,FALSE
15/11/24,Switzerland,Serbia,1,1,UEFA Nations League,Z√ºrich,Switzerland,FALSE
15/11/24,Cyprus,Lithuania,2,1,UEFA Nations League,Larnaca,Cyprus,FALSE
15/11/24,Romania,Kosovo,0,0,UEFA Nations League,Bucharest,Romania,FALSE
15/11/24,Northern Ireland,Belarus,2,0,UEFA Nations League,Belfast,Northern Ireland,FALSE
15/11/24,Luxembourg,Bulgaria,0,1,UEFA Nations League,Luxembourg,Luxembourg,FALSE
15/11/24,San Marino,Gibraltar,1,1,UEFA Nations League,Serravalle,San Marino,FALSE
15/11/24,Saint Lucia,Grenada,0,4,CONCACAF Nations League,Willemstad,Cura√ßao,TRUE
15/11/24,Cura√ßao,Saint Martin,5,0,CONCACAF Nations League,Willemstad,Cura√ßao,FALSE
15/11/24,Puerto Rico,Aruba,5,1,CONCACAF Nations League,Mayag√ºez,Puerto Rico,FALSE
15/11/24,Sint Maarten,Haiti,0,8,CONCACAF Nations League,Mayag√ºez,Puerto Rico,TRUE
15/11/24,Barbados,Guyana,1,4,CONCACAF Nations League,Bridgetown,Barbados,FALSE
15/11/24,Cayman Islands,Guadeloupe,0,6,CONCACAF Nations League,George Town,Cayman Islands,FALSE
15/11/24,Honduras,Mexico,2,0,CONCACAF Nations League,San Pedro Sula,Honduras,FALSE
15/11/24,Suriname,Canada,0,1,CONCACAF Nations League,Paramaribo,Suriname,FALSE
15/11/24,Peru,Chile,0,0,FIFA World Cup qualification,Lima,Peru,FALSE
15/11/24,Uruguay,Colombia,3,2,FIFA World Cup qualification,Montevideo,Uruguay,FALSE
15/11/24,Samoa,Tahiti,0,3,FIFA World Cup qualification,Hamilton,New Zealand,TRUE
15/11/24,New Zealand,Vanuatu,8,1,FIFA World Cup qualification,Hamilton,New Zealand,FALSE
15/11/24,Indonesia,Japan,0,4,FIFA World Cup qualification,Jakarta,Indonesia,FALSE
15/11/24,Russia,Brunei,2,1,Friendly,Krasnodar,Russia,FALSE
15/11/24,Gambia,Comoros,1,2,African Cup of Nations qualification,Berkane,Morocco,TRUE
15/11/24,Gabon,Morocco,1,5,African Cup of Nations qualification,Franceville,Gabon,FALSE
15/11/24,Botswana,Mauritania,1,1,African Cup of Nations qualification,Francistown,Botswana,FALSE
15/11/24,Cape Verde,Egypt,1,1,African Cup of Nations qualification,Praia,Cape Verde,FALSE
15/11/24,Angola,Ghana,1,1,African Cup of Nations qualification,Talatona,Angola,FALSE
15/11/24,Zambia,Ivory Coast,1,0,African Cup of Nations qualification,Ndola,Zambia,FALSE
15/11/24,Eswatini,Guinea-Bissau,1,1,African Cup of Nations qualification,Mbombela,South Africa,TRUE
15/11/24,Mozambique,Mali,0,1,African Cup of Nations qualification,Maputo,Mozambique,FALSE
15/11/24,Zimbabwe,Kenya,1,1,African Cup of Nations qualification,Polokwane,South Africa,TRUE
15/11/24,Uganda,South Africa,0,2,African Cup of Nations qualification,Kampala,Uganda,FALSE
16/11/24,Germany,Bosnia and Herzegovina,7,0,UEFA Nations League,Freiburg,Germany,FALSE
16/11/24,Netherlands,Hungary,4,0,UEFA Nations League,Amsterdam,Netherlands,FALSE
16/11/24,Albania,Czech Republic,0,0,UEFA Nations League,Tirana,Albania,FALSE
16/11/24,Georgia,Ukraine,1,1,UEFA Nations League,Batumi,Georgia,FALSE
16/11/24,Montenegro,Iceland,0,2,UEFA Nations League,Nik≈°iƒá,Montenegro,FALSE
16/11/24,Turkey,Wales,0,0,UEFA Nations League,Kayseri,Turkey,FALSE
16/11/24,Azerbaijan,Estonia,0,0,UEFA Nations League,Gabala,Azerbaijan,FALSE
16/11/24,Sweden,Slovakia,2,1,UEFA Nations League,Solna,Sweden,FALSE
16/11/24,Andorra,Moldova,0,1,UEFA Nations League,Andorra la Vella,Andorra,FALSE
16/11/24,Bermuda,Antigua and Barbuda,2,1,CONCACAF Nations League,Santiago de los Caballeros,Dominican Republic,TRUE
16/11/24,Dominican Republic,Dominica,6,1,CONCACAF Nations League,Santiago de los Caballeros,Dominican Republic,FALSE
16/11/24,Bangladesh,Maldives,2,1,Friendly,Dhaka,Bangladesh,FALSE
16/11/24,Nepal,Afghanistan,2,0,Friendly,Dushanbe,Tajikistan,TRUE
16/11/24,Sri Lanka,Yemen,1,0,Friendly,Al Khor,Qatar,TRUE
16/11/24,Ethiopia,Tanzania,0,2,African Cup of Nations qualification,Kinshasa,DR Congo,TRUE
16/11/24,Guinea,DR Congo,1,0,African Cup of Nations qualification,Abidjan,Ivory Coast,TRUE
17/11/24,Israel,Belgium,1,0,UEFA Nations League,Budapest,Hungary,TRUE
17/11/24,Italy,France,1,3,UEFA Nations League,Milan,Italy,FALSE
17/11/24,England,Republic of Ireland,5,0,UEFA Nations League,London,England,FALSE
17/11/24,Finland,Greece,0,2,UEFA Nations League,Helsinki,Finland,FALSE
17/11/24,Norway,Kazakhstan,5,0,UEFA Nations League,Oslo,Norway,FALSE
17/11/24,Austria,Slovenia,1,1,UEFA Nations League,Vienna,Austria,FALSE
17/11/24,North Macedonia,Faroe Islands,1,0,UEFA Nations League,Skopje,North Macedonia,FALSE
17/11/24,Latvia,Armenia,1,2,UEFA Nations League,Riga,Latvia,FALSE
17/11/24,Saint Vincent and the Grenadines,Bonaire,3,1,CONCACAF Nations League,San Salvador,El Salvador,TRUE
17/11/24,El Salvador,Montserrat,1,0,CONCACAF Nations League,San Salvador,El Salvador,FALSE
17/11/24,Thailand,Laos,1,1,Friendly,Pathum Thani,Thailand,FALSE
17/11/24,Fiji,New Caledonia,1,1,FIFA World Cup qualification,Port Moresby,Papua New Guinea,TRUE
17/11/24,Papua New Guinea,Solomon Islands,1,2,FIFA World Cup qualification,Port Moresby,Papua New Guinea,FALSE
17/11/24,Algeria,Liberia,5,1,African Cup of Nations qualification,Tizi Ouzou,Algeria,FALSE
17/11/24,Togo,Equatorial Guinea,3,0,African Cup of Nations qualification,Lom√©,Togo,FALSE
18/11/24,Croatia,Portugal,1,1,UEFA Nations League,Split,Croatia,FALSE
18/11/24,Poland,Scotland,1,2,UEFA Nations League,Warsaw,Poland,FALSE
18/11/24,Serbia,Denmark,0,0,UEFA Nations League,Leskovac,Serbia,FALSE
18/11/24,Spain,Switzerland,3,2,UEFA Nations League,Santa Cruz de Tenerife,Spain,FALSE
18/11/24,Kosovo,Lithuania,1,0,UEFA Nations League,Pristina,Kosovo,FALSE
18/11/24,Romania,Cyprus,4,1,UEFA Nations League,Bucharest,Romania,FALSE
18/11/24,Luxembourg,Northern Ireland,2,2,UEFA Nations League,Luxembourg,Luxembourg,FALSE
18/11/24,Bulgaria,Belarus,1,1,UEFA Nations League,Sofia,Bulgaria,FALSE
18/11/24,Liechtenstein,San Marino,1,3,UEFA Nations League,Vaduz,Liechtenstein,FALSE
18/11/24,Grenada,Saint Martin,0,3,CONCACAF Nations League,Gros Islet,Saint Lucia,TRUE
18/11/24,Saint Lucia,Cura√ßao,1,4,CONCACAF Nations League,Gros Islet,Saint Lucia,FALSE
18/11/24,Aruba,Sint Maarten,0,1,CONCACAF Nations League,Mayag√ºez,Puerto Rico,TRUE
18/11/24,Puerto Rico,Haiti,0,3,CONCACAF Nations League,Mayag√ºez,Puerto Rico,FALSE
18/11/24,Cuba,Saint Kitts and Nevis,4,0,CONCACAF Nations League,Santiago,Cuba,FALSE
18/11/24,Panama,Costa Rica,2,2,CONCACAF Nations League,Panama City,Panama,FALSE
18/11/24,United States,Jamaica,4,2,CONCACAF Nations League,Saint Louis,United States,FALSE
18/11/24,India,Malaysia,1,1,Friendly,Hyderabad,India,FALSE
18/11/24,Singapore,Taiwan,2,3,Friendly,Kallang,Singapore,FALSE
18/11/24,Tahiti,Vanuatu,2,0,FIFA World Cup qualification,Auckland,New Zealand,TRUE
18/11/24,New Zealand,Samoa,8,0,FIFA World Cup qualification,Auckland,New Zealand,FALSE
18/11/24,Tunisia,Gambia,0,1,African Cup of Nations qualification,Tunis,Tunisia,FALSE
18/11/24,Comoros,Madagascar,1,0,African Cup of Nations qualification,Al Hoceima,Morocco,TRUE
18/11/24,Morocco,Lesotho,7,0,African Cup of Nations qualification,Oujda,Morocco,FALSE
18/11/24,Central African Republic,Gabon,0,1,African Cup of Nations qualification,Johannesburg,South Africa,TRUE
18/11/24,Nigeria,Rwanda,1,2,African Cup of Nations qualification,Uyo,Nigeria,FALSE
18/11/24,Libya,Benin,0,0,African Cup of Nations qualification,Tripoli,Libya,FALSE
18/11/24,Ghana,Niger,1,2,African Cup of Nations qualification,Accra,Ghana,FALSE
18/11/24,Sudan,Angola,0,0,African Cup of Nations qualification,Benghazi,Libya,TRUE
18/11/24,Malawi,Burkina Faso,3,0,African Cup of Nations qualification,Lilongwe,Malawi,FALSE
19/11/24,Bosnia and Herzegovina,Netherlands,1,1,UEFA Nations League,Zenica,Bosnia and Herzegovina,FALSE
19/11/24,Hungary,Germany,1,1,UEFA Nations League,Budapest,Hungary,FALSE
19/11/24,Albania,Ukraine,1,2,UEFA Nations League,Tirana,Albania,FALSE
19/11/24,Czech Republic,Georgia,2,1,UEFA Nations League,Olomouc,Czech Republic,FALSE
19/11/24,Wales,Iceland,4,1,UEFA Nations League,Cardiff,Wales,FALSE
19/11/24,Montenegro,Turkey,3,1,UEFA Nations League,Podgorica,Montenegro,FALSE
19/11/24,Slovakia,Estonia,1,0,UEFA Nations League,Trnava,Slovakia,FALSE
19/11/24,Sweden,Azerbaijan,6,0,UEFA Nations League,Solna,Sweden,FALSE
19/11/24,Malta,Andorra,0,0,UEFA Nations League,Ta' Qali,Malta,FALSE
19/11/24,Antigua and Barbuda,Dominica,0,0,CONCACAF Nations League,Santiago de los Caballeros,Dominican Republic,TRUE
19/11/24,Dominican Republic,Bermuda,6,1,CONCACAF Nations League,Santiago de los Caballeros,Dominican Republic,FALSE
19/11/24,French Guiana,Belize,2,2,CONCACAF Nations League,Paramaribo,Suriname,TRUE
19/11/24,Guadeloupe,Cayman Islands,1,0,CONCACAF Nations League,Le Gosier,Guadeloupe,FALSE
19/11/24,Guyana,Barbados,5,3,CONCACAF Nations League,Georgetown,Guyana,FALSE
19/11/24,Canada,Suriname,3,0,CONCACAF Nations League,Toronto,Canada,FALSE
19/11/24,Mexico,Honduras,4,0,CONCACAF Nations League,Toluca,Mexico,FALSE
19/11/24,Gibraltar,Moldova,1,1,Friendly,Gibraltar,Gibraltar,FALSE
19/11/24,Hong Kong,Mauritius,1,0,Friendly,Hong Kong,Hong Kong,FALSE
19/11/24,Myanmar,Lebanon,2,3,Friendly,Yangon,Myanmar,FALSE
19/11/24,Russia,Syria,4,0,Friendly,Volgograd,Russia,FALSE
19/11/24,Sri Lanka,Yemen,0,2,Friendly,Al Khor,Qatar,TRUE
19/11/24,Tajikistan,Afghanistan,3,1,Friendly,Dushanbe,Tajikistan,FALSE
19/11/24,Bolivia,Paraguay,2,2,FIFA World Cup qualification,El Alto,Bolivia,FALSE
19/11/24,Colombia,Ecuador,0,1,FIFA World Cup qualification,Barranquilla,Colombia,FALSE
19/11/24,Argentina,Peru,1,0,FIFA World Cup qualification,Buenos Aires,Argentina,FALSE
19/11/24,Chile,Venezuela,4,2,FIFA World Cup qualification,Santiago,Chile,FALSE
19/11/24,Brazil,Uruguay,1,1,FIFA World Cup qualification,Salvador,Brazil,FALSE
19/11/24,North Korea,Uzbekistan,0,1,FIFA World Cup qualification,Vientiane,Laos,TRUE
19/11/24,Kyrgyzstan,Iran,2,3,FIFA World Cup qualification,Bishkek,Kyrgyzstan,FALSE
19/11/24,United Arab Emirates,Qatar,5,0,FIFA World Cup qualification,Abu Dhabi,United Arab Emirates,FALSE
19/11/24,Palestine,South Korea,1,1,FIFA World Cup qualification,Amman,Jordan,TRUE
19/11/24,Oman,Iraq,0,1,FIFA World Cup qualification,Muscat,Oman,FALSE
19/11/24,Kuwait,Jordan,1,1,FIFA World Cup qualification,Kuwait City,Kuwait,FALSE
19/11/24,Bahrain,Australia,2,2,FIFA World Cup qualification,Riffa,Bahrain,FALSE
19/11/24,Indonesia,Saudi Arabia,2,0,FIFA World Cup qualification,Jakarta,Indonesia,FALSE
19/11/24,China PR,Japan,1,3,FIFA World Cup qualification,Xiamen,China PR,FALSE
19/11/24,Egypt,Botswana,1,1,African Cup of Nations qualification,Cairo,Egypt,FALSE
19/11/24,Mauritania,Cape Verde,1,0,African Cup of Nations qualification,Nouakchott,Mauritania,FALSE
19/11/24,Ivory Coast,Chad,4,0,African Cup of Nations qualification,Abidjan,Ivory Coast,FALSE
19/11/24,Sierra Leone,Zambia,0,2,African Cup of Nations qualification,Monrovia,Liberia,TRUE
19/11/24,DR Congo,Ethiopia,1,2,African Cup of Nations qualification,Kinshasa,DR Congo,FALSE
19/11/24,Tanzania,Guinea,1,0,African Cup of Nations qualification,Dar es Salaam,Tanzania,FALSE
19/11/24,Mali,Eswatini,6,0,African Cup of Nations qualification,Bamako,Mali,FALSE
19/11/24,Guinea-Bissau,Mozambique,1,2,African Cup of Nations qualification,Bissau,Guinea-Bissau,FALSE
19/11/24,Cameroon,Zimbabwe,2,1,African Cup of Nations qualification,Yaound√©,Cameroon,FALSE
19/11/24,Kenya,Namibia,0,0,African Cup of Nations qualification,Polokwane,South Africa,TRUE
19/11/24,South Africa,South Sudan,3,0,African Cup of Nations qualification,Cape Town,South Africa,FALSE
19/11/24,Congo,Uganda,0,1,African Cup of Nations qualification,Brazzaville,Congo,FALSE
19/11/24,Senegal,Burundi,2,0,African Cup of Nations qualification,Dakar,Senegal,FALSE
08/12/24,Cambodia,Malaysia,2,2,ASEAN Championship,Phnom Penh,Cambodia,FALSE
08/12/24,Timor-Leste,Thailand,0,10,ASEAN Championship,Hanoi,Vietnam,TRUE
08/12/24,Hong Kong,Mongolia,3,0,EAFF Championship qualification,Hong Kong,Hong Kong,FALSE
09/12/24,Myanmar,Indonesia,0,1,ASEAN Championship,Yangon,Myanmar,FALSE
09/12/24,Laos,Vietnam,1,4,ASEAN Championship,Vientiane,Laos,FALSE
09/12/24,Solomon Islands,Vanuatu,4,1,MSG Prime Minister's Cup,Honiara,Solomon Islands,FALSE
11/12/24,Singapore,Cambodia,2,1,ASEAN Championship,Singapore,Singapore,FALSE
11/12/24,Malaysia,Timor-Leste,3,2,ASEAN Championship,Kuala Lumpur,Malaysia,FALSE
11/12/24,Taiwan,Mongolia,4,0,EAFF Championship qualification,Hong Kong,Hong Kong,TRUE
12/12/24,Philippines,Myanmar,1,1,ASEAN Championship,Manila,Philippines,FALSE
12/12/24,Indonesia,Laos,3,3,ASEAN Championship,Surakarta,Indonesia,FALSE
12/12/24,Fiji,Vanuatu,1,1,MSG Prime Minister's Cup,Honiara,Solomon Islands,TRUE
14/12/24,Timor-Leste,Singapore,0,3,ASEAN Championship,Hanoi,Vietnam,TRUE
14/12/24,Thailand,Malaysia,1,0,ASEAN Championship,Bangkok,Thailand,FALSE
14/12/24,Macau,Guam,1,2,EAFF Championship qualification,Hong Kong,Hong Kong,TRUE
14/12/24,Hong Kong,Taiwan,2,1,EAFF Championship qualification,Hong Kong,Hong Kong,FALSE
15/12/24,Laos,Philippines,1,1,ASEAN Championship,Vientiane,Laos,FALSE
15/12/24,Vietnam,Indonesia,1,0,ASEAN Championship,Vi·ªát Tr√¨,Vietnam,FALSE
15/12/24,Papua New Guinea,Fiji,1,1,MSG Prime Minister's Cup,Honiara,Solomon Islands,TRUE
17/12/24,Cambodia,Timor-Leste,2,1,ASEAN Championship,Phnom Penh,Cambodia,FALSE
17/12/24,Singapore,Thailand,2,4,ASEAN Championship,Singapore,Singapore,FALSE
17/12/24,Hong Kong,Guam,5,0,EAFF Championship qualification,Hong Kong,Hong Kong,FALSE
18/12/24,Myanmar,Laos,3,2,ASEAN Championship,Yangon,Myanmar,FALSE
18/12/24,Philippines,Vietnam,1,1,ASEAN Championship,Manila,Philippines,FALSE
18/12/24,Solomon Islands,Papua New Guinea,2,3,MSG Prime Minister's Cup,Honiara,Solomon Islands,FALSE
20/12/24,Thailand,Cambodia,3,2,ASEAN Championship,Bangkok,Thailand,FALSE
20/12/24,Malaysia,Singapore,0,0,ASEAN Championship,Kuala Lumpur,Malaysia,FALSE
21/12/24,Vietnam,Myanmar,5,0,ASEAN Championship,Vi·ªát Tr√¨,Vietnam,FALSE
21/12/24,Indonesia,Philippines,0,1,ASEAN Championship,Surakarta,Indonesia,FALSE
21/12/24,Kuwait,Oman,1,1,Gulf Cup,Kuwait City,Kuwait,FALSE
21/12/24,Qatar,United Arab Emirates,1,1,Gulf Cup,Sulaibikhat,Kuwait,TRUE
21/12/24,Vanuatu,Papua New Guinea,1,2,MSG Prime Minister's Cup,Honiara,Solomon Islands,TRUE
21/12/24,Solomon Islands,Fiji,1,3,MSG Prime Minister's Cup,Honiara,Solomon Islands,FALSE
22/12/24,Iraq,Yemen,1,0,Gulf Cup,Sulaibikhat,Kuwait,TRUE
22/12/24,Saudi Arabia,Bahrain,2,3,Gulf Cup,Kuwait City,Kuwait,TRUE
24/12/24,Oman,Qatar,2,1,Gulf Cup,Sulaibikhat,Kuwait,TRUE
24/12/24,Kuwait,United Arab Emirates,2,1,Gulf Cup,Kuwait City,Kuwait,FALSE
25/12/24,Yemen,Saudi Arabia,2,3,Gulf Cup,Sulaibikhat,Kuwait,TRUE
25/12/24,Bahrain,Iraq,2,0,Gulf Cup,Kuwait City,Kuwait,TRUE
26/12/24,Singapore,Vietnam,0,2,ASEAN Championship,Singapore,Singapore,FALSE
27/12/24,Philippines,Thailand,2,1,ASEAN Championship,Manila,Philippines,FALSE
27/12/24,Kuwait,Qatar,1,1,Gulf Cup,Kuwait City,Kuwait,FALSE
27/12/24,United Arab Emirates,Oman,1,1,Gulf Cup,Sulaibikhat,Kuwait,TRUE
28/12/24,Iraq,Saudi Arabia,1,3,Gulf Cup,Kuwait City,Kuwait,TRUE
28/12/24,Bahrain,Yemen,1,2,Gulf Cup,Sulaibikhat,Kuwait,TRUE
29/12/24,Vietnam,Singapore,3,1,ASEAN Championship,Vi·ªát Tr√¨,Vietnam,FALSE
30/12/24,Thailand,Philippines,3,1,ASEAN Championship,Bangkok,Thailand,FALSE
31/12/24,Oman,Saudi Arabia,2,1,Gulf Cup,Sulaibikhat,Kuwait,TRUE
31/12/24,Kuwait,Bahrain,0,1,Gulf Cup,Kuwait City,Kuwait,FALSE
02/01/25,Vietnam,Thailand,2,1,ASEAN Championship,Vi·ªát Tr√¨,Vietnam,FALSE
03/01/25,Zanzibar,Tanzania,1,0,Mapinduzi Cup,Gombani,Zanzibar,FALSE
04/01/25,Oman,Bahrain,1,2,Gulf Cup,Kuwait City,Kuwait,TRUE
04/01/25,Burkina Faso,Kenya,1,1,Mapinduzi Cup,Gombani,Zanzibar,TRUE
05/01/25,Thailand,Vietnam,2,3,ASEAN Championship,Bangkok,Thailand,FALSE
06/01/25,Zanzibar,Burkina Faso,0,1,Mapinduzi Cup,Gombani,Zanzibar,FALSE
07/01/25,Tanzania,Kenya,0,2,Mapinduzi Cup,Gombani,Zanzibar,TRUE
09/01/25,Tanzania,Burkina Faso,0,2,Mapinduzi Cup,Gombani,Zanzibar,TRUE
10/01/25,Zanzibar,Kenya,1,0,Mapinduzi Cup,Gombani,Zanzibar,FALSE
13/01/25,Zanzibar,Burkina Faso,2,1,Mapinduzi Cup,Gombani,Zanzibar,FALSE
18/01/25,United States,Venezuela,3,1,Friendly,Fort Lauderdale,United States,FALSE
22/01/25,United States,Costa Rica,3,0,Friendly,Orlando,United States,FALSE
22/01/25,Uzbekistan,Jordan,0,0,Friendly,Doha,Qatar,TRUE
07/02/25,Jamaica,Trinidad and Tobago,1,0,Friendly,Montego Bay,Jamaica,FALSE
08/02/25,Chile,Panama,6,1,Friendly,Santiago,Chile,FALSE
10/02/25,Jamaica,Trinidad and Tobago,1,1,Friendly,Kingston,Jamaica,FALSE
13/02/25,Oman,Sudan,0,0,Friendly,Muscat,Oman,FALSE
09/03/25,Saint Vincent and the Grenadines,Grenada,1,1,Friendly,Kingston,Saint Vincent and the Grenadines,FALSE
13/03/25,Oman,Sudan,0,0,Friendly,Muscat,Oman,FALSE
14/03/25,Jordan,North Korea,1,1,Friendly,Amman,Jordan,FALSE
16/03/25,Honduras,Guatemala,1,2,Friendly,Fort Lauderdale,United States,TRUE
19/03/25,Hong Kong,Macau,2,0,Friendly,Hong Kong,Hong Kong,FALSE
19/03/25,India,Maldives,3,0,Friendly,Shillong,India,FALSE
19/03/25,Vietnam,Cambodia,2,1,Friendly,Thu Dau Mot,Vietnam,FALSE
19/03/25,Eswatini,Cameroon,0,0,FIFA World Cup qualification,Mbombela,South Africa,TRUE
19/03/25,Liberia,Tunisia,0,1,FIFA World Cup qualification,Monrovia,Liberia,FALSE
19/03/25,Central African Republic,Madagascar,1,4,FIFA World Cup qualification,Casablanca,Morocco,TRUE
19/03/25,Kazakhstan,Cura√ßao,2,0,Friendly,Antalya,Turkey,TRUE
19/03/25,Russia,Grenada,5,0,Friendly,Moscow,Russia,FALSE
20/03/25,Canada,Mexico,0,2,CONCACAF Nations League,Inglewood,United States,TRUE
20/03/25,United States,Panama,0,1,CONCACAF Nations League,Inglewood,United States,FALSE
20/03/25,Croatia,France,2,0,UEFA Nations League,Split,Croatia,FALSE
20/03/25,Denmark,Portugal,1,0,UEFA Nations League,Copenhagen,Denmark,FALSE
20/03/25,Italy,Germany,1,2,UEFA Nations League,Milan,Italy,FALSE
20/03/25,Netherlands,Spain,2,2,UEFA Nations League,Rotterdam,Netherlands,FALSE
20/03/25,Austria,Serbia,1,1,UEFA Nations League,Vienna,Austria,FALSE
20/03/25,Greece,Scotland,0,1,UEFA Nations League,Piraeus,Greece,FALSE
20/03/25,Turkey,Hungary,3,1,UEFA Nations League,Istanbul,Turkey,FALSE
20/03/25,Ukraine,Belgium,3,1,UEFA Nations League,Murcia,Spain,TRUE
20/03/25,Armenia,Georgia,0,3,UEFA Nations League,Yerevan,Armenia,FALSE
20/03/25,Bulgaria,Republic of Ireland,1,2,UEFA Nations League,Plovdiv,Bulgaria,FALSE
20/03/25,Kosovo,Iceland,2,1,UEFA Nations League,Pristina,Kosovo,FALSE
20/03/25,Slovakia,Slovenia,0,0,UEFA Nations League,Bratislava,Slovakia,FALSE
20/03/25,Laos,Sri Lanka,1,2,Friendly,Vientiane,Laos,FALSE
20/03/25,Tajikistan,Belarus,0,5,Friendly,Dushanbe,Tajikistan,FALSE
20/03/25,Paraguay,Chile,1,0,FIFA World Cup qualification,Asunci√≥n,Paraguay,FALSE
20/03/25,Peru,Bolivia,3,1,FIFA World Cup qualification,Lima,Peru,FALSE
20/03/25,Brazil,Colombia,2,1,FIFA World Cup qualification,Bras√≠lia,Brazil,FALSE
20/03/25,Iran,United Arab Emirates,2,0,FIFA World Cup qualification,Tehran,Iran,FALSE
20/03/25,Uzbekistan,Kyrgyzstan,1,0,FIFA World Cup qualification,Tashkent,Uzbekistan,FALSE
20/03/25,Qatar,North Korea,5,1,FIFA World Cup qualification,Al Rayyan,Qatar,FALSE
20/03/25,South Korea,Oman,1,1,FIFA World Cup qualification,Goyang,South Korea,FALSE
20/03/25,Iraq,Kuwait,2,2,FIFA World Cup qualification,Basra,Iraq,FALSE
20/03/25,Jordan,Palestine,3,1,FIFA World Cup qualification,Amman,Jordan,FALSE
20/03/25,Japan,Bahrain,2,0,FIFA World Cup qualification,Saitama,Japan,FALSE
20/03/25,Australia,Indonesia,5,1,FIFA World Cup qualification,Sydney,Australia,FALSE
20/03/25,Saudi Arabia,China PR,1,0,FIFA World Cup qualification,Riyadh,Saudi Arabia,FALSE
20/03/25,Sierra Leone,Guinea-Bissau,3,1,FIFA World Cup qualification,Monrovia,Liberia,TRUE
20/03/25,Zimbabwe,Benin,2,2,FIFA World Cup qualification,Durban,South Africa,TRUE
20/03/25,Cape Verde,Mauritius,1,0,FIFA World Cup qualification,Praia,Cape Verde,FALSE
20/03/25,Libya,Angola,1,1,FIFA World Cup qualification,Benghazi,Libya,FALSE
20/03/25,Gambia,Kenya,3,3,FIFA World Cup qualification,Ebimp√©,Ivory Coast,TRUE
20/03/25,Gabon,Seychelles,3,0,FIFA World Cup qualification,Franceville,Gabon,FALSE
20/03/25,Mozambique,Uganda,3,1,FIFA World Cup qualification,Cairo,Egypt,TRUE
20/03/25,Malawi,Namibia,0,1,FIFA World Cup qualification,Lilongwe,Malawi,FALSE
20/03/25,Comoros,Mali,0,3,FIFA World Cup qualification,Berkane,Morocco,TRUE
20/03/25,Lebanon,Timor-Leste,4,0,Friendly,Al-Khor,Qatar,FALSE
21/03/25,Belize,Costa Rica,0,7,Gold Cup qualification,Belmopan,Belize,FALSE
21/03/25,Guyana,Guatemala,3,2,Gold Cup qualification,Wildey,Barbados,TRUE
21/03/25,Bermuda,Honduras,3,5,Gold Cup qualification,Hamilton,Bermuda,FALSE
21/03/25,Saint Vincent and the Grenadines,Jamaica,1,1,Gold Cup qualification,Kingstown,Saint Vincent and the Grenadines,FALSE
21/03/25,Suriname,Martinique,1,0,Gold Cup qualification,Paramaribo,Suriname,FALSE
21/03/25,Guadeloupe,Nicaragua,1,0,Gold Cup qualification,Le Gosier,Guadeloupe,FALSE
21/03/25,Cuba,Trinidad and Tobago,1,2,Gold Cup qualification,Santiago,Cuba,FALSE
21/03/25,Northern Ireland,Switzerland,1,1,Friendly,Belfast,Northern Ireland,FALSE
21/03/25,Puerto Rico,Dominican Republic,2,2,Friendly,Bayam√≥n,Puerto Rico,FALSE
21/03/25,Singapore,Nepal,0,1,Friendly,Kallang,Singapore,FALSE
21/03/25,Thailand,Afghanistan,2,0,Friendly,Bangkok,Thailand,FALSE
21/03/25,Ecuador,Venezuela,2,1,FIFA World Cup qualification,Quito,Ecuador,FALSE
21/03/25,Uruguay,Argentina,0,1,FIFA World Cup qualification,Montevideo,Uruguay,FALSE
21/03/25,New Caledonia,Tahiti,3,0,FIFA World Cup qualification,Wellington,New Zealand,TRUE
21/03/25,New Zealand,Fiji,7,0,FIFA World Cup qualification,Wellington,New Zealand,FALSE
21/03/25,Burkina Faso,Djibouti,4,1,FIFA World Cup qualification,El Jadida,Morocco,TRUE
21/03/25,Ethiopia,Egypt,0,2,FIFA World Cup qualification,Casablanca,Morocco,TRUE
21/03/25,DR Congo,South Sudan,1,0,FIFA World Cup qualification,Kinshasa,DR Congo,FALSE
21/03/25,Rwanda,Nigeria,0,2,FIFA World Cup qualification,Kigali,Rwanda,FALSE
21/03/25,South Africa,Lesotho,0,3,FIFA World Cup qualification,Polokwane,South Africa,FALSE
21/03/25,Morocco,Niger,2,1,FIFA World Cup qualification,Oujda,Morocco,FALSE
21/03/25,Burundi,Ivory Coast,0,1,FIFA World Cup qualification,Meknes,Morocco,TRUE
21/03/25,Botswana,Algeria,1,3,FIFA World Cup qualification,Francistown,Botswana,FALSE
21/03/25,Guinea,Somalia,0,0,FIFA World Cup qualification,Ebimp√©,Ivory Coast,TRUE
21/03/25,Equatorial Guinea,S√£o Tom√© and Pr√≠ncipe,2,0,FIFA World Cup qualification,Malabo,Equatorial Guinea,FALSE
21/03/25,Ghana,Chad,5,0,FIFA World Cup qualification,Accra,Ghana,FALSE
21/03/25,Malta,Finland,0,1,FIFA World Cup qualification,Ta' Qali,Malta,FALSE
21/03/25,Poland,Lithuania,1,0,FIFA World Cup qualification,Warsaw,Poland,FALSE
21/03/25,Cyprus,San Marino,2,0,FIFA World Cup qualification,Larnaca,Cyprus,FALSE
21/03/25,Romania,Bosnia and Herzegovina,0,1,FIFA World Cup qualification,Bucharest,Romania,FALSE
21/03/25,England,Albania,2,0,FIFA World Cup qualification,London,England,FALSE
21/03/25,Andorra,Latvia,0,1,FIFA World Cup qualification,Andorra la Vella,Andorra,FALSE
22/03/25,Azerbaijan,Haiti,0,3,Friendly,Sumqayit,Azerbaijan,FALSE
22/03/25,Luxembourg,Sweden,1,0,Friendly,Luxembourg,Luxembourg,FALSE
22/03/25,Togo,Mauritania,2,2,FIFA World Cup qualification,Lom√©,Togo,FALSE
22/03/25,Sudan,Senegal,0,0,FIFA World Cup qualification,Benghazi,Libya,TRUE
22/03/25,Moldova,Norway,0,5,FIFA World Cup qualification,Chi»ôinƒÉu,Moldova,FALSE
22/03/25,Israel,Estonia,2,1,FIFA World Cup qualification,Debrecen,Hungary,TRUE
22/03/25,Liechtenstein,North Macedonia,0,3,FIFA World Cup qualification,Vaduz,Liechtenstein,FALSE
22/03/25,Wales,Kazakhstan,3,1,FIFA World Cup qualification,Cardiff,Wales,FALSE
22/03/25,Montenegro,Gibraltar,3,1,FIFA World Cup qualification,Nik≈°iƒá,Montenegro,FALSE
22/03/25,Czech Republic,Faroe Islands,2,1,FIFA World Cup qualification,Hradec Kr√°lov√©,Czech Republic,FALSE
23/03/25,United States,Canada,1,2,CONCACAF Nations League,Inglewood,United States,FALSE
23/03/25,Panama,Mexico,1,2,CONCACAF Nations League,Inglewood,United States,TRUE
23/03/25,France,Croatia,2,0,UEFA Nations League,Paris,France,FALSE
23/03/25,Germany,Italy,3,3,UEFA Nations League,Dortmund,Germany,FALSE
23/03/25,Portugal,Denmark,5,2,UEFA Nations League,Lisbon,Portugal,FALSE
23/03/25,Spain,Netherlands,3,3,UEFA Nations League,Valencia,Spain,FALSE
23/03/25,Belgium,Ukraine,3,0,UEFA Nations League,Genk,Belgium,FALSE
23/03/25,Hungary,Turkey,0,3,UEFA Nations League,Budapest,Hungary,FALSE
23/03/25,Scotland,Greece,0,3,UEFA Nations League,Glasgow,Scotland,FALSE
23/03/25,Serbia,Austria,2,0,UEFA Nations League,Belgrade,Serbia,FALSE
23/03/25,Georgia,Armenia,6,1,UEFA Nations League,Tbilisi,Georgia,FALSE
23/03/25,Iceland,Kosovo,1,3,UEFA Nations League,Murcia,Spain,TRUE
23/03/25,Republic of Ireland,Bulgaria,2,1,UEFA Nations League,Dublin,Republic of Ireland,FALSE
23/03/25,Slovenia,Slovakia,1,0,UEFA Nations League,Ljubljana,Slovenia,FALSE
23/03/25,Eswatini,Mauritius,3,3,FIFA World Cup qualification,Mbombela,South Africa,TRUE
23/03/25,Kenya,Gabon,1,2,FIFA World Cup qualification,Nairobi,Kenya,FALSE
24/03/25,New Zealand,New Caledonia,3,0,FIFA World Cup qualification,Auckland,New Zealand,FALSE
24/03/25,Guinea-Bissau,Burkina Faso,1,2,FIFA World Cup qualification,Bissau,Guinea-Bissau,FALSE
24/03/25,Ethiopia,Djibouti,6,1,FIFA World Cup qualification,El Jadida,Morocco,TRUE
24/03/25,Ivory Coast,Gambia,1,0,FIFA World Cup qualification,Abidjan,Ivory Coast,FALSE
24/03/25,Namibia,Equatorial Guinea,1,1,FIFA World Cup qualification,Johannesburg,South Africa,TRUE
24/03/25,Liberia,S√£o Tom√© and Pr√≠ncipe,2,1,FIFA World Cup qualification,Monrovia,Liberia,FALSE
24/03/25,Tunisia,Malawi,2,0,FIFA World Cup qualification,Rad√®s,Tunisia,FALSE
24/03/25,Central African Republic,Mali,0,0,FIFA World Cup qualification,Casablanca,Morocco,TRUE
24/03/25,Madagascar,Ghana,0,3,FIFA World Cup qualification,Al Hoceima,Morocco,TRUE
24/03/25,Lithuania,Finland,2,2,FIFA World Cup qualification,Kaunas,Lithuania,FALSE
24/03/25,Poland,Malta,2,0,FIFA World Cup qualification,Warsaw,Poland,FALSE
24/03/25,Bosnia and Herzegovina,Cyprus,2,1,FIFA World Cup qualification,Zenica,Bosnia and Herzegovina,FALSE
24/03/25,San Marino,Romania,1,5,FIFA World Cup qualification,Serravalle,San Marino,FALSE
24/03/25,England,Latvia,3,0,FIFA World Cup qualification,London,England,FALSE
24/03/25,Albania,Andorra,3,0,FIFA World Cup qualification,Tirana,Albania,FALSE
25/03/25,Tajikistan,Timor-Leste,1,0,AFC Asian Cup qualification,Dushanbe,Tajikistan,FALSE
25/03/25,Philippines,Maldives,4,1,AFC Asian Cup qualification,Capas,Philippines,FALSE
25/03/25,Bhutan,Yemen,0,0,AFC Asian Cup qualification,Thimphu,Bhutan,FALSE
25/03/25,Lebanon,Brunei,5,0,AFC Asian Cup qualification,Al Wakrah,Qatar,TRUE
25/03/25,India,Bangladesh,0,0,AFC Asian Cup qualification,Shillong,India,FALSE
25/03/25,Singapore,Hong Kong,0,0,AFC Asian Cup qualification,Kallang,Singapore,FALSE
25/03/25,Taiwan,Turkmenistan,1,2,AFC Asian Cup qualification,Kaohsiung,Taiwan,FALSE
25/03/25,Thailand,Sri Lanka,1,0,AFC Asian Cup qualification,Bangkok,Thailand,FALSE
25/03/25,Myanmar,Afghanistan,2,1,AFC Asian Cup qualification,Yangon,Myanmar,FALSE
25/03/25,Syria,Pakistan,2,0,AFC Asian Cup qualification,Al Hofuf,Saudi Arabia,TRUE
25/03/25,Vietnam,Laos,5,0,AFC Asian Cup qualification,Thu Dau Mot,Vietnam,FALSE
25/03/25,Malaysia,Nepal,2,0,AFC Asian Cup qualification,Johor,Malaysia,FALSE
25/03/25,Costa Rica,Belize,6,1,Gold Cup qualification,San Jos√©,Costa Rica,FALSE
25/03/25,Guatemala,Guyana,2,0,Gold Cup qualification,Guatemala City,Guatemala,FALSE
25/03/25,Honduras,Bermuda,2,0,Gold Cup qualification,Tegucigalpa,Honduras,FALSE
25/03/25,Jamaica,Saint Vincent and the Grenadines,3,0,Gold Cup qualification,Kingston,Jamaica,FALSE
25/03/25,Martinique,Suriname,0,1,Gold Cup qualification,Fort de France,Martinique,FALSE
25/03/25,Nicaragua,Guadeloupe,0,1,Gold Cup qualification,Managua,Nicaragua,FALSE
25/03/25,Trinidad and Tobago,Cuba,4,0,Gold Cup qualification,Couva,Trinidad and Tobago,FALSE
25/03/25,Azerbaijan,Belarus,0,2,Friendly,Masazir,Azerbaijan,FALSE
25/03/25,Russia,Zambia,5,0,Friendly,Moscow,Russia,FALSE
25/03/25,Cambodia,Aruba,1,2,Friendly,Phnom Penh,Cambodia,FALSE
25/03/25,Dominican Republic,Puerto Rico,2,0,Friendly,Santiago de los Caballeros,Dominican Republic,FALSE
25/03/25,Niger,Bonaire,6,0,Friendly,Casablanca,Morocco,TRUE
25/03/25,Sweden,Northern Ireland,5,1,Friendly,Solna,Sweden,FALSE
25/03/25,Switzerland,Luxembourg,3,1,Friendly,Sankt Gallen,Switzerland,FALSE
25/03/25,Bolivia,Uruguay,0,0,FIFA World Cup qualification,El Alto,Bolivia,FALSE
25/03/25,Colombia,Paraguay,2,2,FIFA World Cup qualification,Barranquilla,Colombia,FALSE
25/03/25,Venezuela,Peru,1,0,FIFA World Cup qualification,Matur√≠n,Venezuela,FALSE
25/03/25,Argentina,Brazil,4,1,FIFA World Cup qualification,Buenos Aires,Argentina,FALSE
25/03/25,Chile,Ecuador,0,0,FIFA World Cup qualification,Santiago,Chile,FALSE
25/03/25,Iran,Uzbekistan,2,2,FIFA World Cup qualification,Tehran,Iran,FALSE
25/03/25,Kyrgyzstan,Qatar,3,1,FIFA World Cup qualification,Bishkek,Kyrgyzstan,FALSE
25/03/25,North Korea,United Arab Emirates,1,2,FIFA World Cup qualification,Riyadh,Saudi Arabia,TRUE
25/03/25,South Korea,Jordan,1,1,FIFA World Cup qualification,Suwon,South Korea,FALSE
25/03/25,Kuwait,Oman,0,1,FIFA World Cup qualification,Kuwait City,Kuwait,FALSE
25/03/25,Palestine,Iraq,2,1,FIFA World Cup qualification,Amman,Jordan,TRUE
25/03/25,China PR,Australia,0,2,FIFA World Cup qualification,Hangzhou,China PR,FALSE
25/03/25,Japan,Saudi Arabia,0,0,FIFA World Cup qualification,Saitama,Japan,FALSE
25/03/25,Indonesia,Bahrain,1,0,FIFA World Cup qualification,Jakarta,Indonesia,FALSE
25/03/25,Egypt,Sierra Leone,1,0,FIFA World Cup qualification,Cairo,Egypt,FALSE
25/03/25,Mauritania,DR Congo,0,2,FIFA World Cup qualification,Nouadhibou,Mauritania,FALSE
25/03/25,Senegal,Togo,2,0,FIFA World Cup qualification,Diamniadio,Senegal,FALSE
25/03/25,Sudan,South Sudan,1,1,FIFA World Cup qualification,Benghazi,Libya,TRUE
25/03/25,Benin,South Africa,0,2,FIFA World Cup qualification,Abidjan,Ivory Coast,TRUE
25/03/25,Nigeria,Zimbabwe,1,1,FIFA World Cup qualification,Uyo,Nigeria,FALSE
25/03/25,Rwanda,Lesotho,1,1,FIFA World Cup qualification,Kigali,Rwanda,FALSE
25/03/25,Angola,Cape Verde,1,2,FIFA World Cup qualification,Luanda,Angola,FALSE
25/03/25,Cameroon,Libya,3,1,FIFA World Cup qualification,Yaounde,Cameroon,FALSE
25/03/25,Morocco,Tanzania,2,0,FIFA World Cup qualification,Oujda,Morocco,FALSE
25/03/25,Burundi,Seychelles,5,0,FIFA World Cup qualification,Meknes,Morocco,TRUE
25/03/25,Uganda,Guinea,1,0,FIFA World Cup qualification,Kira,Uganda,FALSE
25/03/25,Botswana,Somalia,2,0,FIFA World Cup qualification,Francistown,Botswana,FALSE
25/03/25,Algeria,Mozambique,5,1,FIFA World Cup qualification,Tizi Ouzou,Algeria,FALSE
25/03/25,Comoros,Chad,1,0,FIFA World Cup qualification,Berkane,Morocco,TRUE
25/03/25,Moldova,Estonia,2,3,FIFA World Cup qualification,Chi»ôinƒÉu,Moldova,FALSE
25/03/25,Israel,Norway,2,4,FIFA World Cup qualification,Debrecen,Hungary,TRUE
25/03/25,Liechtenstein,Kazakhstan,0,2,FIFA World Cup qualification,Vaduz,Liechtenstein,FALSE
25/03/25,North Macedonia,Wales,1,1,FIFA World Cup qualification,Skopje,North Macedonia,FALSE
25/03/25,Gibraltar,Czech Republic,0,4,FIFA World Cup qualification,Faro-Loul√©,Portugal,TRUE
25/03/25,Montenegro,Faroe Islands,1,0,FIFA World Cup qualification,Nik≈°iƒá,Montenegro,FALSE
09/05/25,Dominica,Barbados,0,0,Friendly,Roseau,Dominica,FALSE
11/05/25,Dominica,Barbados,0,0,Friendly,Roseau,Dominica,FALSE
21/05/25,Saint Kitts and Nevis,Saint Vincent and the Grenadines,1,3,Friendly,Old Road Town,Saint Kitts and Nevis,FALSE
25/05/25,Anguilla,Saint Kitts and Nevis,2,4,Friendly,Quartier d'Orl√©ans,Saint Martin,TRUE
25/05/25,Saint Vincent and the Grenadines,Saint Kitts and Nevis,3,0,Friendly,Georgetown,Saint Vincent and the Grenadines,FALSE
27/05/25,Jamaica,Trinidad and Tobago,3,2,Unity Cup,London,England,TRUE
28/05/25,Nigeria,Ghana,2,1,Unity Cup,London,England,TRUE
28/05/25,Oman,Lebanon,1,0,Friendly,Muscat,Oman,FALSE
29/05/25,Malaysia,Cape Verde,1,1,Friendly,Kuala Lumpur,Malaysia,FALSE
30/05/25,Saint Vincent and the Grenadines,British Virgin Islands,1,1,Friendly,Kingstown,Saint Vincent and the Grenadines,FALSE
30/05/25,Saudi Arabia,Jordan,2,0,Friendly,Dammam,Saudi Arabia,FALSE
31/05/25,Trinidad and Tobago,Ghana,0,4,Unity Cup,London,England,TRUE
31/05/25,Jamaica,Nigeria,2,2,Unity Cup,London,England,TRUE
01/06/25,Grenada,Anguilla,2,0,Friendly,Saint George's,Grenada,FALSE
01/06/25,El Salvador,Guatemala,1,1,Friendly,Chattanooga,United States,TRUE
01/06/25,Puerto Rico,Nicaragua,1,1,Friendly,Pawtucket,United States,TRUE
02/06/25,Tunisia,Burkina Faso,2,0,Friendly,Rad√®s,Tunisia,FALSE
03/06/25,Malaysia,Cape Verde,0,3,Friendly,Kuala Lumpur,Malaysia,FALSE
04/06/25,Germany,Portugal,1,2,UEFA Nations League,Munich,Germany,FALSE
04/06/25,Thailand,India,2,0,Friendly,Pathum Thani,Thailand,FALSE
04/06/25,Bangladesh,Bhutan,2,0,Friendly,Dhaka,Bangladesh,FALSE
04/06/25,Bermuda,Cayman Islands,5,0,FIFA World Cup qualification,Devonshire Parish,Bermuda,FALSE
04/06/25,Grenada,Bahamas,6,0,FIFA World Cup qualification,St. George's,Grenada,FALSE
04/06/25,Barbados,Aruba,1,1,FIFA World Cup qualification,Wildey,Barbados,FALSE
04/06/25,Montserrat,Belize,1,0,FIFA World Cup qualification,Couva,Trinidad and Tobago,TRUE
04/06/25,Dominica,British Virgin Islands,3,0,FIFA World Cup qualification,Roseau,Dominica,FALSE
04/06/25,Saint Vincent and the Grenadines,Anguilla,6,0,FIFA World Cup qualification,Kingstown,Saint Vincent and the Grenadines,FALSE
05/06/25,Spain,France,5,4,UEFA Nations League,Stuttgart,Germany,TRUE
05/06/25,Algeria,Rwanda,2,0,Friendly,Constantine,Algeria,FALSE
05/06/25,Belarus,Kazakhstan,4,1,Friendly,Borisov,Belarus,FALSE
05/06/25,Cambodia,Tajikistan,1,2,Friendly,Phnom Penh,Cambodia,FALSE
05/06/25,DR Congo,Mali,1,0,Friendly,Orl√©ans,France,TRUE
05/06/25,Georgia,Faroe Islands,1,0,Friendly,Tbilisi,Georgia,FALSE
05/06/25,Hong Kong,Nepal,0,0,Friendly,Hong Kong,Hong Kong,FALSE
05/06/25,Singapore,Maldives,3,1,Friendly,Bishan,Singapore,FALSE
05/06/25,Ecuador,Brazil,0,0,FIFA World Cup qualification,Guayaquil,Ecuador,FALSE
05/06/25,Paraguay,Uruguay,2,0,FIFA World Cup qualification,Asunci√≥n,Paraguay,FALSE
05/06/25,Chile,Argentina,0,1,FIFA World Cup qualification,Santiago,Chile,FALSE
05/06/25,United Arab Emirates,Uzbekistan,0,0,FIFA World Cup qualification,Abu Dhabi,United Arab Emirates,FALSE
05/06/25,North Korea,Kyrgyzstan,2,2,FIFA World Cup qualification,Riyadh,Saudi Arabia,TRUE
05/06/25,Qatar,Iran,1,0,FIFA World Cup qualification,Al Rayyan,Qatar,FALSE
05/06/25,Oman,Jordan,0,3,FIFA World Cup qualification,Muscat,Oman,FALSE
05/06/25,Iraq,South Korea,0,2,FIFA World Cup qualification,Basra,Iraq,FALSE
05/06/25,Kuwait,Palestine,0,2,FIFA World Cup qualification,Kuwait City,Kuwait,FALSE
05/06/25,Bahrain,Saudi Arabia,0,2,FIFA World Cup qualification,Riffa,Bahrain,FALSE
05/06/25,Australia,Japan,1,0,FIFA World Cup qualification,Perth,Australia,FALSE
05/06/25,Indonesia,China PR,1,0,FIFA World Cup qualification,Jakarta,Indonesia,FALSE
05/06/25,Sri Lanka,Brunei,1,0,Friendly,Bangkok,Thailand,TRUE
06/06/25,Bulgaria,Cyprus,2,2,Friendly,Plovdiv,Bulgaria,FALSE
06/06/25,Burundi,Guinea-Bissau,1,0,Friendly,Berrechid,Egypt,TRUE
06/06/25,Central African Republic,Mauritania,2,1,Friendly,Casablanca,Morocco,TRUE
06/06/25,Equatorial Guinea,Gambia,1,2,Friendly,Marrakech,Morocco,TRUE
06/06/25,Hungary,Sweden,0,2,Friendly,Budapest,Hungary,FALSE
06/06/25,Kosovo,Armenia,5,2,Friendly,Pristina,Kosovo,FALSE
06/06/25,Luxembourg,Slovenia,0,1,Friendly,Luxembourg,Luxembourg,FALSE
06/06/25,Morocco,Tunisia,2,0,Friendly,F√®s,Morocco,FALSE
06/06/25,Niger,Gabon,4,3,Friendly,Casablanca,Morocco,TRUE
06/06/25,Poland,Moldova,2,0,Friendly,Chorzow,Poland,FALSE
06/06/25,Republic of Ireland,Senegal,1,1,Friendly,Dublin,Republic of Ireland,FALSE
06/06/25,Scotland,Iceland,1,3,Friendly,Glasgow,Scotland,FALSE
06/06/25,South Africa,Tanzania,0,0,Friendly,Polokwane,South Africa,FALSE
06/06/25,Uganda,Cameroon,0,3,Friendly,Marrakech,Morocco,TRUE
06/06/25,Zimbabwe,Burkina Faso,0,2,Friendly,Mohamm√©dia,Morocco,TRUE
06/06/25,Russia,Nigeria,1,1,Friendly,Moscow,Russia,FALSE
06/06/25,Colombia,Peru,0,0,FIFA World Cup qualification,Barranquilla,Colombia,FALSE
06/06/25,Venezuela,Bolivia,2,0,FIFA World Cup qualification,Matur√≠n,Venezuela,FALSE
06/06/25,Norway,Italy,3,0,FIFA World Cup qualification,Oslo,Norway,FALSE
06/06/25,Estonia,Israel,1,3,FIFA World Cup qualification,Tallinn,Estonia,FALSE
06/06/25,Wales,Liechtenstein,3,0,FIFA World Cup qualification,Cardiff,Wales,FALSE
06/06/25,North Macedonia,Belgium,1,1,FIFA World Cup qualification,Skopje,North Macedonia,FALSE
06/06/25,Czech Republic,Montenegro,2,0,FIFA World Cup qualification,Plze≈à,Czech Republic,FALSE
06/06/25,Gibraltar,Croatia,0,7,FIFA World Cup qualification,Faro-Loul√©,Portugal,TRUE
06/06/25,Antigua and Barbuda,Cuba,0,1,FIFA World Cup qualification,Piggotts,Antigua and Barbuda,FALSE
06/06/25,Trinidad and Tobago,Saint Kitts and Nevis,6,2,FIFA World Cup qualification,Port of Spain,Trinidad and Tobago,FALSE
06/06/25,Cura√ßao,Saint Lucia,4,0,FIFA World Cup qualification,Willemstad,Cura√ßao,FALSE
06/06/25,Nicaragua,Guyana,1,0,FIFA World Cup qualification,Managua,Nicaragua,FALSE
06/06/25,Guatemala,Dominican Republic,4,2,FIFA World Cup qualification,Guatemala City,Guatemala,FALSE
06/06/25,Suriname,Puerto Rico,1,0,FIFA World Cup qualification,Paramaribo,Suriname,FALSE
07/06/25,Denmark,Northern Ireland,2,1,Friendly,Copenhagen,Denmark,FALSE
07/06/25,Greece,Slovakia,4,1,Friendly,Heraklion,Greece,FALSE
07/06/25,Latvia,Azerbaijan,0,0,Friendly,Riga,Latvia,FALSE
07/06/25,Mexico,Switzerland,2,4,Friendly,Salt Lake City,United States,TRUE
07/06/25,United States,Turkey,1,2,Friendly,East Hartford,United States,FALSE
07/06/25,Malta,Lithuania,0,0,FIFA World Cup qualification,Ta' Qali,Malta,FALSE
07/06/25,Finland,Netherlands,0,2,FIFA World Cup qualification,Helsinki,Finland,FALSE
07/06/25,Bosnia and Herzegovina,San Marino,1,0,FIFA World Cup qualification,Zenica,Bosnia and Herzegovina,FALSE
07/06/25,Austria,Romania,2,1,FIFA World Cup qualification,Vienna,Austria,FALSE
07/06/25,Andorra,England,0,1,FIFA World Cup qualification,Barcelona,Spain,TRUE
07/06/25,Albania,Serbia,0,0,FIFA World Cup qualification,Tirana,Albania,FALSE
07/06/25,Canada,Ukraine,4,2,Canadian Shield,Toronto,Canada,FALSE
07/06/25,Ivory Coast,New Zealand,0,1,Canadian Shield,Toronto,Canada,TRUE
07/06/25,Kenya,Chad,0,0,Friendly,Marrakech,Morocco,TRUE
07/06/25,Cayman Islands,Honduras,0,1,FIFA World Cup qualification,George Town,Cayman Islands,FALSE
07/06/25,Bahamas,Costa Rica,0,8,FIFA World Cup qualification,Wildey,Barbados,TRUE
07/06/25,Aruba,Haiti,0,5,FIFA World Cup qualification,Oranjestad,Aruba,FALSE
07/06/25,Belize,Panama,0,2,FIFA World Cup qualification,Belmopan,Belize,FALSE
07/06/25,British Virgin Islands,Jamaica,0,1,FIFA World Cup qualification,Road Town,British Virgin Islands,FALSE
07/06/25,Anguilla,El Salvador,0,3,FIFA World Cup qualification,The Valley,Anguilla,FALSE
08/06/25,Germany,France,0,2,UEFA Nations League,Stuttgart,Germany,FALSE
08/06/25,Portugal,Spain,2,2,UEFA Nations League,Munich,Germany,TRUE
08/06/25,DR Congo,Madagascar,3,1,Friendly,Orl√©ans,France,TRUE
08/06/25,Georgia,Cape Verde,1,1,Friendly,Kutaisi,Georgia,FALSE
09/06/25,Algeria,Rwanda,2,0,Friendly,Blida,Algeria,FALSE
09/06/25,Equatorial Guinea,Cameroon,1,1,Friendly,Marrakech,Morocco,TRUE
09/06/25,Gabon,Guinea-Bissau,2,0,Friendly,Mohamm√©dia,Morocco,TRUE
09/06/25,Kosovo,Comoros,4,2,Friendly,Pristina,Kosovo,FALSE
09/06/25,Liechtenstein,Scotland,0,4,Friendly,Vaduz,Liechtenstein,FALSE
09/06/25,Montenegro,Armenia,2,2,Friendly,Nik≈°iƒá,Montenegro,FALSE
09/06/25,Morocco,Benin,1,0,Friendly,F√®s,Morocco,FALSE
09/06/25,Uganda,Gambia,1,1,Friendly,Marrakech,Morocco,TRUE
09/06/25,Italy,Moldova,2,0,FIFA World Cup qualification,Reggio Emilia,Italy,FALSE
09/06/25,Estonia,Norway,0,1,FIFA World Cup qualification,Tallinn,Estonia,FALSE
09/06/25,Kazakhstan,North Macedonia,0,1,FIFA World Cup qualification,Astana,Kazakhstan,FALSE
09/06/25,Belgium,Wales,4,3,FIFA World Cup qualification,Brussels,Belgium,FALSE
09/06/25,Faroe Islands,Gibraltar,2,1,FIFA World Cup qualification,T√≥rshavn,Faroe Islands,FALSE
09/06/25,Croatia,Czech Republic,5,1,FIFA World Cup qualification,Osijek,Croatia,FALSE
10/06/25,Timor-Leste,Maldives,1,0,AFC Asian Cup qualification,Darwin,Australia,TRUE
10/06/25,Philippines,Tajikistan,2,2,AFC Asian Cup qualification,Capas,Philippines,FALSE
10/06/25,Brunei,Bhutan,2,1,AFC Asian Cup qualification,Bandar Seri Begawan,Brunei,FALSE
10/06/25,Yemen,Lebanon,0,0,AFC Asian Cup qualification,Kuwait City,Kuwait,TRUE
10/06/25,Bangladesh,Singapore,1,2,AFC Asian Cup qualification,Dhaka,Bangladesh,FALSE
10/06/25,Hong Kong,India,1,0,AFC Asian Cup qualification,Kowloon,Hong Kong,FALSE
10/06/25,Sri Lanka,Taiwan,3,1,AFC Asian Cup qualification,Colombo,Sri Lanka,FALSE
10/06/25,Turkmenistan,Thailand,3,1,AFC Asian Cup qualification,Ashgabat,Turkmenistan,FALSE
10/06/25,Myanmar,Pakistan,1,0,AFC Asian Cup qualification,Yangon,Myanmar,FALSE
10/06/25,Afghanistan,Syria,0,1,AFC Asian Cup qualification,Al Hofuf,Saudi Arabia,TRUE
10/06/25,Laos,Nepal,2,1,AFC Asian Cup qualification,Vientiane,Laos,FALSE
10/06/25,Malaysia,Vietnam,4,0,AFC Asian Cup qualification,Kuala Lumpur,Malaysia,FALSE
10/06/25,Azerbaijan,Hungary,1,2,Friendly,Baku,Azerbaijan,FALSE
10/06/25,Burundi,Mauritania,0,0,Friendly,Mohamm√©dia,Morocco,TRUE
10/06/25,Chad,Kenya,1,2,Friendly,Marrakech,Morocco,TRUE
10/06/25,Denmark,Lithuania,5,0,Friendly,Odense,Denmark,FALSE
10/06/25,England,Senegal,1,3,Friendly,London,England,FALSE
10/06/25,Greece,Bulgaria,4,0,Friendly,Heraklion,Greece,FALSE
10/06/25,Israel,Slovakia,1,0,Friendly,Debrecen,Hungary,TRUE
10/06/25,Luxembourg,Republic of Ireland,0,0,Friendly,Luxembourg,Luxembourg,FALSE
10/06/25,Mexico,Turkey,1,0,Friendly,Chapel Hill,United States,TRUE
10/06/25,Niger,Zimbabwe,1,1,Friendly,Casablanca,Morocco,TRUE
10/06/25,Northern Ireland,Iceland,1,0,Friendly,Belfast,Northern Ireland,FALSE
10/06/25,Slovenia,Bosnia and Herzegovina,2,1,Friendly,Celje,Slovenia,FALSE
10/06/25,South Africa,Mozambique,2,0,Friendly,Polokwane,South Africa,FALSE
10/06/25,Sweden,Algeria,4,3,Friendly,Solna,Sweden,FALSE
10/06/25,United States,Switzerland,0,4,Friendly,Nashville,United States,FALSE
10/06/25,Bolivia,Chile,2,0,FIFA World Cup qualification,El Alto,Bolivia,FALSE
10/06/25,Uruguay,Venezuela,2,0,FIFA World Cup qualification,Montevideo,Uruguay,FALSE
10/06/25,Peru,Ecuador,0,0,FIFA World Cup qualification,Lima,Peru,FALSE
10/06/25,Argentina,Colombia,1,1,FIFA World Cup qualification,Buenos Aires,Argentina,FALSE
10/06/25,Brazil,Paraguay,1,0,FIFA World Cup qualification,S√£o Paulo,Brazil,FALSE
10/06/25,Uzbekistan,Qatar,3,0,FIFA World Cup qualification,Tashkent,Uzbekistan,FALSE
10/06/25,Iran,North Korea,3,0,FIFA World Cup qualification,Tehran,Iran,FALSE
10/06/25,Kyrgyzstan,United Arab Emirates,1,1,FIFA World Cup qualification,Bishkek,Kyrgyzstan,FALSE
10/06/25,South Korea,Kuwait,4,0,FIFA World Cup qualification,Seoul,South Korea,FALSE
10/06/25,Jordan,Iraq,0,1,FIFA World Cup qualification,Amman,Jordan,FALSE
10/06/25,Palestine,Oman,1,1,FIFA World Cup qualification,Amman,Jordan,TRUE
10/06/25,China PR,Bahrain,1,0,FIFA World Cup qualification,Chongqing,China PR,FALSE
10/06/25,Japan,Indonesia,6,0,FIFA World Cup qualification,Suita,Japan,FALSE
10/06/25,Saudi Arabia,Australia,1,2,FIFA World Cup qualification,Jeddah,Saudi Arabia,FALSE
10/06/25,Netherlands,Malta,8,0,FIFA World Cup qualification,Groningen,Netherlands,FALSE
10/06/25,Finland,Poland,2,1,FIFA World Cup qualification,Helsinki,Finland,FALSE
10/06/25,San Marino,Austria,0,4,FIFA World Cup qualification,Serravalle,San Marino,FALSE
10/06/25,Romania,Cyprus,2,0,FIFA World Cup qualification,Bucharest,Romania,FALSE
10/06/25,Serbia,Andorra,3,0,FIFA World Cup qualification,Leskovac,Serbia,FALSE
10/06/25,Latvia,Albania,1,1,FIFA World Cup qualification,Riga,Latvia,FALSE
10/06/25,New Zealand,Ukraine,1,2,Canadian Shield,Toronto,Canada,TRUE
10/06/25,Canada,Ivory Coast,0,0,Canadian Shield,Toronto,Canada,FALSE
10/06/25,Belarus,Russia,1,4,Friendly,Minsk,Belarus,FALSE
10/06/25,Cuba,Bermuda,1,2,FIFA World Cup qualification,Santiago de Cuba,Cuba,FALSE
10/06/25,Honduras,Antigua and Barbuda,2,0,FIFA World Cup qualification,Tegucigalpa,Honduras,FALSE
10/06/25,Saint Kitts and Nevis,Grenada,2,3,FIFA World Cup qualification,Basseterre,Saint Kitts and Nevis,FALSE
10/06/25,Costa Rica,Trinidad and Tobago,2,1,FIFA World Cup qualification,San Jos√©,Costa Rica,FALSE
10/06/25,Saint Lucia,Barbados,2,1,FIFA World Cup qualification,Gros Islet,Saint Lucia,FALSE
10/06/25,Haiti,Cura√ßao,1,5,FIFA World Cup qualification,Oranjestad,Aruba,TRUE
10/06/25,Guyana,Montserrat,3,0,FIFA World Cup qualification,Leonora,Guyana,FALSE
10/06/25,Panama,Nicaragua,3,0,FIFA World Cup qualification,Panama City,Panama,FALSE
10/06/25,Dominican Republic,Dominica,5,0,FIFA World Cup qualification,Santo Domingo,Dominican Republic,FALSE
10/06/25,Jamaica,Guatemala,3,0,FIFA World Cup qualification,Kingston,Jamaica,FALSE
10/06/25,Puerto Rico,Saint Vincent and the Grenadines,2,1,FIFA World Cup qualification,Mayag√ºez,Puerto Rico,FALSE
10/06/25,El Salvador,Suriname,1,1,FIFA World Cup qualification,San Salvador,El Salvador,FALSE
14/06/25,Mexico,Dominican Republic,3,2,Gold Cup,Inglewood,United States,TRUE
15/06/25,Costa Rica,Suriname,4,3,Gold Cup,San Diego,United States,TRUE
15/06/25,United States,Trinidad and Tobago,5,0,Gold Cup,San Jose,United States,FALSE
15/06/25,Haiti,Saudi Arabia,0,1,Gold Cup,San Diego,United States,TRUE
16/06/25,Panama,Guadeloupe,5,2,Gold Cup,Carson,United States,TRUE
16/06/25,Jamaica,Guatemala,0,1,Gold Cup,Carson,United States,TRUE
17/06/25,Cura√ßao,El Salvador,0,0,Gold Cup,San Jose,United States,TRUE
17/06/25,Canada,Honduras,6,0,Gold Cup,Vancouver,Canada,FALSE
18/06/25,Costa Rica,Dominican Republic,2,1,Gold Cup,Arlington,United States,TRUE
18/06/25,Suriname,Mexico,0,2,Gold Cup,Arlington,United States,TRUE
19/06/25,Trinidad and Tobago,Haiti,1,1,Gold Cup,Houston,United States,TRUE
19/06/25,United States,Saudi Arabia,1,0,Gold Cup,Austin,United States,FALSE
20/06/25,Jamaica,Guadeloupe,2,1,Gold Cup,San Jose,United States,TRUE
20/06/25,Guatemala,Panama,0,1,Gold Cup,Austin,United States,TRUE
21/06/25,Cura√ßao,Canada,1,1,Gold Cup,Houston,United States,TRUE
21/06/25,Honduras,El Salvador,2,0,Gold Cup,Houston,United States,TRUE
22/06/25,Mexico,Costa Rica,0,0,Gold Cup,Paradise,United States,TRUE
22/06/25,Dominican Republic,Suriname,0,0,Gold Cup,Arlington,United States,TRUE
22/06/25,Saudi Arabia,Trinidad and Tobago,1,1,Gold Cup,Paradise,United States,TRUE
22/06/25,United States,Haiti,2,1,Gold Cup,Arlington,United States,FALSE
24/06/25,Honduras,Cura√ßao,2,1,Gold Cup,San Jose,United States,TRUE
24/06/25,Canada,El Salvador,2,0,Gold Cup,Houston,United States,TRUE
24/06/25,Panama,Jamaica,4,1,Gold Cup,Austin,United States,TRUE
24/06/25,Guadeloupe,Guatemala,2,3,Gold Cup,Houston,United States,TRUE
28/06/25,Panama,Honduras,1,1,Gold Cup,Glendale,United States,TRUE
28/06/25,Mexico,Saudi Arabia,2,0,Gold Cup,Glendale,United States,TRUE
29/06/25,Canada,Guatemala,1,1,Gold Cup,Minneapolis,United States,TRUE
29/06/25,United States,Costa Rica,2,2,Gold Cup,Minneapolis,United States,FALSE
02/07/25,United States,Guatemala,2,1,Gold Cup,St. Louis,United States,FALSE
02/07/25,Mexico,Honduras,1,0,Gold Cup,Santa Clara,United States,TRUE
06/07/25,United States,Mexico,1,2,Gold Cup,Houston,United States,FALSE
13/07/25,Hitra,Isle of Man,2,7,Island Games,Finstown,Scotland,TRUE
13/07/25,Orkney,Fr√∏ya,3,0,Island Games,Kirkwall,Scotland,FALSE
13/07/25,Gozo,Shetland,0,0,Island Games,Kirkwall,Scotland,TRUE
14/07/25,Orkney,Hitra,3,2,Island Games,Kirkwall,Scotland,FALSE
14/07/25,Isle of Man,Fr√∏ya,10,1,Island Games,Dounby,Scotland,TRUE
14/07/25,Jersey,Gozo,2,0,Island Games,Holm,Scotland,TRUE
14/07/25,Ynys M√¥n,Western Isles,1,0,Island Games,Rendall,Scotland,TRUE
15/07/25,Orkney,Isle of Man,1,3,Island Games,Kirkwall,Scotland,FALSE
15/07/25,Fr√∏ya,Hitra,0,6,Island Games,Finstown,Scotland,TRUE
15/07/25,Jersey,Shetland,2,2,Island Games,Kirkwall,Scotland,TRUE
17/07/25,Hitra,Fr√∏ya,3,0,Island Games,Holm,Scotland,TRUE
17/07/25,Gozo,Western Isles,3,3,Island Games,Dounby,Scotland,TRUE
17/07/25,Orkney,Shetland,3,2,Island Games,Stromness,Scotland,FALSE
17/07/25,Isle of Man,Ynys M√¥n,0,1,Island Games,Kirkwall,Scotland,TRUE
18/07/25,Isle of Man,Jersey,3,2,Island Games,Kirkwall,Scotland,TRUE
13/08/25,United States Virgin Islands,Turks and Caicos Islands,1,1,Outrigger Challenge Cup,United States,United States,TRUE
14/08/25,Marshall Islands,United States Virgin Islands,0,4,Outrigger Challenge Cup,United States,United States,TRUE
16/08/25,Turks and Caicos Islands,Marshall Islands,3,2,Outrigger Challenge Cup,United States,United States,TRUE
24/08/25,Qatar,Lebanon,2,2,Friendly,Doha,Qatar,FALSE
03/09/25,Qatar,Bahrain,2,2,Friendly,Doha,Qatar,FALSE
03/09/25,Seychelles,Gabon,0,4,FIFA World Cup qualification,Saint Pierre,Mauritius,TRUE
04/09/25,Gibraltar,Albania,0,1,Friendly,Gibraltar,Gibraltar,FALSE
04/09/25,Malaysia,Singapore,2,1,Friendly,Kuala Lumpur,Malaysia,FALSE
04/09/25,Norway,Finland,1,0,Friendly,Oslo,Norway,FALSE
04/09/25,Russia,Jordan,0,0,Friendly,Moscow,Russia,FALSE
04/09/25,Saudi Arabia,North Macedonia,2,1,Friendly,Prague,Czech Republic,TRUE
04/09/25,United Arab Emirates,Syria,3,1,Friendly,Dubai,United Arab Emirates,FALSE
04/09/25,Colombia,Bolivia,3,0,FIFA World Cup qualification,Barranquilla,Colombia,FALSE
04/09/25,Argentina,Venezuela,3,0,FIFA World Cup qualification,Buenos Aires,Argentina,FALSE
04/09/25,Paraguay,Ecuador,0,0,FIFA World Cup qualification,Asunci√≥n,Paraguay,FALSE
04/09/25,Uruguay,Peru,3,0,FIFA World Cup qualification,Montevideo,Uruguay,FALSE
04/09/25,Brazil,Chile,3,0,FIFA World Cup qualification,Rio de Janeiro,Brazil,FALSE
04/09/25,Guinea-Bissau,Sierra Leone,1,1,FIFA World Cup qualification,Bissau,Guinea-Bissau,FALSE
04/09/25,Angola,Libya,0,1,FIFA World Cup qualification,Luanda,Angola,FALSE
04/09/25,Cameroon,Eswatini,3,0,FIFA World Cup qualification,Yaound√©,Cameroon,FALSE
04/09/25,Mauritius,Cape Verde,0,2,FIFA World Cup qualification,Saint Pierre,Mauritius,FALSE
04/09/25,Algeria,Botswana,3,1,FIFA World Cup qualification,Tizi Ouzou,Algeria,FALSE
04/09/25,S√£o Tom√© and Pr√≠ncipe,Equatorial Guinea,2,3,FIFA World Cup qualification,Oujda,Morocco,TRUE
04/09/25,Tunisia,Liberia,3,0,FIFA World Cup qualification,Rad√®s,Tunisia,FALSE
04/09/25,Chad,Ghana,1,1,FIFA World Cup qualification,N'Djamena,Chad,FALSE
04/09/25,Madagascar,Central African Republic,2,0,FIFA World Cup qualification,Casablanca,Morocco,TRUE
04/09/25,Mali,Comoros,3,0,FIFA World Cup qualification,Berkane,Morocco,TRUE
04/09/25,Luxembourg,Northern Ireland,1,3,FIFA World Cup qualification,Luxembourg,Luxembourg,FALSE
04/09/25,Slovakia,Germany,2,0,FIFA World Cup qualification,Bratislava,Slovakia,FALSE
04/09/25,Georgia,Turkey,2,3,FIFA World Cup qualification,Tbilisi,Georgia,FALSE
04/09/25,Bulgaria,Spain,0,3,FIFA World Cup qualification,Sofia,Bulgaria,FALSE
04/09/25,Lithuania,Malta,1,1,FIFA World Cup qualification,Kaunas,Lithuania,FALSE
04/09/25,Netherlands,Poland,1,1,FIFA World Cup qualification,Rotterdam,Netherlands,FALSE
04/09/25,Kazakhstan,Wales,0,1,FIFA World Cup qualification,Astana,Kazakhstan,FALSE
04/09/25,Liechtenstein,Belgium,0,6,FIFA World Cup qualification,Vaduz,Liechtenstein,FALSE
04/09/25,Iraq,Hong Kong,2,1,King's Cup,Kanchanaburi,Thailand,TRUE
04/09/25,Thailand,Fiji,3,0,King's Cup,Kanchanaburi,Thailand,FALSE
04/09/25,Suriname,Panama,0,0,FIFA World Cup qualification,Paramaribo,Suriname,FALSE
04/09/25,Guatemala,El Salvador,0,1,FIFA World Cup qualification,Guatemala City,Guatemala,FALSE
05/09/25,Australia,New Zealand,1,0,Soccer Ashes,Canberra,Australia,FALSE
05/09/25,Indonesia,Taiwan,6,0,Friendly,Surabaya,Indonesia,FALSE
05/09/25,Romania,Canada,0,3,Friendly,Bucharest,Romania,FALSE
05/09/25,Djibouti,Burkina Faso,0,6,FIFA World Cup qualification,Bissau,Guinea-Bissau,TRUE
05/09/25,Egypt,Ethiopia,2,0,FIFA World Cup qualification,Cairo,Egypt,FALSE
05/09/25,South Sudan,DR Congo,1,4,FIFA World Cup qualification,Juba,South Sudan,FALSE
05/09/25,Mauritania,Togo,2,0,FIFA World Cup qualification,Nouadhibou,Mauritania,FALSE
05/09/25,Senegal,Sudan,2,0,FIFA World Cup qualification,Diamniadio,Senegal,FALSE
05/09/25,Benin,Zimbabwe,1,0,FIFA World Cup qualification,Ebimp√©,Ivory Coast,TRUE
05/09/25,South Africa,Lesotho,3,0,FIFA World Cup qualification,Bloemfontein,South Africa,FALSE
05/09/25,Congo,Tanzania,1,1,FIFA World Cup qualification,Brazzaville,Congo,FALSE
05/09/25,Morocco,Niger,5,0,FIFA World Cup qualification,Rabat,Morocco,FALSE
05/09/25,Kenya,Gambia,1,3,FIFA World Cup qualification,Nairobi,Kenya,FALSE
05/09/25,Ivory Coast,Burundi,1,0,FIFA World Cup qualification,Abidjan,Ivory Coast,FALSE
05/09/25,Somalia,Guinea,0,3,FIFA World Cup qualification,Kampala,Uganda,TRUE
05/09/25,Uganda,Mozambique,4,0,FIFA World Cup qualification,Kampala,Uganda,FALSE
05/09/25,Namibia,Malawi,1,2,FIFA World Cup qualification,Francistown,Botswana,TRUE
05/09/25,Slovenia,Sweden,2,2,FIFA World Cup qualification,Ljubljana,Slovenia,FALSE
05/09/25,Switzerland,Kosovo,4,0,FIFA World Cup qualification,Basel,Switzerland,FALSE
05/09/25,Denmark,Scotland,0,0,FIFA World Cup qualification,Copenhagen,Denmark,FALSE
05/09/25,Greece,Belarus,5,1,FIFA World Cup qualification,Athens,Greece,FALSE
05/09/25,Iceland,Azerbaijan,5,0,FIFA World Cup qualification,Reykjav√≠k,Iceland,FALSE
05/09/25,Ukraine,France,0,2,FIFA World Cup qualification,Wroc≈Çaw,Poland,TRUE
05/09/25,Italy,Estonia,5,0,FIFA World Cup qualification,Bergamo,Italy,FALSE
05/09/25,Moldova,Israel,0,4,FIFA World Cup qualification,Chi»ôinƒÉu,Moldova,FALSE
05/09/25,Faroe Islands,Croatia,0,1,FIFA World Cup qualification,T√≥rshavn,Faroe Islands,FALSE
05/09/25,Montenegro,Czech Republic,0,2,FIFA World Cup qualification,Podgorica,Montenegro,FALSE
05/09/25,Bermuda,Jamaica,0,4,FIFA World Cup qualification,Devonshire Parish,Bermuda,FALSE
05/09/25,Trinidad and Tobago,Cura√ßao,0,0,FIFA World Cup qualification,Port of Spain,Trinidad and Tobago,FALSE
05/09/25,Haiti,Honduras,0,0,FIFA World Cup qualification,Willemstad,Cura√ßao,TRUE
05/09/25,Nicaragua,Costa Rica,1,1,FIFA World Cup qualification,Managua,Nicaragua,FALSE
06/09/25,Sri Lanka,Maldives,0,3,South Asian Super Cup,Colombo,Sri Lanka,FALSE
06/09/25,Mexico,Japan,0,0,Friendly,Oakland,United States,TRUE
06/09/25,Nepal,Bangladesh,0,0,Friendly,Kathmandu,Nepal,FALSE
06/09/25,United States,South Korea,0,2,Friendly,Harrison,United States,FALSE
06/09/25,Nigeria,Rwanda,1,0,FIFA World Cup qualification,Uyo,Nigeria,FALSE
06/09/25,Republic of Ireland,Hungary,2,2,FIFA World Cup qualification,Dublin,Republic of Ireland,FALSE
06/09/25,Armenia,Portugal,0,5,FIFA World Cup qualification,Yerevan,Armenia,FALSE
06/09/25,Austria,Cyprus,1,0,FIFA World Cup qualification,Linz,Austria,FALSE
06/09/25,San Marino,Bosnia and Herzegovina,0,6,FIFA World Cup qualification,Serravalle,San Marino,FALSE
06/09/25,Latvia,Serbia,0,1,FIFA World Cup qualification,Riga,Latvia,FALSE
06/09/25,England,Andorra,2,0,FIFA World Cup qualification,London,England,FALSE
07/09/25,Central African Republic,Comoros,0,2,FIFA World Cup qualification,Meknes,Morocco,TRUE
07/09/25,Germany,Northern Ireland,3,1,FIFA World Cup qualification,Cologne,Germany,FALSE
07/09/25,Luxembourg,Slovakia,0,1,FIFA World Cup qualification,Luxembourg,Luxembourg,FALSE
07/09/25,Georgia,Bulgaria,3,0,FIFA World Cup qualification,Tbilisi,Georgia,FALSE
07/09/25,Turkey,Spain,0,6,FIFA World Cup qualification,Konya,Turkey,FALSE
07/09/25,Lithuania,Netherlands,2,3,FIFA World Cup qualification,Kaunas,Lithuania,FALSE
07/09/25,Poland,Finland,3,1,FIFA World Cup qualification,Chorz√≥w,Poland,FALSE
07/09/25,North Macedonia,Liechtenstein,5,0,FIFA World Cup qualification,Skopje,North Macedonia,FALSE
07/09/25,Belgium,Kazakhstan,6,0,FIFA World Cup qualification,Anderlecht,Belgium,FALSE
07/09/25,Qatar,Russia,1,4,Friendly,Doha,Qatar,FALSE
07/09/25,Fiji,Hong Kong,0,8,King's Cup,Kanchanaburi,Thailand,TRUE
07/09/25,Thailand,Iraq,0,1,King's Cup,Kanchanaburi,Thailand,FALSE
08/09/25,Czech Republic,Saudi Arabia,1,1,Friendly,Hradec Kr√°lov√©,Czech Republic,FALSE
08/09/25,Indonesia,Lebanon,0,0,Friendly,Surabaya,Indonesia,FALSE
08/09/25,Malaysia,Palestine,1,0,Friendly,Johor,Malaysia,FALSE
08/09/25,Syria,Kuwait,2,2,Friendly,Doha,Qatar,TRUE
08/09/25,United Arab Emirates,Bahrain,1,0,Friendly,Dubai,United Arab Emirates,FALSE
08/09/25,Guinea-Bissau,Djibouti,2,0,FIFA World Cup qualification,Bissau,Guinea-Bissau,FALSE
08/09/25,Libya,Eswatini,2,0,FIFA World Cup qualification,Benghazi,Libya,FALSE
08/09/25,Zambia,Morocco,0,2,FIFA World Cup qualification,Ndola,Zambia,FALSE
08/09/25,Mozambique,Botswana,2,0,FIFA World Cup qualification,Maputo,Mozambique,FALSE
08/09/25,Guinea,Algeria,0,0,FIFA World Cup qualification,Casablanca,Morocco,TRUE
08/09/25,Uganda,Somalia,2,0,FIFA World Cup qualification,Kampala,Uganda,FALSE
08/09/25,Equatorial Guinea,Tunisia,0,1,FIFA World Cup qualification,Malabo,Equatorial Guinea,FALSE
08/09/25,Malawi,Liberia,2,2,FIFA World Cup qualification,Lilongwe,Malawi,FALSE
08/09/25,Madagascar,Chad,3,1,FIFA World Cup qualification,Casablanca,Morocco,TRUE
08/09/25,Ghana,Mali,1,0,FIFA World Cup qualification,Accra,Ghana,FALSE
08/09/25,Kosovo,Sweden,2,0,FIFA World Cup qualification,Pristina,Kosovo,FALSE
08/09/25,Switzerland,Slovenia,3,0,FIFA World Cup qualification,Basel,Switzerland,FALSE
08/09/25,Belarus,Scotland,0,2,FIFA World Cup qualification,Zalaegerszeg,Hungary,TRUE
08/09/25,Greece,Denmark,0,3,FIFA World Cup qualification,Athens,Greece,FALSE
08/09/25,Israel,Italy,4,5,FIFA World Cup qualification,Debrecen,Hungary,TRUE
08/09/25,Croatia,Montenegro,4,0,FIFA World Cup qualification,Zagreb,Croatia,FALSE
08/09/25,Gibraltar,Faroe Islands,0,1,FIFA World Cup qualification,Gibraltar,Gibraltar,FALSE
08/09/25,El Salvador,Suriname,1,2,FIFA World Cup qualification,San Salvador,El Salvador,FALSE
08/09/25,Panama,Guatemala,1,1,FIFA World Cup qualification,Panama City,Panama,FALSE
09/09/25,Estonia,Andorra,0,0,Friendly,Tallinn,Estonia,FALSE
09/09/25,Jordan,Dominican Republic,3,0,Friendly,Amman,Jordan,FALSE
09/09/25,Malta,San Marino,3,1,Friendly,Ta' Qali,Malta,FALSE
09/09/25,Mexico,South Korea,2,2,Friendly,Nashville,United States,TRUE
09/09/25,New Zealand,Australia,1,3,Soccer Ashes,Auckland,New Zealand,FALSE
09/09/25,Singapore,Myanmar,1,1,Friendly,Singapore,Singapore,FALSE
09/09/25,Sri Lanka,Maldives,1,1,Friendly,Colombo,Sri Lanka,FALSE
09/09/25,United States,Japan,2,0,Friendly,Columbus,United States,FALSE
09/09/25,Wales,Canada,0,1,Friendly,Cardiff,Wales,FALSE
09/09/25,Ecuador,Argentina,1,0,FIFA World Cup qualification,Guayaquil,Ecuador,FALSE
09/09/25,Peru,Paraguay,0,1,FIFA World Cup qualification,Lima,Peru,FALSE
09/09/25,Bolivia,Brazil,1,0,FIFA World Cup qualification,El Alto,Bolivia,FALSE
09/09/25,Venezuela,Colombia,3,6,FIFA World Cup qualification,Matur√≠n,Venezuela,FALSE
09/09/25,Chile,Uruguay,0,0,FIFA World Cup qualification,Santiago,Chile,FALSE
09/09/25,Sierra Leone,Ethiopia,2,0,FIFA World Cup qualification,Monrovia,Liberia,TRUE
09/09/25,Burkina Faso,Egypt,0,0,FIFA World Cup qualification,Ouagadougou,Burkina Faso,FALSE
09/09/25,Togo,Sudan,1,0,FIFA World Cup qualification,Lom√©,Togo,FALSE
09/09/25,DR Congo,Senegal,2,3,FIFA World Cup qualification,Kinshasa,DR Congo,FALSE
09/09/25,Mauritania,South Sudan,0,0,FIFA World Cup qualification,Nouadhibou,Mauritania,FALSE
09/09/25,Zimbabwe,Rwanda,0,1,FIFA World Cup qualification,Johannesburg,South Africa,TRUE
09/09/25,South Africa,Nigeria,1,1,FIFA World Cup qualification,Bloemfontein,South Africa,FALSE
09/09/25,Benin,Lesotho,4,0,FIFA World Cup qualification,Abidjan,Ivory Coast,TRUE
09/09/25,Cape Verde,Cameroon,1,0,FIFA World Cup qualification,Praia,Cape Verde,FALSE
09/09/25,Angola,Mauritius,3,1,FIFA World Cup qualification,Luanda,Angola,FALSE
09/09/25,Tanzania,Niger,0,1,FIFA World Cup qualification,Unguja,Tanzania,FALSE
09/09/25,Kenya,Seychelles,5,0,FIFA World Cup qualification,Nairobi,Kenya,FALSE
09/09/25,Gabon,Ivory Coast,0,0,FIFA World Cup qualification,Franceville,Gabon,FALSE
09/09/25,Gambia,Burundi,2,0,FIFA World Cup qualification,Nairobi,Kenya,TRUE
09/09/25,Namibia,S√£o Tom√© and Pr√≠ncipe,3,0,FIFA World Cup qualification,Francistown,Botswana,TRUE
09/09/25,Azerbaijan,Ukraine,1,1,FIFA World Cup qualification,Baku,Azerbaijan,FALSE
09/09/25,France,Iceland,2,1,FIFA World Cup qualification,Paris,France,FALSE
09/09/25,Armenia,Republic of Ireland,2,1,FIFA World Cup qualification,Yerevan,Armenia,FALSE
09/09/25,Hungary,Portugal,2,3,FIFA World Cup qualification,Budapest,Hungary,FALSE
09/09/25,Bosnia and Herzegovina,Austria,1,2,FIFA World Cup qualification,Zenica,Bosnia and Herzegovina,FALSE
09/09/25,Cyprus,Romania,2,2,FIFA World Cup qualification,Nicosia,Cyprus,FALSE
09/09/25,Norway,Moldova,11,1,FIFA World Cup qualification,Oslo,Norway,FALSE
09/09/25,Albania,Latvia,1,0,FIFA World Cup qualification,Tirana,Albania,FALSE
09/09/25,Serbia,England,0,5,FIFA World Cup qualification,Belgrade,Serbia,FALSE
09/09/25,Jamaica,Trinidad and Tobago,2,0,FIFA World Cup qualification,Kingston,Jamaica,FALSE
09/09/25,Cura√ßao,Bermuda,3,2,FIFA World Cup qualification,Willemstad,Cura√ßao,FALSE
09/09/25,Costa Rica,Haiti,3,3,FIFA World Cup qualification,San Jos√©,Costa Rica,FALSE
09/09/25,Honduras,Nicaragua,2,0,FIFA World Cup qualification,Tegucigalpa,Honduras,FALSE
04/10/25,Saint Kitts and Nevis,Saint Martin,5,0,Friendly,Basseterre,Saint Kitts and Nevis,FALSE
05/10/25,Saint Kitts and Nevis,Saint Martin,2,1,Friendly,Basseterre,Saint Kitts and Nevis,FALSE
05/10/25,Saint Vincent and the Grenadines,Cuba,7,0,Friendly,Arnos Vale,Saint Vincent and the Grenadines,FALSE
08/10/25,Qatar,Oman,0,0,FIFA World Cup qualification,Al Rayyan,Qatar,FALSE
08/10/25,Saudi Arabia,Indonesia,3,2,FIFA World Cup qualification,Jeddah,Saudi Arabia,FALSE
08/10/25,Ethiopia,Guinea-Bissau,1,0,FIFA World Cup qualification,Kigali,Rwanda,TRUE
08/10/25,Sierra Leone,Burkina Faso,0,1,FIFA World Cup qualification,Monrovia,Liberia,TRUE
08/10/25,Djibouti,Egypt,0,3,FIFA World Cup qualification,Casablanca,Morocco,TRUE
08/10/25,Libya,Cape Verde,3,3,FIFA World Cup qualification,Tripoli,Libya,FALSE
08/10/25,Eswatini,Angola,2,2,FIFA World Cup qualification,Lobamba,Eswatini,FALSE
08/10/25,Mauritius,Cameroon,0,2,FIFA World Cup qualification,Saint Pierre,Mauritius,FALSE
08/10/25,Niger,Congo,3,1,FIFA World Cup qualification,Ouagadougou,Burkina Faso,TRUE
08/10/25,Tanzania,Zambia,0,1,FIFA World Cup qualification,Unguja,Tanzania,FALSE
08/10/25,Comoros,Madagascar,1,2,FIFA World Cup qualification,Abidjan,Ivory Coast,TRUE
08/10/25,Central African Republic,Ghana,0,5,FIFA World Cup qualification,El Jadida,Morocco,TRUE
08/10/25,Chad,Mali,0,2,FIFA World Cup qualification,N'Djamena,Chad,FALSE
08/10/25,Gibraltar,New Caledonia,0,2,Friendly,Gibraltar,Gibraltar,FALSE
08/10/25,Saint Vincent and the Grenadines,Cuba,1,0,Friendly,Arnos Vale,Saint Vincent and the Grenadines,FALSE
09/10/25,England,Wales,3,0,Friendly,London,England,FALSE
09/10/25,Poland,New Zealand,1,0,Friendly,Chorz√≥w,Poland,FALSE
09/10/25,Romania,Moldova,2,1,Friendly,Bucharest,Romania,FALSE
09/10/25,Morocco,Bahrain,1,0,Friendly,Rabat,Morocco,FALSE
09/10/25,Grenada,British Virgin Islands,4,1,Friendly,St. George's,Grenada,FALSE
09/10/25,Burundi,Kenya,0,1,FIFA World Cup qualification,Bujumbura,Burundi,FALSE
09/10/25,Algeria,Somalia,3,0,FIFA World Cup qualification,Bir El Djir,Algeria,FALSE
09/10/25,Botswana,Uganda,0,1,FIFA World Cup qualification,Francistown,Botswana,FALSE
09/10/25,Mozambique,Guinea,1,2,FIFA World Cup qualification,Maputo,Mozambique,FALSE
09/10/25,Malawi,Equatorial Guinea,3,0,FIFA World Cup qualification,Lilongwe,Malawi,FALSE
09/10/25,Scotland,Greece,3,1,FIFA World Cup qualification,Glasgow,Scotland,FALSE
09/10/25,Belarus,Denmark,0,6,FIFA World Cup qualification,Zalaegerszeg,Hungary,TRUE
09/10/25,Malta,Netherlands,0,4,FIFA World Cup qualification,Ta' Qali,Malta,FALSE
09/10/25,Finland,Lithuania,2,1,FIFA World Cup qualification,Helsinki,Finland,FALSE
09/10/25,Austria,San Marino,10,0,FIFA World Cup qualification,Vienna,Austria,FALSE
09/10/25,Cyprus,Bosnia and Herzegovina,2,2,FIFA World Cup qualification,Larnaca,Cyprus,FALSE
09/10/25,Faroe Islands,Montenegro,4,0,FIFA World Cup qualification,T√≥rshavn,Faroe Islands,FALSE
09/10/25,Czech Republic,Croatia,0,0,FIFA World Cup qualification,Prague,Czech Republic,FALSE
09/10/25,Tajikistan,Maldives,2,0,AFC Asian Cup qualification,Hisor,Tajikistan,FALSE
09/10/25,Timor-Leste,Philippines,1,4,AFC Asian Cup qualification,Darwin,Australia,TRUE
09/10/25,Brunei,Yemen,0,2,AFC Asian Cup qualification,Bandar Seri Begawan,Brunei,FALSE
09/10/25,Lebanon,Bhutan,2,0,AFC Asian Cup qualification,Doha,Qatar,TRUE
09/10/25,Singapore,India,1,1,AFC Asian Cup qualification,Kallang,Singapore,FALSE
09/10/25,Bangladesh,Hong Kong,3,4,AFC Asian Cup qualification,Dhaka,Bangladesh,FALSE
09/10/25,Sri Lanka,Turkmenistan,1,0,AFC Asian Cup qualification,Colombo,Sri Lanka,FALSE
09/10/25,Thailand,Taiwan,2,0,AFC Asian Cup qualification,Bangkok,Thailand,FALSE
09/10/25,Pakistan,Afghanistan,0,0,AFC Asian Cup qualification,Islamabad,Pakistan,FALSE
09/10/25,Syria,Myanmar,5,1,AFC Asian Cup qualification,Al Hofuf,Saudi Arabia,TRUE
09/10/25,Laos,Malaysia,0,3,AFC Asian Cup qualification,Vientiane,Laos,FALSE
09/10/25,Vietnam,Nepal,3,1,AFC Asian Cup qualification,Ho Chi Minh City,Vietnam,FALSE
09/10/25,Liberia,Namibia,3,1,FIFA World Cup qualification,Monrovia,Liberia,FALSE
09/10/25,Nicaragua,Haiti,0,3,FIFA World Cup qualification,Managua,Nicaragua,FALSE
09/10/25,Honduras,Costa Rica,0,0,FIFA World Cup qualification,San Pedro Sula,Honduras,FALSE
10/10/25,Argentina,Venezuela,1,0,Friendly,Miami Gardens,United States,TRUE
10/10/25,Chile,Peru,2,1,Friendly,Santiago,Chile,FALSE
10/10/25,Canada,Australia,0,1,Friendly,Montreal,Canada,FALSE
10/10/25,Russia,Iran,2,1,Friendly,Volgograd,Russia,FALSE
10/10/25,Japan,Paraguay,2,2,Kirin Cup,Osaka,Japan,FALSE
10/10/25,Uzbekistan,Kuwait,2,0,Friendly,Tashkent,Uzbekistan,FALSE
10/10/25,Jordan,Bolivia,0,1,Friendly,Istanbul,Turkey,TRUE
10/10/25,South Korea,Brazil,0,5,Friendly,Seoul,South Korea,FALSE
10/10/25,Uruguay,Dominican Republic,1,0,Friendly,Kuala Lumpur,Malaysia,TRUE
10/10/25,United States,Ecuador,1,1,Friendly,Austin,United States,FALSE
10/10/25,Togo,DR Congo,0,1,FIFA World Cup qualification,Lom√©,Togo,FALSE
10/10/25,South Sudan,Senegal,0,5,FIFA World Cup qualification,Juba,South Sudan,FALSE
10/10/25,Sudan,Mauritania,0,0,FIFA World Cup qualification,Dar es Salaam,Tanzania,TRUE
10/10/25,Lesotho,Nigeria,1,2,FIFA World Cup qualification,Polokwane,South Africa,TRUE
10/10/25,Rwanda,Benin,0,1,FIFA World Cup qualification,Kigali,Rwanda,FALSE
10/10/25,South Africa,Zimbabwe,0,0,FIFA World Cup qualification,Durban,South Africa,FALSE
10/10/25,Gambia,Gabon,3,4,FIFA World Cup qualification,Nairobi,Kenya,TRUE
10/10/25,Seychelles,Ivory Coast,0,7,FIFA World Cup qualification,Saint Pierre,Mauritius,TRUE
10/10/25,Tunisia,S√£o Tom√© and Pr√≠ncipe,6,0,FIFA World Cup qualification,Rad√®s,Tunisia,FALSE
10/10/25,Northern Ireland,Slovakia,2,0,FIFA World Cup qualification,Belfast,Northern Ireland,FALSE
10/10/25,Germany,Luxembourg,4,0,FIFA World Cup qualification,Sinsheim,Germany,FALSE
10/10/25,Kosovo,Slovenia,0,0,FIFA World Cup qualification,Pristina,Kosovo,FALSE
10/10/25,Sweden,Switzerland,0,2,FIFA World Cup qualification,Solna,Sweden,FALSE
10/10/25,Iceland,Ukraine,3,5,FIFA World Cup qualification,Reykjav√≠k,Iceland,FALSE
10/10/25,France,Azerbaijan,3,0,FIFA World Cup qualification,Paris,France,FALSE
10/10/25,Kazakhstan,Liechtenstein,4,0,FIFA World Cup qualification,Astana,Kazakhstan,FALSE
10/10/25,Belgium,North Macedonia,0,0,FIFA World Cup qualification,Gent,Belgium,FALSE
10/10/25,Suriname,Guatemala,1,1,FIFA World Cup qualification,Paramaribo,Suriname,FALSE
10/10/25,El Salvador,Panama,0,1,FIFA World Cup qualification,San Salvador,El Salvador,FALSE
10/10/25,Bermuda,Trinidad and Tobago,0,3,FIFA World Cup qualification,Devonshire Parish,Bermuda,FALSE
10/10/25,Cura√ßao,Jamaica,2,0,FIFA World Cup qualification,Willemstad,Cura√ßao,FALSE
11/10/25,Grenada,Cuba,2,0,Friendly,St. George's,Grenada,FALSE
11/10/25,Mexico,Colombia,0,4,Friendly,Arlington,United States,TRUE
11/10/25,United Arab Emirates,Oman,2,1,FIFA World Cup qualification,Al Rayyan,Qatar,TRUE
11/10/25,Iraq,Indonesia,1,0,FIFA World Cup qualification,Jeddah,Saudi Arabia,TRUE
11/10/25,Spain,Georgia,2,0,FIFA World Cup qualification,Elche,Spain,FALSE
11/10/25,Bulgaria,Turkey,1,6,FIFA World Cup qualification,Sofia,Bulgaria,FALSE
11/10/25,Hungary,Armenia,2,0,FIFA World Cup qualification,Budapest,Hungary,FALSE
11/10/25,Portugal,Republic of Ireland,1,0,FIFA World Cup qualification,Lisbon,Portugal,FALSE
11/10/25,Norway,Israel,5,0,FIFA World Cup qualification,Oslo,Norway,FALSE
11/10/25,Estonia,Italy,1,3,FIFA World Cup qualification,Tallinn,Estonia,FALSE
11/10/25,Latvia,Andorra,2,2,FIFA World Cup qualification,Riga,Latvia,FALSE
11/10/25,Serbia,Albania,0,1,FIFA World Cup qualification,Leskovac,Serbia,FALSE
12/10/25,Malta,Bosnia and Herzegovina,1,4,Friendly,Ta' Qali,Malta,FALSE
12/10/25,Burkina Faso,Ethiopia,3,1,FIFA World Cup qualification,Ouagadougou,Burkina Faso,FALSE
12/10/25,Djibouti,Sierra Leone,1,2,FIFA World Cup qualification,Casablanca,Morocco,TRUE
12/10/25,Egypt,Guinea-Bissau,1,0,FIFA World Cup qualification,Cairo,Egypt,FALSE
12/10/25,Zambia,Niger,0,1,FIFA World Cup qualification,Ndola,Zambia,FALSE
12/10/25,Chad,Central African Republic,2,3,FIFA World Cup qualification,N'Djamena,Chad,FALSE
12/10/25,Ghana,Comoros,1,0,FIFA World Cup qualification,Accra,Ghana,FALSE
12/10/25,Mali,Madagascar,4,1,FIFA World Cup qualification,Bamako,Mali,FALSE
12/10/25,Scotland,Belarus,2,1,FIFA World Cup qualification,Glasgow,Scotland,FALSE
12/10/25,Denmark,Greece,3,1,FIFA World Cup qualification,Copenhagen,Denmark,FALSE
12/10/25,Netherlands,Finland,4,0,FIFA World Cup qualification,Amsterdam,Netherlands,FALSE
12/10/25,Lithuania,Poland,0,2,FIFA World Cup qualification,Kaunas,Lithuania,FALSE
12/10/25,San Marino,Cyprus,0,4,FIFA World Cup qualification,Serravalle,San Marino,FALSE
12/10/25,Romania,Austria,1,0,FIFA World Cup qualification,Bucharest,Romania,FALSE
12/10/25,Faroe Islands,Czech Republic,2,1,FIFA World Cup qualification,T√≥rshavn,Faroe Islands,FALSE
12/10/25,Croatia,Gibraltar,3,0,FIFA World Cup qualification,Vara≈ædin,Croatia,FALSE
13/10/25,Montenegro,Liechtenstein,2,1,Friendly,Podgorica,Montenegro,FALSE
13/10/25,Uzbekistan,Uruguay,1,2,Friendly,Malacca City,Malaysia,TRUE
13/10/25,South Sudan,Togo,0,0,FIFA World Cup qualification,Juba,South Sudan,FALSE
13/10/25,Lesotho,Zimbabwe,1,0,FIFA World Cup qualification,Polokwane,South Africa,TRUE
13/10/25,Cape Verde,Eswatini,3,0,FIFA World Cup qualification,Praia,Cape Verde,FALSE
13/10/25,Cameroon,Angola,0,0,FIFA World Cup qualification,Yaound√©,Cameroon,FALSE
13/10/25,Mauritius,Libya,0,0,FIFA World Cup qualification,Saint Pierre,Mauritius,FALSE
13/10/25,Equatorial Guinea,Liberia,1,1,FIFA World Cup qualification,Malabo,Equatorial Guinea,FALSE
13/10/25,S√£o Tom√© and Pr√≠ncipe,Malawi,1,0,FIFA World Cup qualification,Sousse,Tunisia,TRUE
13/10/25,Tunisia,Namibia,3,0,FIFA World Cup qualification,Rad√®s,Tunisia,FALSE
13/10/25,Northern Ireland,Germany,0,1,FIFA World Cup qualification,Belfast,Northern Ireland,FALSE
13/10/25,Slovakia,Luxembourg,2,0,FIFA World Cup qualification,Trnava,Slovakia,FALSE
13/10/25,Slovenia,Switzerland,0,0,FIFA World Cup qualification,Ljubljana,Slovenia,FALSE
13/10/25,Sweden,Kosovo,0,1,FIFA World Cup qualification,Gothenburg,Sweden,FALSE
13/10/25,Iceland,France,2,2,FIFA World Cup qualification,Reykjav√≠k,Iceland,FALSE
13/10/25,Ukraine,Azerbaijan,2,1,FIFA World Cup qualification,Krak√≥w,Poland,TRUE
13/10/25,Wales,Belgium,2,4,FIFA World Cup qualification,Cardiff,Wales,FALSE
13/10/25,North Macedonia,Kazakhstan,1,1,FIFA World Cup qualification,Skopje,North Macedonia,FALSE
13/10/25,Honduras,Haiti,3,0,FIFA World Cup qualification,Tegucigalpa,Honduras,FALSE
13/10/25,Costa Rica,Nicaragua,4,1,FIFA World Cup qualification,San Jos√©,Costa Rica,FALSE
14/10/25,Albania,Jordan,4,2,Friendly,Tirana,Albania,FALSE
14/10/25,Japan,Brazil,3,2,Kirin Cup,Tokyo,Japan,FALSE
14/10/25,Iran,Tanzania,2,0,Friendly,Dubai,United Arab Emirates,TRUE
14/10/25,Canada,Colombia,0,0,Friendly,Harrison,United States,TRUE
14/10/25,South Korea,Paraguay,2,0,Friendly,Seoul,South Korea,FALSE
14/10/25,Mexico,Ecuador,1,1,Friendly,Zapopan,Mexico,FALSE
14/10/25,Norway,New Zealand,1,1,Friendly,Oslo,Norway,FALSE
14/10/25,Puerto Rico,Argentina,0,6,Friendly,Fort Lauderdale,United States,TRUE
14/10/25,Russia,Bolivia,3,0,Friendly,Moscow,Russia,FALSE
14/10/25,United States,Australia,2,1,Friendly,Denver,United States,FALSE
14/10/25,Qatar,United Arab Emirates,2,1,FIFA World Cup qualification,Al Rayyan,Qatar,FALSE
14/10/25,Saudi Arabia,Iraq,0,0,FIFA World Cup qualification,Jeddah,Saudi Arabia,FALSE
14/10/25,Senegal,Mauritania,4,0,FIFA World Cup qualification,Diamniadio,Senegal,FALSE
14/10/25,DR Congo,Sudan,1,0,FIFA World Cup qualification,Kinshasa,DR Congo,FALSE
14/10/25,Nigeria,Benin,4,0,FIFA World Cup qualification,Uyo,Nigeria,FALSE
14/10/25,South Africa,Rwanda,3,0,FIFA World Cup qualification,Mbombela,South Africa,FALSE
14/10/25,Morocco,Congo,1,0,FIFA World Cup qualification,Rabat,Morocco,FALSE
14/10/25,Seychelles,Gambia,0,7,FIFA World Cup qualification,Saint Pierre,Mauritius,TRUE
14/10/25,Ivory Coast,Kenya,3,0,FIFA World Cup qualification,Ebimp√©,Ivory Coast,FALSE
14/10/25,Gabon,Burundi,2,0,FIFA World Cup qualification,Franceville,Gabon,FALSE
14/10/25,Algeria,Uganda,2,1,FIFA World Cup qualification,Tizi Ouzou,Algeria,FALSE
14/10/25,Guinea,Botswana,2,2,FIFA World Cup qualification,Casablanca,Morocco,TRUE
14/10/25,Somalia,Mozambique,0,1,FIFA World Cup qualification,Bir El Djir,Algeria,TRUE
14/10/25,Spain,Bulgaria,4,0,FIFA World Cup qualification,Valladolid,Spain,FALSE
14/10/25,Turkey,Georgia,4,1,FIFA World Cup qualification,Izmit,Turkey,FALSE
14/10/25,Portugal,Hungary,2,2,FIFA World Cup qualification,Lisbon,Portugal,FALSE
14/10/25,Republic of Ireland,Armenia,1,0,FIFA World Cup qualification,Dublin,Republic of Ireland,FALSE
14/10/25,Estonia,Moldova,1,1,FIFA World Cup qualification,Tallinn,Estonia,FALSE
14/10/25,Italy,Israel,3,0,FIFA World Cup qualification,Udine,Italy,FALSE
14/10/25,Andorra,Serbia,1,3,FIFA World Cup qualification,Encamp,Andorra,FALSE
14/10/25,Latvia,England,0,5,FIFA World Cup qualification,Riga,Latvia,FALSE
14/10/25,Maldives,Tajikistan,0,3,AFC Asian Cup qualification,Mal√©,Maldives,FALSE
14/10/25,Philippines,Timor-Leste,3,1,AFC Asian Cup qualification,Capas,Philippines,FALSE
14/10/25,Bhutan,Lebanon,0,4,AFC Asian Cup qualification,Al Wakrah,Qatar,TRUE
14/10/25,Yemen,Brunei,9,0,AFC Asian Cup qualification,Kuwait City,Kuwait,TRUE
14/10/25,India,Singapore,1,2,AFC Asian Cup qualification,Margao,India,FALSE
14/10/25,Hong Kong,Bangladesh,1,1,AFC Asian Cup qualification,Kowloon,Hong Kong,FALSE
14/10/25,Taiwan,Thailand,1,6,AFC Asian Cup qualification,Taipei,Taiwan,FALSE
14/10/25,Turkmenistan,Sri Lanka,2,1,AFC Asian Cup qualification,Arkadag,Turkmenistan,FALSE
14/10/25,Myanmar,Syria,0,3,AFC Asian Cup qualification,Yangon,Myanmar,FALSE
14/10/25,Afghanistan,Pakistan,1,1,AFC Asian Cup qualification,Al Farwaniyah,Kuwait,TRUE
14/10/25,Vietnam,Nepal,1,0,AFC Asian Cup qualification,Ho Chi Minh City,Vietnam,FALSE
14/10/25,Malaysia,Laos,5,1,AFC Asian Cup qualification,Kuala Lumpur,Malaysia,FALSE
14/10/25,Panama,Suriname,1,1,FIFA World Cup qualification,Panama City,Panama,FALSE
14/10/25,El Salvador,Guatemala,0,1,FIFA World Cup qualification,San Salvador,El Salvador,FALSE
14/10/25,Cura√ßao,Trinidad and Tobago,1,1,FIFA World Cup qualification,Willemstad,Cura√ßao,FALSE
14/10/25,Jamaica,Bermuda,4,0,FIFA World Cup qualification,Kingston,Jamaica,FALSE
12/11/25,Tunisia,Mauritania,1,1,Friendly,Rad√®s,Tunisia,FALSE
12/11/25,Russia,Peru,1,1,Friendly,Saint Petersburg,Russia,FALSE
12/11/25,Cuba,Saint Lucia,3,0,CONCACAF Series,Santiago de los Caballeros,Dominican Republic,TRUE
12/11/25,Dominican Republic,Saint Vincent and the Grenadines,2,0,CONCACAF Series,Santiago de los Caballeros,Dominican Republic,FALSE
12/11/25,Dominica,Saint Martin,1,2,CONCACAF Series,Basseterre,Saint Kitts and Nevis,TRUE
12/11/25,Saint Kitts and Nevis,Sint Maarten,0,0,CONCACAF Series,Basseterre,Saint Kitts and Nevis,FALSE
12/11/25,Barbados,Bonaire,3,2,CONCACAF Series,North Sound,Antigua and Barbuda,TRUE
12/11/25,Antigua and Barbuda,Aruba,0,0,CONCACAF Series,North Sound,Antigua and Barbuda,FALSE
12/11/25,Bahamas,Anguilla,1,2,CONCACAF Series,George Town,Cayman Islands,TRUE
12/11/25,Cayman Islands,British Virgin Islands,1,2,CONCACAF Series,George Town,Cayman Islands,FALSE
13/11/25,Algeria,Zimbabwe,3,1,Friendly,Jeddah,Saudi Arabia,TRUE
13/11/25,Bangladesh,Nepal,2,2,Friendly,Dhaka,Bangladesh,FALSE
13/11/25,Canada,Ecuador,0,0,Friendly,Toronto,Canada,FALSE
13/11/25,Czech Republic,San Marino,1,0,Friendly,Karvin√°,Czech Republic,FALSE
13/11/25,Hong Kong,Cambodia,1,1,Friendly,Hong Kong,Hong Kong,FALSE
13/11/25,Lithuania,Israel,0,0,Friendly,Kaunas,Lithuania,FALSE
13/11/25,North Macedonia,Latvia,0,0,Friendly,Skopje,North Macedonia,FALSE
13/11/25,Thailand,Singapore,3,2,Friendly,Pathum Thani,Thailand,FALSE
13/11/25,United Arab Emirates,Iraq,1,1,FIFA World Cup qualification,Abu Dhabi,United Arab Emirates,FALSE
13/11/25,Cameroon,DR Congo,0,1,FIFA World Cup qualification,Rabat,Morocco,TRUE
13/11/25,Nigeria,Gabon,4,1,FIFA World Cup qualification,Rabat,Morocco,TRUE
13/11/25,France,Ukraine,4,0,FIFA World Cup qualification,Paris,France,FALSE
13/11/25,Azerbaijan,Iceland,0,2,FIFA World Cup qualification,Baku,Azerbaijan,FALSE
13/11/25,Republic of Ireland,Portugal,2,0,FIFA World Cup qualification,Dublin,Republic of Ireland,FALSE
13/11/25,Armenia,Hungary,0,1,FIFA World Cup qualification,Yerevan,Armenia,FALSE
13/11/25,Norway,Estonia,4,1,FIFA World Cup qualification,Oslo,Norway,FALSE
13/11/25,Moldova,Italy,0,2,FIFA World Cup qualification,Chi»ôinƒÉu,Moldova,FALSE
13/11/25,England,Serbia,2,0,FIFA World Cup qualification,London,England,FALSE
13/11/25,Andorra,Albania,0,1,FIFA World Cup qualification,Encamp,Andorra,FALSE
13/11/25,Iran,Cape Verde,0,0,Al Ain International Cup,Al Ain,United Arab Emirates,TRUE
13/11/25,Papua New Guinea,Solomon Islands,1,0,MSG Prime Minister's Cup,Port Moresby,Papua New Guinea,FALSE
13/11/25,Suriname,El Salvador,4,0,FIFA World Cup qualification,Paramaribo,Suriname,FALSE
13/11/25,Guatemala,Panama,2,3,FIFA World Cup qualification,Guatemala City,Guatemala,FALSE
13/11/25,Bermuda,Cura√ßao,0,7,FIFA World Cup qualification,Devonshire Parish,Bermuda,FALSE
13/11/25,Trinidad and Tobago,Jamaica,1,1,FIFA World Cup qualification,Port of Spain,Trinidad and Tobago,FALSE
13/11/25,Haiti,Costa Rica,1,0,FIFA World Cup qualification,Willemstad,Cura√ßao,TRUE
13/11/25,Nicaragua,Honduras,2,0,FIFA World Cup qualification,Managua,Nicaragua,FALSE
14/11/25,Angola,Argentina,0,2,Friendly,Luanda,Angola,FALSE
14/11/25,Australia,Venezuela,0,1,Friendly,Houston,United States,TRUE
14/11/25,South Korea,Bolivia,2,0,Friendly,Daejeon,South Korea,FALSE
14/11/25,Morocco,Mozambique,1,0,Friendly,Tangier,Morocco,FALSE
14/11/25,Oman,Sudan,2,0,Friendly,Seeb,Oman,FALSE
14/11/25,Comoros,Namibia,1,0,Friendly,Iconi,Comoros,FALSE
14/11/25,Uganda,Chad,2,1,Friendly,Berrechid,Morocco,TRUE
14/11/25,Burkina Faso,Niger,3,2,Friendly,Mohammedia,Morocco,TRUE
14/11/25,Japan,Ghana,2,0,Kirin Cup,Toyota,Japan,FALSE
14/11/25,Saudi Arabia,Ivory Coast,1,0,Friendly,Jeddah,Saudi Arabia,FALSE
14/11/25,Tunisia,Jordan,3,2,Friendly,Rad√®s,Tunisia,FALSE
14/11/25,Luxembourg,Germany,0,2,FIFA World Cup qualification,Luxembourg,Luxembourg,FALSE
14/11/25,Slovakia,Northern Ireland,1,0,FIFA World Cup qualification,Ko≈°ice,Slovakia,FALSE
14/11/25,Finland,Malta,0,1,FIFA World Cup qualification,Helsinki,Finland,FALSE
14/11/25,Poland,Netherlands,1,1,FIFA World Cup qualification,Warsaw,Poland,FALSE
14/11/25,Croatia,Faroe Islands,3,1,FIFA World Cup qualification,Rijeka,Croatia,FALSE
14/11/25,Gibraltar,Montenegro,1,2,FIFA World Cup qualification,Gibraltar,Gibraltar,FALSE
14/11/25,Uzbekistan,Egypt,2,0,Al Ain International Cup,Al Ain,United Arab Emirates,TRUE
15/11/25,Russia,Chile,0,2,Friendly,Sochi,Russia,FALSE
15/11/25,Libya,Mauritania,1,0,Friendly,Benina,Libya,FALSE
15/11/25,Kuwait,Tanzania,4,3,Friendly,Cairo,Egypt,TRUE
15/11/25,Lesotho,Malawi,0,0,Friendly,Bloemfontein,South Africa,TRUE
15/11/25,Guinea,Liberia,2,0,Friendly,Casablanca,Morocco,TRUE
15/11/25,Brazil,Senegal,2,0,Friendly,London,England,TRUE
15/11/25,Colombia,New Zealand,2,1,Friendly,Fort Lauderdale,United States,TRUE
15/11/25,Mexico,Uruguay,0,0,Friendly,Torre√≥n,Mexico,FALSE
15/11/25,South Africa,Zambia,3,1,Friendly,Gqeberha,South Africa,FALSE
15/11/25,United States,Paraguay,2,1,Friendly,Chester,United States,FALSE
15/11/25,Slovenia,Kosovo,0,2,FIFA World Cup qualification,Ljubljana,Slovenia,FALSE
15/11/25,Switzerland,Sweden,4,1,FIFA World Cup qualification,Geneva,Switzerland,FALSE
15/11/25,Denmark,Belarus,2,2,FIFA World Cup qualification,Copenhagen,Denmark,FALSE
15/11/25,Greece,Scotland,3,2,FIFA World Cup qualification,Piraeus,Greece,FALSE
15/11/25,Turkey,Bulgaria,2,0,FIFA World Cup qualification,Bursa,Turkey,FALSE
15/11/25,Georgia,Spain,0,4,FIFA World Cup qualification,Tbilisi,Georgia,FALSE
15/11/25,Cyprus,Austria,0,2,FIFA World Cup qualification,Limassol,Cyprus,FALSE
15/11/25,Bosnia and Herzegovina,Romania,3,1,FIFA World Cup qualification,Zenica,Bosnia and Herzegovina,FALSE
15/11/25,Liechtenstein,Wales,0,1,FIFA World Cup qualification,Vaduz,Liechtenstein,FALSE
15/11/25,Kazakhstan,Belgium,1,1,FIFA World Cup qualification,Astana,Kazakhstan,FALSE
15/11/25,Martinique,Cuba,0,2,CONCACAF Series,Santiago de los Caballeros,Dominican Republic,TRUE
15/11/25,Saint Vincent and the Grenadines,Saint Lucia,3,1,CONCACAF Series,Santiago de los Caballeros,Dominican Republic,TRUE
15/11/25,Dominica,Sint Maarten,2,3,CONCACAF Series,Basseterre,Saint Kitts and Nevis,TRUE
15/11/25,Saint Martin,Belize,0,1,CONCACAF Series,Basseterre,Saint Kitts and Nevis,TRUE
15/11/25,Barbados,Aruba,0,3,CONCACAF Series,North Sound,Antigua and Barbuda,TRUE
15/11/25,Guyana,Bonaire,2,1,CONCACAF Series,North Sound,Antigua and Barbuda,TRUE
15/11/25,Bahamas,British Virgin Islands,0,6,CONCACAF Series,George Town,Cayman Islands,TRUE
15/11/25,Cayman Islands,Anguilla,4,0,CONCACAF Series,George Town,Cayman Islands,FALSE
16/11/25,Nigeria,DR Congo,1,1,FIFA World Cup qualification,Rabat,Morocco,TRUE
16/11/25,Ukraine,Iceland,2,0,FIFA World Cup qualification,Warsaw,Poland,TRUE
16/11/25,Azerbaijan,France,1,3,FIFA World Cup qualification,Baku,Azerbaijan,FALSE
16/11/25,Portugal,Armenia,9,1,FIFA World Cup qualification,Porto,Portugal,FALSE
16/11/25,Hungary,Republic of Ireland,2,3,FIFA World Cup qualification,Budapest,Hungary,FALSE
16/11/25,Moldova,Israel,1,4,FIFA World Cup qualification,Chi»ôinƒÉu,Moldova,FALSE
16/11/25,Italy,Norway,1,4,FIFA World Cup qualification,Milan,Italy,FALSE
16/11/25,Albania,England,0,2,FIFA World Cup qualification,Tirana,Albania,FALSE
16/11/25,Serbia,Latvia,2,1,FIFA World Cup qualification,Leskovac,Serbia,FALSE
17/11/25,Comoros,Namibia,4,0,Friendly,Iconi,Comoros,FALSE
17/11/25,Mozambique,Chad,2,2,Friendly,Berrechid,Morocco,TRUE
17/11/25,Madagascar,Equatorial Guinea,2,0,Friendly,Antalya,Turkey,TRUE
17/11/25,Finland,Andorra,4,0,Friendly,Tampere,Finland,FALSE
17/11/25,Qatar,Zimbabwe,1,2,Friendly,Ar-Rayyan,Qatar,FALSE
17/11/25,Bahrain,Somalia,1,2,Friendly,Riffa,Bahrain,FALSE
17/11/25,Northern Ireland,Luxembourg,1,0,FIFA World Cup qualification,Belfast,Northern Ireland,FALSE
17/11/25,Germany,Slovakia,6,0,FIFA World Cup qualification,Leipzig,Germany,FALSE
17/11/25,Malta,Poland,2,3,FIFA World Cup qualification,Ta' Qali,Malta,FALSE
17/11/25,Netherlands,Lithuania,4,0,FIFA World Cup qualification,Amsterdam,Netherlands,FALSE
17/11/25,Czech Republic,Gibraltar,6,0,FIFA World Cup qualification,Olomouc,Czech Republic,FALSE
17/11/25,Montenegro,Croatia,2,3,FIFA World Cup qualification,Podgorica,Montenegro,FALSE
17/11/25,Cape Verde,Egypt,1,1,Al Ain International Cup,Al Ain,United Arab Emirates,TRUE
17/11/25,Vanuatu,Fiji,2,0,MSG Prime Minister's Cup,Port Moresby,Papua New Guinea,TRUE
18/11/25,Angola,Zambia,3,2,Friendly,Luanda,Angola,FALSE
18/11/25,Morocco,Uganda,4,0,Friendly,Tangier,Morocco,FALSE
18/11/25,Oman,Ivory Coast,0,2,Friendly,Seeb,Oman,FALSE
18/11/25,Saudi Arabia,Algeria,0,2,Friendly,Jeddah,Saudi Arabia,FALSE
18/11/25,Guinea,Niger,1,1,Friendly,Mohammedia,Morocco,TRUE
18/11/25,Kenya,Senegal,0,8,Friendly,Antalya,Turkey,TRUE
18/11/25,Benin,Burkina Faso,0,3,Friendly,Mohammedia,Morocco,TRUE
18/11/25,Japan,Bolivia,3,0,Kirin Cup,Tokyo,Japan,FALSE
18/11/25,Mali,Jordan,3,2,Friendly,Rad√®s,Tunisia,TRUE
18/11/25,Kuwait,Gambia,2,2,Friendly,Cairo,Egypt,TRUE
18/11/25,Lesotho,Malawi,0,1,Friendly,Bloemfontein,South Africa,TRUE
18/11/25,Maldives,Philippines,0,2,AFC Asian Cup qualification,Mal√©,Maldives,FALSE
18/11/25,Timor-Leste,Tajikistan,0,5,AFC Asian Cup qualification,Darwin,Australia,TRUE
18/11/25,Yemen,Bhutan,7,1,AFC Asian Cup qualification,Kuwait City,Kuwait,TRUE
18/11/25,Brunei,Lebanon,0,3,AFC Asian Cup qualification,Bandar Seri Begawan,Brunei,FALSE
18/11/25,Bangladesh,India,1,0,AFC Asian Cup qualification,Dhaka,Bangladesh,FALSE
18/11/25,Hong Kong,Singapore,1,2,AFC Asian Cup qualification,Kowloon,Hong Kong,FALSE
18/11/25,Sri Lanka,Thailand,0,4,AFC Asian Cup qualification,Colombo,Sri Lanka,FALSE
18/11/25,Turkmenistan,Taiwan,3,1,AFC Asian Cup qualification,Arkadag,Turkmenistan,FALSE
18/11/25,Pakistan,Syria,0,5,AFC Asian Cup qualification,Islamabad,Pakistan,FALSE
18/11/25,Malaysia,Nepal,1,0,AFC Asian Cup qualification,Kuala Lumpur,Malaysia,FALSE
18/11/25,Brazil,Tunisia,1,1,Friendly,Lille,France,TRUE
18/11/25,Canada,Venezuela,2,0,Friendly,Fort Lauderdale,United States,TRUE
18/11/25,Chile,Peru,2,1,Friendly,Sochi,Russia,TRUE
18/11/25,Colombia,Australia,3,0,Friendly,New York,United States,TRUE
18/11/25,Cyprus,Estonia,2,4,Friendly,Limassol,Cyprus,FALSE
18/11/25,Ecuador,New Zealand,2,0,Friendly,Harrison,United States,TRUE
18/11/25,Faroe Islands,Kazakhstan,1,0,Friendly,Pula,Croatia,TRUE
18/11/25,South Korea,Ghana,1,0,Friendly,Seoul,South Korea,FALSE
18/11/25,Mexico,Paraguay,1,2,Friendly,San Antonio,United States,TRUE
18/11/25,United States,Uruguay,5,1,Friendly,Tampa,United States,FALSE
18/11/25,Iraq,United Arab Emirates,2,1,FIFA World Cup qualification,Basra,Iraq,FALSE
18/11/25,Kosovo,Switzerland,1,1,FIFA World Cup qualification,Pristina,Kosovo,FALSE
18/11/25,Sweden,Slovenia,1,1,FIFA World Cup qualification,Solna,Sweden,FALSE
18/11/25,Scotland,Denmark,4,2,FIFA World Cup qualification,Glasgow,Scotland,FALSE
18/11/25,Belarus,Greece,0,0,FIFA World Cup qualification,Zalaegerszeg,Hungary,TRUE
18/11/25,Spain,Turkey,2,2,FIFA World Cup qualification,Seville,Spain,FALSE
18/11/25,Bulgaria,Georgia,2,1,FIFA World Cup qualification,Sofia,Bulgaria,FALSE
18/11/25,Austria,Bosnia and Herzegovina,1,1,FIFA World Cup qualification,Vienna,Austria,FALSE
18/11/25,Romania,San Marino,7,1,FIFA World Cup qualification,Ploie»ôti,Romania,FALSE
18/11/25,Wales,North Macedonia,7,1,FIFA World Cup qualification,Cardiff,Wales,FALSE
18/11/25,Belgium,Liechtenstein,7,0,FIFA World Cup qualification,Li√®ge,Belgium,FALSE
18/11/25,Dominican Republic,Martinique,0,0,CONCACAF Series,Santiago de los Caballeros,Dominican Republic,FALSE
18/11/25,Saint Kitts and Nevis,Belize,2,6,CONCACAF Series,Basseterre,Saint Kitts and Nevis,FALSE
18/11/25,Antigua and Barbuda,Guyana,1,4,CONCACAF Series,North Sound,Antigua and Barbuda,FALSE
18/11/25,Iran,Uzbekistan,0,0,Al Ain International Cup,Al Ain,United Arab Emirates,TRUE
18/11/25,Guatemala,Suriname,3,1,FIFA World Cup qualification,Guatemala City,Guatemala,FALSE
18/11/25,Panama,El Salvador,3,0,FIFA World Cup qualification,Panama City,Panama,FALSE
18/11/25,Jamaica,Cura√ßao,0,0,FIFA World Cup qualification,Kingston,Jamaica,FALSE
18/11/25,Trinidad and Tobago,Bermuda,2,2,FIFA World Cup qualification,Port of Spain,Trinidad and Tobago,FALSE
18/11/25,Costa Rica,Honduras,0,0,FIFA World Cup qualification,San Jos√©,Costa Rica,FALSE
18/11/25,Haiti,Nicaragua,2,0,FIFA World Cup qualification,Willemstad,Cura√ßao,TRUE
19/11/25,Laos,Vietnam,0,2,AFC Asian Cup qualification,Vientiane,Laos,FALSE
20/11/25,Vanuatu,Solomon Islands,2,1,MSG Prime Minister's Cup,Port Moresby,Papua New Guinea,TRUE
20/11/25,Papua New Guinea,Fiji,2,0,MSG Prime Minister's Cup,Port Moresby,Papua New Guinea,FALSE
23/11/25,Papua New Guinea,Vanuatu,2,2,MSG Prime Minister's Cup,Port Moresby,Papua New Guinea,FALSE
25/11/25,Mauritania,Kuwait,0,2,Arab Cup qualification,Al Rayyan,Qatar,TRUE
25/11/25,Syria,South Sudan,2,0,Arab Cup qualification,Doha,Qatar,TRUE
25/11/25,Palestine,Libya,0,0,Arab Cup qualification,Al Rayyan,Qatar,TRUE
26/11/25,Oman,Somalia,0,0,Arab Cup qualification,Doha,Qatar,TRUE
26/11/25,Bahrain,Djibouti,1,0,Arab Cup qualification,Al Rayyan,Qatar,TRUE
26/11/25,Sudan,Lebanon,2,1,Arab Cup qualification,Al Rayyan,Qatar,TRUE
26/11/25,Comoros,Yemen,4,4,Arab Cup qualification,Doha,Qatar,TRUE
01/12/25,Tunisia,Syria,0,1,Arab Cup,Al Rayyan,Qatar,TRUE
01/12/25,Qatar,Palestine,0,1,Arab Cup,Al Khor,Qatar,FALSE
02/12/25,Morocco,Comoros,3,1,Arab Cup,Al Rayyan,Qatar,TRUE
02/12/25,Saudi Arabia,Oman,2,1,Arab Cup,Al Rayyan,Qatar,TRUE
02/12/25,Egypt,Kuwait,1,1,Arab Cup,Lusail,Qatar,TRUE
03/12/25,Jordan,United Arab Emirates,2,1,Arab Cup,Al Khor,Qatar,TRUE
03/12/25,Algeria,Sudan,0,0,Arab Cup,Al Rayyan,Qatar,TRUE
03/12/25,Iraq,Bahrain,2,1,Arab Cup,Doha,Qatar,TRUE
04/12/25,Palestine,Tunisia,2,2,Arab Cup,Lusail,Qatar,TRUE
04/12/25,Qatar,Syria,1,1,Arab Cup,Al Rayyan,Qatar,FALSE
05/12/25,Oman,Morocco,0,0,Arab Cup,Al Rayyan,Qatar,TRUE
05/12/25,Comoros,Saudi Arabia,1,3,Arab Cup,Al Khor,Qatar,TRUE
06/12/25,Kuwait,Jordan,1,3,Arab Cup,Al Rayyan,Qatar,TRUE
06/12/25,United Arab Emirates,Egypt,1,1,Arab Cup,Lusail,Qatar,TRUE
06/12/25,Bahrain,Algeria,1,5,Arab Cup,Al Rayyan,Qatar,TRUE
06/12/25,Sudan,Iraq,0,2,Arab Cup,Doha,Qatar,TRUE
07/12/25,Qatar,Tunisia,0,3,Arab Cup,Al Khor,Qatar,FALSE
07/12/25,Syria,Palestine,0,0,Arab Cup,Al Rayyan,Qatar,TRUE
08/12/25,Morocco,Saudi Arabia,1,0,Arab Cup,Lusail,Qatar,TRUE
08/12/25,Oman,Comoros,2,1,Arab Cup,Doha,Qatar,TRUE
09/12/25,Egypt,Jordan,0,3,Arab Cup,Al Khor,Qatar,TRUE
09/12/25,United Arab Emirates,Kuwait,3,1,Arab Cup,Doha,Qatar,TRUE
09/12/25,Algeria,Iraq,2,0,Arab Cup,Al Rayyan,Qatar,TRUE
09/12/25,Bahrain,Sudan,3,1,Arab Cup,Al Rayyan,Qatar,TRUE
11/12/25,Morocco,Syria,1,0,Arab Cup,Al Rayyan,Qatar,TRUE
11/12/25,Palestine,Saudi Arabia,1,2,Arab Cup,Lusail,Qatar,TRUE
12/12/25,Jordan,Iraq,1,0,Arab Cup,Al Rayyan,Qatar,TRUE
12/12/25,Algeria,United Arab Emirates,1,1,Arab Cup,Al Khor,Qatar,TRUE
15/12/25,Morocco,United Arab Emirates,3,0,Arab Cup,Al Rayyan,Qatar,TRUE
15/12/25,Saudi Arabia,Jordan,0,1,Arab Cup,Al Khor,Qatar,TRUE
18/12/25,Jordan,Morocco,2,3,Arab Cup,Lusail,Qatar,TRUE
21/12/25,Morocco,Comoros,2,0,African Cup of Nations,Rabat,Morocco,FALSE
22/12/25,Mali,Zambia,1,1,African Cup of Nations,Casablanca,Morocco,TRUE
22/12/25,South Africa,Angola,2,1,African Cup of Nations,Marrakesh,Morocco,TRUE
22/12/25,Egypt,Zimbabwe,2,1,African Cup of Nations,Agadir,Morocco,TRUE
23/12/25,Nigeria,Tanzania,2,1,African Cup of Nations,Fez,Morocco,TRUE
23/12/25,Tunisia,Uganda,3,1,African Cup of Nations,Rabat,Morocco,TRUE
23/12/25,DR Congo,Benin,1,0,African Cup of Nations,Rabat,Morocco,TRUE
23/12/25,Senegal,Botswana,3,0,African Cup of Nations,Tangier,Morocco,TRUE
24/12/25,Burkina Faso,Equatorial Guinea,2,1,African Cup of Nations,Casablanca,Morocco,TRUE
24/12/25,Algeria,Sudan,3,0,African Cup of Nations,Rabat,Morocco,TRUE
24/12/25,Ivory Coast,Mozambique,1,0,African Cup of Nations,Marrakesh,Morocco,TRUE
24/12/25,Cameroon,Gabon,1,0,African Cup of Nations,Agadir,Morocco,TRUE
26/12/25,Zambia,Comoros,0,0,African Cup of Nations,Casablanca,Morocco,TRUE
26/12/25,Morocco,Mali,1,1,African Cup of Nations,Rabat,Morocco,FALSE
26/12/25,Angola,Zimbabwe,1,1,African Cup of Nations,Marrakesh,Morocco,TRUE
26/12/25,Egypt,South Africa,1,0,African Cup of Nations,Agadir,Morocco,TRUE
27/12/25,Uganda,Tanzania,1,1,African Cup of Nations,Rabat,Morocco,TRUE
27/12/25,Nigeria,Tunisia,3,2,African Cup of Nations,Fez,Morocco,TRUE
27/12/25,Benin,Botswana,1,0,African Cup of Nations,Rabat,Morocco,TRUE
27/12/25,Senegal,DR Congo,1,1,African Cup of Nations,Tangier,Morocco,TRUE
28/12/25,Equatorial Guinea,Sudan,0,1,African Cup of Nations,Casablanca,Morocco,TRUE
28/12/25,Algeria,Burkina Faso,1,0,African Cup of Nations,Rabat,Morocco,TRUE
28/12/25,Gabon,Mozambique,2,3,African Cup of Nations,Agadir,Morocco,TRUE
28/12/25,Ivory Coast,Cameroon,1,1,African Cup of Nations,Marrakesh,Morocco,TRUE
29/12/25,Morocco,Zambia,3,0,African Cup of Nations,Rabat,Morocco,FALSE
29/12/25,Comoros,Mali,0,0,African Cup of Nations,Casablanca,Morocco,TRUE
29/12/25,Angola,Egypt,0,0,African Cup of Nations,Agadir,Morocco,TRUE
29/12/25,Zimbabwe,South Africa,2,3,African Cup of Nations,Marrakesh,Morocco,TRUE
30/12/25,Uganda,Nigeria,1,3,African Cup of Nations,Fez,Morocco,TRUE
30/12/25,Tanzania,Tunisia,1,1,African Cup of Nations,Rabat,Morocco,TRUE
30/12/25,Benin,Senegal,0,3,African Cup of Nations,Tangier,Morocco,TRUE
30/12/25,Botswana,DR Congo,0,3,African Cup of Nations,Rabat,Morocco,TRUE
31/12/25,Equatorial Guinea,Algeria,1,3,African Cup of Nations,Rabat,Morocco,TRUE
31/12/25,Sudan,Burkina Faso,0,2,African Cup of Nations,Casablanca,Morocco,TRUE
31/12/25,Gabon,Ivory Coast,2,3,African Cup of Nations,Marrakesh,Morocco,TRUE
31/12/25,Mozambique,Cameroon,1,2,African Cup of Nations,Agadir,Morocco,TRUE
03/01/26,Senegal,Sudan,3,1,African Cup of Nations,Tangier,Morocco,TRUE
03/01/26,Mali,Tunisia,1,1,African Cup of Nations,Casablanca,Morocco,TRUE
04/01/26,Morocco,Tanzania,1,0,African Cup of Nations,Rabat,Morocco,FALSE
04/01/26,South Africa,Cameroon,1,2,African Cup of Nations,Rabat,Morocco,TRUE
05/01/26,Egypt,Benin,3,1,African Cup of Nations,Agadir,Morocco,TRUE
05/01/26,Nigeria,Mozambique,4,0,African Cup of Nations,Fez,Morocco,TRUE
06/01/26,Algeria,DR Congo,1,0,African Cup of Nations,Rabat,Morocco,TRUE
06/01/26,Ivory Coast,Burkina Faso,3,0,African Cup of Nations,Marrakesh,Morocco,TRUE
09/01/26,Mali,Senegal,0,1,African Cup of Nations,Tangier,Morocco,TRUE
09/01/26,Morocco,Cameroon,2,0,African Cup of Nations,Rabat,Morocco,FALSE
10/01/26,Algeria,Nigeria,0,2,African Cup of Nations,Marrakesh,Morocco,TRUE
10/01/26,Egypt,Ivory Coast,3,2,African Cup of Nations,Agadir,Morocco,TRUE
14/01/26,Senegal,Egypt,1,0,African Cup of Nations,Tangier,Morocco,TRUE
14/01/26,Morocco,Nigeria,0,0,African Cup of Nations,Rabat,Morocco,FALSE
17/01/26,Egypt,Nigeria,0,0,African Cup of Nations,Casablanca,Morocco,TRUE
18/01/26,Morocco,Senegal,3,0,African Cup of Nations,Rabat,Morocco,FALSE
18/01/26,Bolivia,Panama,1,1,Friendly,Tarija,Bolivia,FALSE
18/01/26,Grenada,Jamaica,0,1,Friendly,St. George's,Grenada,FALSE
22/01/26,Panama,Mexico,0,1,Friendly,Panama City,Panama,FALSE
25/01/26,Bolivia,Mexico,0,1,Friendly,Santa Cruz,Bolivia,FALSE
26/01/26,Uzbekistan,China PR,2,2,Friendly,Dubai,United Arab Emirates,TRUE
25/02/26,Mexico,Iceland,4,0,Friendly,Quer√©taro,Mexico,FALSE
15/03/26,Bolivia,Trinidad and Tobago,3,0,Friendly,Santa Cruz,Bolivia,FALSE
25/03/26,Bermuda,DR Congo,0,2,Friendly,Zapopan,Mexico,TRUE
25/03/26,Equatorial Guinea,Kyrgyzstan,1,0,Friendly,Antalya,Turkey,TRUE
25/03/26,Kazakhstan,Namibia,2,0,FIFA Series,Astana,Kazakhstan,FALSE
25/03/26,United States Virgin Islands,American Samoa,5,2,FIFA Series,Bayam√≥n,Puerto Rico,TRUE
25/03/26,Puerto Rico,Guam,4,0,FIFA Series,Bayam√≥n,Puerto Rico,FALSE
26/03/26,Brazil,France,1,2,Friendly,Foxborough,United States,TRUE
26/03/26,Colombia,Croatia,1,2,Friendly,Orlando,United States,TRUE
26/03/26,Cyprus,Belarus,0,1,Friendly,Nicosia,Cyprus,FALSE
26/03/26,Georgia,Israel,2,2,Friendly,Tbilisi,Georgia,FALSE
26/03/26,Moldova,Lithuania,0,2,Friendly,Chi»ôinƒÉu,Moldova,FALSE
26/03/26,Vietnam,Bangladesh,3,0,Friendly,Hanoi,Vietnam,FALSE
26/03/26,New Caledonia,Jamaica,0,1,FIFA World Cup qualification,Zapopan,Mexico,TRUE
26/03/26,Bolivia,Suriname,2,1,FIFA World Cup qualification,Guadalupe,Mexico,TRUE
26/03/26,Italy,Northern Ireland,2,0,FIFA World Cup qualification,Bergamo,Italy,FALSE
26/03/26,Wales,Bosnia and Herzegovina,1,1,FIFA World Cup qualification,Cardiff,Wales,FALSE
26/03/26,Poland,Albania,2,1,FIFA World Cup qualification,Warsaw,Poland,FALSE
26/03/26,Ukraine,Sweden,1,3,FIFA World Cup qualification,Valencia,Spain,TRUE
26/03/26,Slovakia,Kosovo,3,4,FIFA World Cup qualification,Bratislava,Slovakia,FALSE
26/03/26,Turkey,Romania,1,0,FIFA World Cup qualification,Istanbul,Turkey,FALSE
26/03/26,Czech Republic,Republic of Ireland,2,2,FIFA World Cup qualification,Prague,Czech Republic,FALSE
26/03/26,Denmark,North Macedonia,4,0,FIFA World Cup qualification,Copenhagen,Denmark,FALSE
26/03/26,Aruba,Macau,4,1,FIFA Series,Kigali,Rwanda,TRUE
26/03/26,Tanzania,Liechtenstein,0,1,FIFA Series,Kigali,Rwanda,TRUE
26/03/26,Martinique,Cuba,2,2,CONCACAF Series,Santiago de los Caballeros,Dominican Republic,TRUE
26/03/26,Dominican Republic,El Salvador,2,2,CONCACAF Series,Santiago de los Caballeros,Dominican Republic,FALSE
26/03/26,Saint Martin,Barbados,3,1,CONCACAF Series,Rincon,Bonaire,TRUE
26/03/26,Bonaire,Saint Vincent and the Grenadines,3,1,CONCACAF Series,Rincon,Bonaire,FALSE
26/03/26,Bahamas,Anguilla,1,3,CONCACAF Series,George Town,Cayman Islands,TRUE
26/03/26,Cayman Islands,British Virgin Islands,1,1,CONCACAF Series,George Town,Cayman Islands,FALSE
27/03/26,Algeria,Guatemala,7,0,Friendly,Genoa,Switzerland,TRUE
27/03/26,Argentina,Mauritania,2,1,Friendly,Buenos Aires,Argentina,FALSE
27/03/26,Austria,Ghana,5,1,Friendly,Vienna,Austria,FALSE
27/03/26,England,Uruguay,1,1,Friendly,London,England,FALSE
27/03/26,Greece,Paraguay,0,1,Friendly,Athens,Greece,FALSE
27/03/26,Guinea,Togo,2,2,"Morocco, Capital of African Football",Rabat,Morocco,TRUE
27/03/26,Liberia,Benin,0,1,"Morocco, Capital of African Football",Casablanca,Morocco,TRUE
27/03/26,Libya,Niger,0,0,"Morocco, Capital of African Football",Casablanca,Morocco,TRUE
27/03/26,Montenegro,Andorra,2,0,Friendly,Podgorica,Montenegro,FALSE
27/03/26,Morocco,Ecuador,1,1,Friendly,Madrid,Spain,TRUE
27/03/26,Netherlands,Norway,2,1,Friendly,Amsterdam,Netherlands,FALSE
27/03/26,Saudi Arabia,Egypt,0,4,Friendly,Jeddah,Saudi Arabia,FALSE
27/03/26,South Africa,Panama,1,1,Friendly,Durban,South Africa,FALSE
27/03/26,Spain,Serbia,3,0,Friendly,Villarreal,Spain,FALSE
27/03/26,Russia,Nicaragua,3,1,Friendly,Krasnodar,Russia,FALSE
27/03/26,Switzerland,Germany,3,4,Friendly,Basel,Switzerland,FALSE
27/03/26,Costa Rica,Jordan,2,2,Friendly,Antalya,Turkey,TRUE
27/03/26,Iran,Nigeria,1,2,Friendly,Antalya,Turkey,TRUE
27/03/26,China PR,Cura√ßao,2,0,FIFA Series,Sydney,Australia,TRUE
27/03/26,Australia,Cameroon,1,0,FIFA Series,Sydney,Australia,FALSE
27/03/26,Azerbaijan,Saint Lucia,6,1,FIFA Series,Sumgait,Azerbaijan,FALSE
27/03/26,Solomon Islands,Bulgaria,2,10,FIFA Series,Jakarta,Indonesia,TRUE
27/03/26,Indonesia,Saint Kitts and Nevis,4,0,FIFA Series,Jakarta,Indonesia,FALSE
27/03/26,Chile,Cape Verde,4,2,FIFA Series,Auckland,New Zealand,TRUE
27/03/26,New Zealand,Finland,0,2,FIFA Series,Auckland,New Zealand,FALSE
27/03/26,Kenya,Estonia,1,1,FIFA Series,Kigali,Rwanda,TRUE
27/03/26,Rwanda,Grenada,4,0,FIFA Series,Kigali,Rwanda,FALSE
27/03/26,Venezuela,Trinidad and Tobago,4,1,FIFA Series,Tashkent,Uzbekistan,TRUE
27/03/26,Uzbekistan,Gabon,3,1,FIFA Series,Tashkent,Uzbekistan,FALSE
27/03/26,Guyana,Dominica,2,0,CONCACAF Series,Santiago de los Caballeros,Dominican Republic,TRUE
27/03/26,Belize,Sint Maarten,2,3,CONCACAF Series,Santiago de los Caballeros,Dominican Republic,TRUE
28/03/26,Burkina Faso,Guinea-Bissau,5,0,Friendly,Ouagadougou,Burkina Faso,FALSE
28/03/26,Canada,Iceland,2,2,Friendly,Toronto,Canada,FALSE
28/03/26,Haiti,Tunisia,0,1,Friendly,Toronto,Canada,TRUE
28/03/26,Hungary,Slovenia,1,0,Friendly,Budapest,Hungary,FALSE
28/03/26,Ivory Coast,South Korea,4,0,Friendly,Milton Keynes,England,TRUE
28/03/26,Mexico,Portugal,0,0,Friendly,Mexico City,Mexico,FALSE
28/03/26,San Marino,Faroe Islands,1,2,Friendly,Serravalle,San Marino,FALSE
28/03/26,Scotland,Japan,0,1,Friendly,Glasgow,Scotland,FALSE
28/03/26,Senegal,Peru,2,0,Friendly,Paris,France,TRUE
28/03/26,United States,Belgium,2,5,Friendly,Atlanta,United States,FALSE
28/03/26,Kyrgyzstan,Madagascar,2,5,Friendly,Antalya,Turkey,TRUE
28/03/26,Botswana,Zimbabwe,0,3,Mukuru 4 Nations,Francistown,Botswana,FALSE
28/03/26,Namibia,Comoros,0,0,FIFA Series,Astana,Kazakhstan,TRUE
28/03/26,American Samoa,Guam,0,6,FIFA Series,Bayam√≥n,Puerto Rico,TRUE
28/03/26,Puerto Rico,United States Virgin Islands,2,0,FIFA Series,Bayam√≥n,Puerto Rico,FALSE
29/03/26,Armenia,Belarus,1,2,Friendly,Yerevan,Armenia,FALSE
29/03/26,Colombia,France,1,3,Friendly,Landover,United States,TRUE
29/03/26,Lithuania,Georgia,0,2,Friendly,Kaunas,Lithuania,FALSE
29/03/26,Macau,Tanzania,0,6,FIFA Series,Kigali,Rwanda,TRUE
29/03/26,Aruba,Liechtenstein,4,1,FIFA Series,Kigali,Rwanda,TRUE
29/03/26,Martinique,El Salvador,0,1,CONCACAF Series,Santiago de los Caballeros,Dominican Republic,TRUE
29/03/26,Dominican Republic,Cuba,1,1,CONCACAF Series,Santiago de los Caballeros,Dominican Republic,FALSE
29/03/26,Barbados,Saint Vincent and the Grenadines,2,3,CONCACAF Series,Rincon,Bonaire,TRUE
29/03/26,Bonaire,Saint Martin,0,3,CONCACAF Series,Rincon,Bonaire,FALSE
29/03/26,British Virgin Islands,Anguilla,4,0,CONCACAF Series,George Town,Cayman Islands,TRUE
29/03/26,Cayman Islands,Bahamas,1,0,CONCACAF Series,George Town,Cayman Islands,FALSE
30/03/26,Cyprus,Moldova,3,2,Friendly,Nicosia,Cyprus,FALSE
30/03/26,Germany,Ghana,2,1,Friendly,Stuttgart,Germany,FALSE
30/03/26,Azerbaijan,Sierra Leone,1,1,FIFA Series,Sumgait,Azerbaijan,FALSE
30/03/26,Saint Kitts and Nevis,Solomon Islands,4,2,FIFA Series,Jakarta,Indonesia,TRUE
30/03/26,Indonesia,Bulgaria,0,1,FIFA Series,Jakarta,Indonesia,FALSE
30/03/26,Cape Verde,Finland,1,1,FIFA Series,Auckland,New Zealand,TRUE
30/03/26,New Zealand,Chile,4,1,FIFA Series,Auckland,New Zealand,FALSE
30/03/26,Grenada,Kenya,0,3,FIFA Series,Kigali,Rwanda,TRUE
30/03/26,Rwanda,Estonia,2,0,FIFA Series,Kigali,Rwanda,FALSE
30/03/26,Gabon,Trinidad and Tobago,2,2,FIFA Series,Tashkent,Uzbekistan,TRUE
30/03/26,Uzbekistan,Venezuela,0,0,FIFA Series,Tashkent,Uzbekistan,FALSE
30/03/26,Guyana,Belize,3,1,CONCACAF Series,Santiago de los Caballeros,Dominican Republic,TRUE
30/03/26,Dominica,Sint Maarten,0,0,CONCACAF Series,Santiago de los Caballeros,Dominican Republic,TRUE
31/03/26,Algeria,Uruguay,0,0,Friendly,Turin,Italy,TRUE
31/03/26,Argentina,Zambia,5,0,Friendly,Buenos Aires,Argentina,FALSE
31/03/26,Austria,South Korea,1,0,Friendly,Vienna,Austria,FALSE
31/03/26,Benin,Guinea,1,0,"Morocco, Capital of African Football",Casablanca,Morocco,TRUE
31/03/26,Brazil,Croatia,3,1,Friendly,Orlando,United States,TRUE
31/03/26,Burkina Faso,Guinea-Bissau,1,1,Friendly,Ouagadougou,Burkina Faso,FALSE
31/03/26,Canada,Tunisia,0,0,Friendly,Toronto,Canada,FALSE
31/03/26,Costa Rica,Iran,0,5,Friendly,Antalya,Turkey,TRUE
31/03/26,England,Japan,0,1,Friendly,London,England,FALSE
31/03/26,Equatorial Guinea,Madagascar,1,1,Friendly,Manavgat,Turkey,TRUE
31/03/26,Haiti,Iceland,1,1,Friendly,Toronto,Canada,TRUE
31/03/26,Hungary,Greece,0,0,Friendly,Budapest,Hungary,FALSE
31/03/26,Ivory Coast,Scotland,1,0,Friendly,Liverpool,England,TRUE
31/03/26,Jordan,Nigeria,2,2,Friendly,Antalya,Turkey,TRUE
31/03/26,Liberia,Libya,2,2,"Morocco, Capital of African Football",Casablanca,Morocco,TRUE
31/03/26,Botswana,Malawi,1,0,Mukuru 4 Nations,Francistown,Botswana,FALSE
31/03/26,Mexico,Belgium,1,1,Friendly,Chicago,United States,TRUE
31/03/26,Montenegro,Slovenia,2,3,Friendly,Podgorica,Montenegro,FALSE
31/03/26,Morocco,Paraguay,2,1,Friendly,Lens,France,TRUE
31/03/26,Netherlands,Ecuador,1,1,Friendly,Eindhoven,Netherlands,FALSE
31/03/26,Niger,Togo,0,1,"Morocco, Capital of African Football",Casablanca,Morocco,TRUE
31/03/26,Norway,Switzerland,0,0,Friendly,Oslo,Norway,FALSE
31/03/26,Peru,Honduras,2,2,Friendly,Madrid,Spain,TRUE
31/03/26,Russia,Mali,0,0,Friendly,Saint Petersburg,Russia,FALSE
31/03/26,Republic of Ireland,North Macedonia,0,0,Friendly,Dublin,Republic of Ireland,FALSE
31/03/26,San Marino,Andorra,0,0,Friendly,Serravalle,San Marino,FALSE
31/03/26,Senegal,Gambia,3,1,Friendly,Diamniadio,Senegal,FALSE
31/03/26,Serbia,Saudi Arabia,2,1,Friendly,Backa Topola,Serbia,FALSE
31/03/26,Slovakia,Romania,2,0,Friendly,Bratislava,Slovakia,FALSE
31/03/26,South Africa,Panama,1,2,Friendly,Cape Town,South Africa,FALSE
31/03/26,Spain,Egypt,0,0,Friendly,Barcelona,Spain,FALSE
31/03/26,Ukraine,Albania,1,0,Friendly,Valencia,Spain,TRUE
31/03/26,United States,Portugal,0,2,Friendly,Atlanta,United States,FALSE
31/03/26,Wales,Northern Ireland,1,1,Friendly,Cardiff,Wales,FALSE
31/03/26,DR Congo,Jamaica,1,0,FIFA World Cup qualification,Zapopan,Mexico,TRUE
31/03/26,Iraq,Bolivia,2,1,FIFA World Cup qualification,Guadalupe,Mexico,TRUE
31/03/26,Bosnia and Herzegovina,Italy,1,1,FIFA World Cup qualification,Zenica,Bosnia and Herzegovina,FALSE
31/03/26,Sweden,Poland,3,2,FIFA World Cup qualification,Solna,Sweden,FALSE
31/03/26,Kosovo,Turkey,0,1,FIFA World Cup qualification,Pristina,Kosovo,FALSE
31/03/26,Czech Republic,Denmark,2,2,FIFA World Cup qualification,Prague,Czech Republic,FALSE
31/03/26,Cameroon,China PR,2,0,FIFA Series,Melbourne,Australia,TRUE
31/03/26,Australia,Cura√ßao,5,1,FIFA Series,Melbourne,Australia,FALSE
31/03/26,Kazakhstan,Comoros,1,0,FIFA Series,Astana,Kazakhstan,FALSE
11/06/26,Mexico,South Africa,NA,NA,FIFA World Cup,Mexico City,Mexico,FALSE
11/06/26,South Korea,Czech Republic,NA,NA,FIFA World Cup,Zapopan,Mexico,TRUE
12/06/26,Canada,Bosnia and Herzegovina,NA,NA,FIFA World Cup,Toronto,Canada,FALSE
12/06/26,United States,Paraguay,NA,NA,FIFA World Cup,Inglewood,United States,FALSE
13/06/26,Qatar,Switzerland,NA,NA,FIFA World Cup,Santa Clara,United States,TRUE
13/06/26,Brazil,Morocco,NA,NA,FIFA World Cup,East Rutherford,United States,TRUE
13/06/26,Haiti,Scotland,NA,NA,FIFA World Cup,Foxborough,United States,TRUE
13/06/26,Australia,Turkey,NA,NA,FIFA World Cup,Vancouver,Canada,TRUE
14/06/26,Germany,Cura√ßao,NA,NA,FIFA World Cup,Houston,United States,TRUE
14/06/26,Ivory Coast,Ecuador,NA,NA,FIFA World Cup,Philadelphia,United States,TRUE
14/06/26,Netherlands,Japan,NA,NA,FIFA World Cup,Arlington,United States,TRUE
14/06/26,Sweden,Tunisia,NA,NA,FIFA World Cup,Guadalupe,Mexico,TRUE
15/06/26,Belgium,Egypt,NA,NA,FIFA World Cup,Seattle,United States,TRUE
15/06/26,Iran,New Zealand,NA,NA,FIFA World Cup,Inglewood,United States,TRUE
15/06/26,Spain,Cape Verde,NA,NA,FIFA World Cup,Atlanta,United States,TRUE
15/06/26,Saudi Arabia,Uruguay,NA,NA,FIFA World Cup,Miami Gardens,United States,TRUE
16/06/26,France,Senegal,NA,NA,FIFA World Cup,East Rutherford,United States,TRUE
16/06/26,Iraq,Norway,NA,NA,FIFA World Cup,Foxborough,United States,TRUE
16/06/26,Argentina,Algeria,NA,NA,FIFA World Cup,Kansas City,United States,TRUE
16/06/26,Austria,Jordan,NA,NA,FIFA World Cup,Santa Clara,United States,TRUE
17/06/26,Portugal,DR Congo,NA,NA,FIFA World Cup,Houston,United States,TRUE
17/06/26,Uzbekistan,Colombia,NA,NA,FIFA World Cup,Mexico City,Mexico,TRUE
17/06/26,England,Croatia,NA,NA,FIFA World Cup,Arlington,United States,TRUE
17/06/26,Ghana,Panama,NA,NA,FIFA World Cup,Toronto,Canada,TRUE
18/06/26,Czech Republic,South Africa,NA,NA,FIFA World Cup,Atlanta,United States,TRUE
18/06/26,Mexico,South Korea,NA,NA,FIFA World Cup,Zapopan,Mexico,FALSE
18/06/26,Switzerland,Bosnia and Herzegovina,NA,NA,FIFA World Cup,Inglewood,United States,TRUE
18/06/26,Canada,Qatar,NA,NA,FIFA World Cup,Vancouver,Canada,FALSE
19/06/26,Scotland,Morocco,NA,NA,FIFA World Cup,Foxborough,United States,TRUE
19/06/26,Brazil,Haiti,NA,NA,FIFA World Cup,Philadelphia,United States,TRUE
19/06/26,United States,Australia,NA,NA,FIFA World Cup,Seattle,United States,FALSE
19/06/26,Turkey,Paraguay,NA,NA,FIFA World Cup,Santa Clara,United States,TRUE
20/06/26,Germany,Ivory Coast,NA,NA,FIFA World Cup,Toronto,Canada,TRUE
20/06/26,Ecuador,Cura√ßao,NA,NA,FIFA World Cup,Kansas City,United States,TRUE
20/06/26,Netherlands,Sweden,NA,NA,FIFA World Cup,Houston,United States,TRUE
20/06/26,Tunisia,Japan,NA,NA,FIFA World Cup,Guadalupe,Mexico,TRUE
21/06/26,Belgium,Iran,NA,NA,FIFA World Cup,Inglewood,United States,TRUE
21/06/26,New Zealand,Egypt,NA,NA,FIFA World Cup,Vancouver,Canada,TRUE
21/06/26,Spain,Saudi Arabia,NA,NA,FIFA World Cup,Atlanta,United States,TRUE
21/06/26,Uruguay,Cape Verde,NA,NA,FIFA World Cup,Miami Gardens,United States,TRUE
22/06/26,France,Iraq,NA,NA,FIFA World Cup,Philadelphia,United States,TRUE
22/06/26,Norway,Senegal,NA,NA,FIFA World Cup,East Rutherford,United States,TRUE
22/06/26,Argentina,Austria,NA,NA,FIFA World Cup,Arlington,United States,TRUE
22/06/26,Jordan,Algeria,NA,NA,FIFA World Cup,Santa Clara,United States,TRUE
23/06/26,Portugal,Uzbekistan,NA,NA,FIFA World Cup,Houston,United States,TRUE
23/06/26,Colombia,DR Congo,NA,NA,FIFA World Cup,Zapopan,Mexico,TRUE
23/06/26,England,Ghana,NA,NA,FIFA World Cup,Foxborough,United States,TRUE
23/06/26,Panama,Croatia,NA,NA,FIFA World Cup,Toronto,Canada,TRUE
24/06/26,Mexico,Czech Republic,NA,NA,FIFA World Cup,Mexico City,Mexico,FALSE
24/06/26,South Africa,South Korea,NA,NA,FIFA World Cup,Guadalupe,Mexico,TRUE
24/06/26,Canada,Switzerland,NA,NA,FIFA World Cup,Vancouver,Canada,FALSE
24/06/26,Bosnia and Herzegovina,Qatar,NA,NA,FIFA World Cup,Seattle,United States,TRUE
24/06/26,Scotland,Brazil,NA,NA,FIFA World Cup,Miami Gardens,United States,TRUE
24/06/26,Morocco,Haiti,NA,NA,FIFA World Cup,Atlanta,United States,TRUE
25/06/26,United States,Turkey,NA,NA,FIFA World Cup,Inglewood,United States,FALSE
25/06/26,Paraguay,Australia,NA,NA,FIFA World Cup,Santa Clara,United States,TRUE
25/06/26,Cura√ßao,Ivory Coast,NA,NA,FIFA World Cup,Philadelphia,United States,TRUE
25/06/26,Ecuador,Germany,NA,NA,FIFA World Cup,East Rutherford,United States,TRUE
25/06/26,Japan,Sweden,NA,NA,FIFA World Cup,Arlington,United States,TRUE
25/06/26,Tunisia,Netherlands,NA,NA,FIFA World Cup,Kansas City,United States,TRUE
26/06/26,Egypt,Iran,NA,NA,FIFA World Cup,Seattle,United States,TRUE
26/06/26,New Zealand,Belgium,NA,NA,FIFA World Cup,Vancouver,Canada,TRUE
26/06/26,Cape Verde,Saudi Arabia,NA,NA,FIFA World Cup,Houston,United States,TRUE
26/06/26,Uruguay,Spain,NA,NA,FIFA World Cup,Zapopan,Mexico,TRUE
26/06/26,Norway,France,NA,NA,FIFA World Cup,Foxborough,United States,TRUE
26/06/26,Senegal,Iraq,NA,NA,FIFA World Cup,Toronto,Canada,TRUE
27/06/26,Algeria,Austria,NA,NA,FIFA World Cup,Kansas City,United States,TRUE
27/06/26,Jordan,Argentina,NA,NA,FIFA World Cup,Arlington,United States,TRUE
27/06/26,Colombia,Portugal,NA,NA,FIFA World Cup,Miami Gardens,United States,TRUE
27/06/26,DR Congo,Uzbekistan,NA,NA,FIFA World Cup,Atlanta,United States,TRUE
27/06/26,Panama,England,NA,NA,FIFA World Cup,East Rutherford,United States,TRUE
27/06/26,Croatia,Ghana,NA,NA,FIFA World Cup,Philadelphia,United States,TRUE